{
  "type": "FeatureCollection",
  "metadata": {
    "meaning": "Historical area colours displayed on complete modern building objects; not evidence that those buildings were bombed",
    "sourceImageSha256": "b88fd0e140982425671b24ffaae38daa0949eafcea249b455786c22b24f26b18",
    "fingerprints": {
      "modern": "25d919be9534c383f133eaa17f9c20d78bad7aada50e783ae2550279304f8e45",
      "boundaries": "9942f68293315590d6ed229afbb159c0274f0bdec8a66b95d8cd753049437698",
      "traces": "3fe36ebda67bc558659387b518f5026275f90a8c72543330145bf570f38f0d72",
      "localStudy": "100df775ea19f19759cbee40023944bbf299231d4caaaefd2b074951dd7cb6a1"
    },
    "rules": {
      "minimumCoverage": 0.4,
      "mixedShare": 0.2
    },
    "counts": {
      "single": 2,
      "mixed": 3,
      "unresolved": 37
    },
    "reviewed": 0,
    "colourRegions": {
      "type": "FeatureCollection",
      "features": [
        {
          "type": "Feature",
          "id": "region-5",
          "properties": {
            "category": "blast"
          },
          "geometry": {
            "type": "MultiPolygon",
            "coordinates": [
              [
                [
                  [
                    -0.14237746570833332,
                    51.48934453742894
                  ],
                  [
                    -0.14227572764514348,
                    51.48934383043266
                  ],
                  [
                    -0.14227595473737803,
                    51.48933116096686
                  ],
                  [
                    -0.14225560712474006,
                    51.48933101956761
                  ],
                  [
                    -0.1422553800325055,
                    51.4893436890334
                  ],
                  [
                    -0.14223503241986754,
                    51.48934354763414
                  ],
                  [
                    -0.14223525951210209,
                    51.48933087816835
                  ],
                  [
                    -0.1422149118994641,
                    51.48933073676909
                  ],
                  [
                    -0.14221536608393323,
                    51.489305397837505
                  ],
                  [
                    -0.14219501847129526,
                    51.48930525643825
                  ],
                  [
                    -0.14219456428682617,
                    51.489330595369836
                  ],
                  [
                    -0.1421742166741882,
                    51.48933045397058
                  ],
                  [
                    -0.14217398958195365,
                    51.48934312343638
                  ],
                  [
                    -0.14215364196931568,
                    51.489342982037115
                  ],
                  [
                    -0.14215386906155023,
                    51.489330312571326
                  ],
                  [
                    -0.14213352144891225,
                    51.48933017117207
                  ],
                  [
                    -0.1421332943566777,
                    51.48934284063786
                  ],
                  [
                    -0.1420722515187638,
                    51.489342416440095
                  ],
                  [
                    -0.1420727057032329,
                    51.4893170775085
                  ],
                  [
                    -0.14203201047795697,
                    51.48931679470999
                  ],
                  [
                    -0.14203155629348788,
                    51.48934213364158
                  ],
                  [
                    -0.14192981823029804,
                    51.4893414266453
                  ],
                  [
                    -0.1419300453225326,
                    51.48932875717951
                  ],
                  [
                    -0.14190969770989462,
                    51.489328615780245
                  ],
                  [
                    -0.14190947061766007,
                    51.48934128524604
                  ],
                  [
                    -0.1418891230050221,
                    51.48934114384679
                  ],
                  [
                    -0.14188935009725664,
                    51.48932847438099
                  ],
                  [
                    -0.14186900248461867,
                    51.489328332981735
                  ],
                  [
                    -0.14186877539238413,
                    51.489341002447524
                  ],
                  [
                    -0.14184842777974616,
                    51.48934086104827
                  ],
                  [
                    -0.14184865487198073,
                    51.48932819158248
                  ],
                  [
                    -0.14182830725934276,
                    51.489328050183225
                  ],
                  [
                    -0.1418285343515773,
                    51.48931538071743
                  ],
                  [
                    -0.14184888196421527,
                    51.489315522116684
                  ],
                  [
                    -0.14184910905644982,
                    51.489302852650894
                  ],
                  [
                    -0.14182876144381185,
                    51.48930271125163
                  ],
                  [
                    -0.1418289885360464,
                    51.48929004178584
                  ],
                  [
                    -0.14180864092340845,
                    51.48928990038659
                  ],
                  [
                    -0.14180909510787754,
                    51.489264561454995
                  ],
                  [
                    -0.14178874749523956,
                    51.48926442005574
                  ],
                  [
                    -0.14178852040300502,
                    51.489277089521536
                  ],
                  [
                    -0.14176817279036705,
                    51.48927694812228
                  ],
                  [
                    -0.1417683998826016,
                    51.489264278656485
                  ],
                  [
                    -0.14172770465732568,
                    51.489263995857975
                  ],
                  [
                    -0.14172815884179477,
                    51.48923865692639
                  ],
                  [
                    -0.14174850645443274,
                    51.489238798325644
                  ],
                  [
                    -0.14174873354666728,
                    51.48922612885985
                  ],
                  [
                    -0.14176908115930525,
                    51.4892262702591
                  ],
                  [
                    -0.1417688540670707,
                    51.4892389397249
                  ],
                  [
                    -0.14180954929234663,
                    51.48923922252341
                  ],
                  [
                    -0.14180932220011208,
                    51.489251891989205
                  ],
                  [
                    -0.14182966981275005,
                    51.48925203338846
                  ],
                  [
                    -0.1418298969049846,
                    51.48923936392267
                  ],
                  [
                    -0.14187059213026054,
                    51.48923964672118
                  ],
                  [
                    -0.141870365038026,
                    51.48925231618698
                  ],
                  [
                    -0.14189071265066397,
                    51.48925245758623
                  ],
                  [
                    -0.1418904855584294,
                    51.48926512705202
                  ],
                  [
                    -0.14191083317106737,
                    51.489265268451284
                  ],
                  [
                    -0.14191060607883282,
                    51.48927793791707
                  ],
                  [
                    -0.1419309536914708,
                    51.48927807931633
                  ],
                  [
                    -0.14193118078370534,
                    51.48926540985054
                  ],
                  [
                    -0.1419515283963433,
                    51.489265551249794
                  ],
                  [
                    -0.14195175548857786,
                    51.489252881784
                  ],
                  [
                    -0.14197210310121583,
                    51.48925302318326
                  ],
                  [
                    -0.14197255728568492,
                    51.48922768425167
                  ],
                  [
                    -0.14195220967304698,
                    51.48922754285241
                  ],
                  [
                    -0.1419519825808124,
                    51.48924021231821
                  ],
                  [
                    -0.14193163496817443,
                    51.48924007091895
                  ],
                  [
                    -0.14193208915264355,
                    51.48921473198736
                  ],
                  [
                    -0.14195243676528152,
                    51.48921487338662
                  ],
                  [
                    -0.14195266385751606,
                    51.489202203920826
                  ],
                  [
                    -0.1419323162448781,
                    51.48920206252157
                  ],
                  [
                    -0.14193254333711264,
                    51.489189393055774
                  ],
                  [
                    -0.1419121957244747,
                    51.48918925165652
                  ],
                  [
                    -0.14191242281670924,
                    51.48917658219073
                  ],
                  [
                    -0.1419327704293472,
                    51.489176723589985
                  ],
                  [
                    -0.14193299752158176,
                    51.48916405412419
                  ],
                  [
                    -0.14195334513421973,
                    51.48916419552344
                  ],
                  [
                    -0.14195311804198515,
                    51.48917686498924
                  ],
                  [
                    -0.14197346565462313,
                    51.489177006388495
                  ],
                  [
                    -0.14197391983909224,
                    51.48915166745691
                  ],
                  [
                    -0.14195357222645427,
                    51.489151526057654
                  ],
                  [
                    -0.14195402641092336,
                    51.48912618712607
                  ],
                  [
                    -0.14193367879828542,
                    51.48912604572681
                  ],
                  [
                    -0.14193345170605084,
                    51.4891387151926
                  ],
                  [
                    -0.1419131040934129,
                    51.48913857379335
                  ],
                  [
                    -0.141913558277882,
                    51.48911323486176
                  ],
                  [
                    -0.14193390589051996,
                    51.48911337626102
                  ],
                  [
                    -0.1419341329827545,
                    51.48910070679522
                  ],
                  [
                    -0.14191378537011654,
                    51.489100565395965
                  ],
                  [
                    -0.14191423955458565,
                    51.48907522646438
                  ],
                  [
                    -0.14195493477986157,
                    51.489075509262896
                  ],
                  [
                    -0.14195516187209614,
                    51.4890628397971
                  ],
                  [
                    -0.14199585709737206,
                    51.48906312259561
                  ],
                  [
                    -0.1419960841896066,
                    51.48905045312982
                  ],
                  [
                    -0.14205712702752052,
                    51.489050877327585
                  ],
                  [
                    -0.1420575812119896,
                    51.489025538396
                  ],
                  [
                    -0.14203723359935166,
                    51.489025396996745
                  ],
                  [
                    -0.1420374606915862,
                    51.489012727530955
                  ],
                  [
                    -0.1419764178536723,
                    51.48901230333318
                  ],
                  [
                    -0.14197664494590687,
                    51.48899963386739
                  ],
                  [
                    -0.14193594972063092,
                    51.48899935106888
                  ],
                  [
                    -0.1419364039051,
                    51.48897401213729
                  ],
                  [
                    -0.14187536106718612,
                    51.48897358793952
                  ],
                  [
                    -0.14187513397495158,
                    51.488986257405315
                  ],
                  [
                    -0.14183443874967563,
                    51.4889859746068
                  ],
                  [
                    -0.14183466584191018,
                    51.48897330514101
                  ],
                  [
                    -0.1418143182292722,
                    51.488973163741754
                  ],
                  [
                    -0.14181454532150678,
                    51.48896049427596
                  ],
                  [
                    -0.1418552405467827,
                    51.48896077707447
                  ],
                  [
                    -0.14185546763901727,
                    51.48894810760868
                  ],
                  [
                    -0.1418758152516552,
                    51.48894824900793
                  ],
                  [
                    -0.14187672362059342,
                    51.48889757114476
                  ],
                  [
                    -0.1418970712332314,
                    51.488897712544016
                  ],
                  [
                    -0.14189638995652773,
                    51.4889357209414
                  ],
                  [
                    -0.1419167375691657,
                    51.488935862340654
                  ],
                  [
                    -0.14191651047693116,
                    51.48894853180644
                  ],
                  [
                    -0.14189616286429318,
                    51.48894839040719
                  ],
                  [
                    -0.14189593577205864,
                    51.488961059872985
                  ],
                  [
                    -0.14193663099733458,
                    51.488961342671494
                  ],
                  [
                    -0.14193685808956913,
                    51.488948673205705
                  ],
                  [
                    -0.1419572057022071,
                    51.48894881460496
                  ],
                  [
                    -0.14195697860997253,
                    51.48896148407075
                  ],
                  [
                    -0.1419773262226105,
                    51.48896162547001
                  ],
                  [
                    -0.14197755331484507,
                    51.488948956004215
                  ],
                  [
                    -0.14199790092748302,
                    51.48894909740347
                  ],
                  [
                    -0.1419981280197176,
                    51.48893642793768
                  ],
                  [
                    -0.14201847563235553,
                    51.488936569336936
                  ],
                  [
                    -0.142018248540121,
                    51.48894923880273
                  ],
                  [
                    -0.14203859615275896,
                    51.48894938020199
                  ],
                  [
                    -0.14203836906052442,
                    51.48896204966778
                  ],
                  [
                    -0.14201802144788644,
                    51.48896190826852
                  ],
                  [
                    -0.1420177943556519,
                    51.48897457773432
                  ],
                  [
                    -0.14205848958092782,
                    51.48897486053283
                  ],
                  [
                    -0.14205894376539693,
                    51.48894952160124
                  ],
                  [
                    -0.1420792913780349,
                    51.4889496630005
                  ],
                  [
                    -0.14207861010133124,
                    51.48898767139788
                  ],
                  [
                    -0.14213965293924513,
                    51.488988095595644
                  ],
                  [
                    -0.1421398800314797,
                    51.488975426129855
                  ],
                  [
                    -0.14209918480620376,
                    51.48897514333134
                  ],
                  [
                    -0.14209963899067288,
                    51.48894980439975
                  ],
                  [
                    -0.14211998660331082,
                    51.488949945799014
                  ],
                  [
                    -0.1421202136955454,
                    51.48893727633322
                  ],
                  [
                    -0.14209986608290742,
                    51.48893713493396
                  ],
                  [
                    -0.1421003202673765,
                    51.48891179600238
                  ],
                  [
                    -0.14212066788001448,
                    51.48891193740163
                  ],
                  [
                    -0.14212089497224903,
                    51.488899267935835
                  ],
                  [
                    -0.14216159019752497,
                    51.48889955073435
                  ],
                  [
                    -0.14216227147422864,
                    51.48886154233697
                  ],
                  [
                    -0.14218261908686658,
                    51.488861683736225
                  ],
                  [
                    -0.14218284617910115,
                    51.488849014270436
                  ],
                  [
                    -0.14220319379173912,
                    51.48884915566969
                  ],
                  [
                    -0.14220273960727,
                    51.488874494601276
                  ],
                  [
                    -0.14218239199463203,
                    51.48887435320202
                  ],
                  [
                    -0.1421821649023975,
                    51.48888702266781
                  ],
                  [
                    -0.14220251251503546,
                    51.48888716406707
                  ],
                  [
                    -0.14220205833056634,
                    51.48891250299866
                  ],
                  [
                    -0.14222240594320432,
                    51.488912644397914
                  ],
                  [
                    -0.14222217885096977,
                    51.4889253138637
                  ],
                  [
                    -0.14224252646360774,
                    51.488925455262965
                  ],
                  [
                    -0.1422427535558423,
                    51.48891278579717
                  ],
                  [
                    -0.14228344878111823,
                    51.488913068595686
                  ],
                  [
                    -0.14228367587335278,
                    51.48890039912989
                  ],
                  [
                    -0.14224298064807683,
                    51.48890011633138
                  ],
                  [
                    -0.1422436619247805,
                    51.488862107934
                  ],
                  [
                    -0.14222331431214252,
                    51.48886196653474
                  ],
                  [
                    -0.14222354140437707,
                    51.488849297068946
                  ],
                  [
                    -0.142264236629653,
                    51.48884957986746
                  ],
                  [
                    -0.14226400953741847,
                    51.48886224933325
                  ],
                  [
                    -0.14230470476269438,
                    51.48886253213177
                  ],
                  [
                    -0.1423042505782253,
                    51.488887871063355
                  ],
                  [
                    -0.14234494580350124,
                    51.488888153861865
                  ],
                  [
                    -0.14234471871126667,
                    51.48890082332766
                  ],
                  [
                    -0.14236506632390464,
                    51.488900964726916
                  ],
                  [
                    -0.14236461213943555,
                    51.4889263036585
                  ],
                  [
                    -0.14238495975207352,
                    51.48892644505776
                  ],
                  [
                    -0.14238427847536986,
                    51.48896445345514
                  ],
                  [
                    -0.14236393086273189,
                    51.488964312055884
                  ],
                  [
                    -0.14236370377049734,
                    51.488976981521674
                  ],
                  [
                    -0.1423840513831353,
                    51.48897712292093
                  ],
                  [
                    -0.14238291592196253,
                    51.4890404702499
                  ],
                  [
                    -0.1423625683093246,
                    51.48904032885064
                  ],
                  [
                    -0.14236234121709002,
                    51.48905299831644
                  ],
                  [
                    -0.142382688829728,
                    51.48905313971569
                  ],
                  [
                    -0.14238246173749344,
                    51.48906580918148
                  ],
                  [
                    -0.14236211412485547,
                    51.48906566778223
                  ],
                  [
                    -0.1423614328481518,
                    51.48910367617961
                  ],
                  [
                    -0.14234108523551386,
                    51.489103534780355
                  ],
                  [
                    -0.1423408581432793,
                    51.489116204246145
                  ],
                  [
                    -0.14236120575591726,
                    51.4891163456454
                  ],
                  [
                    -0.14236097866368272,
                    51.489129015111196
                  ],
                  [
                    -0.14234063105104475,
                    51.48912887371194
                  ],
                  [
                    -0.1423404039588102,
                    51.48914154317773
                  ],
                  [
                    -0.14229970873353426,
                    51.48914126037922
                  ],
                  [
                    -0.1422994816412997,
                    51.48915392984501
                  ],
                  [
                    -0.14231982925393769,
                    51.48915407124427
                  ],
                  [
                    -0.14231937506946857,
                    51.48917941017586
                  ],
                  [
                    -0.14229902745683062,
                    51.4891792687766
                  ],
                  [
                    -0.14229834618012696,
                    51.48921727717398
                  ],
                  [
                    -0.14231869379276493,
                    51.48921741857323
                  ],
                  [
                    -0.14231823960829582,
                    51.489242757504826
                  ],
                  [
                    -0.14235893483357176,
                    51.489243040303336
                  ],
                  [
                    -0.14235870774133721,
                    51.48925570976913
                  ],
                  [
                    -0.14237905535397516,
                    51.48925585116839
                  ],
                  [
                    -0.14237882826174061,
                    51.48926852063418
                  ],
                  [
                    -0.14235848064910264,
                    51.48926837923492
                  ],
                  [
                    -0.1423582535568681,
                    51.48928104870072
                  ],
                  [
                    -0.14237860116950607,
                    51.48928119009997
                  ],
                  [
                    -0.14237837407727152,
                    51.48929385956576
                  ],
                  [
                    -0.14235802646463355,
                    51.48929371816651
                  ],
                  [
                    -0.142357799372399,
                    51.489306387632304
                  ],
                  [
                    -0.14237814698503698,
                    51.48930652903156
                  ],
                  [
                    -0.14237746570833332,
                    51.48934453742894
                  ]
                ],
                [
                  [
                    -0.14213352144891225,
                    51.48933017117207
                  ],
                  [
                    -0.14213397563338137,
                    51.489304832240485
                  ],
                  [
                    -0.1421136280207434,
                    51.48930469084122
                  ],
                  [
                    -0.14211317383627428,
                    51.48933002977281
                  ],
                  [
                    -0.14213352144891225,
                    51.48933017117207
                  ]
                ],
                [
                  [
                    -0.14197210310121583,
                    51.48925302318326
                  ],
                  [
                    -0.1419716489167467,
                    51.489278362114845
                  ],
                  [
                    -0.14195130130410877,
                    51.48927822071559
                  ],
                  [
                    -0.1419510742118742,
                    51.48929089018138
                  ],
                  [
                    -0.14197142182451217,
                    51.489291031580635
                  ],
                  [
                    -0.14197119473227762,
                    51.48930370104643
                  ],
                  [
                    -0.14193049950700168,
                    51.489303418247914
                  ],
                  [
                    -0.14193027241476713,
                    51.48931608771371
                  ],
                  [
                    -0.14197096764004308,
                    51.48931637051222
                  ],
                  [
                    -0.1419707405478085,
                    51.48932903997802
                  ],
                  [
                    -0.14199108816044648,
                    51.48932918137727
                  ],
                  [
                    -0.14199131525268105,
                    51.48931651191148
                  ],
                  [
                    -0.142011662865319,
                    51.48931665331074
                  ],
                  [
                    -0.1420121170497881,
                    51.48929131437915
                  ],
                  [
                    -0.14199176943715014,
                    51.48929117297989
                  ],
                  [
                    -0.1419924507138538,
                    51.489253164582514
                  ],
                  [
                    -0.14197210310121583,
                    51.48925302318326
                  ]
                ],
                [
                  [
                    -0.14201416087989907,
                    51.48917728918701
                  ],
                  [
                    -0.14201393378766453,
                    51.4891899586528
                  ],
                  [
                    -0.1420342814003025,
                    51.489190100052056
                  ],
                  [
                    -0.14203450849253704,
                    51.48917743058627
                  ],
                  [
                    -0.14201416087989907,
                    51.48917728918701
                  ]
                ],
                [
                  [
                    -0.1419938132672611,
                    51.48917714778775
                  ],
                  [
                    -0.14201416087989907,
                    51.48917728918701
                  ],
                  [
                    -0.14201438797213362,
                    51.489164619721215
                  ],
                  [
                    -0.14199404035949564,
                    51.48916447832196
                  ],
                  [
                    -0.1419938132672611,
                    51.48917714778775
                  ]
                ],
                [
                  [
                    -0.14197346565462313,
                    51.489177006388495
                  ],
                  [
                    -0.14197323856238858,
                    51.48918967585429
                  ],
                  [
                    -0.14199358617502655,
                    51.489189817253546
                  ],
                  [
                    -0.1419938132672611,
                    51.48917714778775
                  ],
                  [
                    -0.14197346565462313,
                    51.489177006388495
                  ]
                ],
                [
                  [
                    -0.14197460111579588,
                    51.48911365905953
                  ],
                  [
                    -0.14199494872843385,
                    51.48911380045879
                  ],
                  [
                    -0.14199517582066842,
                    51.48910113099299
                  ],
                  [
                    -0.14197482820803045,
                    51.48910098959374
                  ],
                  [
                    -0.14197460111579588,
                    51.48911365905953
                  ]
                ],
                [
                  [
                    -0.14195402641092336,
                    51.48912618712607
                  ],
                  [
                    -0.14197437402356133,
                    51.48912632852532
                  ],
                  [
                    -0.14197460111579588,
                    51.48911365905953
                  ],
                  [
                    -0.14195425350315793,
                    51.48911351766027
                  ],
                  [
                    -0.14195402641092336,
                    51.48912618712607
                  ]
                ],
                [
                  [
                    -0.1420177943556519,
                    51.48897457773432
                  ],
                  [
                    -0.14197709913037596,
                    51.4889742949358
                  ],
                  [
                    -0.1419768720381414,
                    51.4889869644016
                  ],
                  [
                    -0.14199721965077938,
                    51.48898710580085
                  ],
                  [
                    -0.1419969925585448,
                    51.48899977526665
                  ],
                  [
                    -0.14203768778382075,
                    51.48900005806516
                  ],
                  [
                    -0.1420379148760553,
                    51.48898738859936
                  ],
                  [
                    -0.14201756726341735,
                    51.48898724720011
                  ],
                  [
                    -0.1420177943556519,
                    51.48897457773432
                  ]
                ],
                [
                  [
                    -0.14211885114213807,
                    51.489013293127975
                  ],
                  [
                    -0.14211907823437261,
                    51.489000623662186
                  ],
                  [
                    -0.14209873062173467,
                    51.48900048226293
                  ],
                  [
                    -0.1420985035295001,
                    51.48901315172872
                  ],
                  [
                    -0.14211885114213807,
                    51.489013293127975
                  ]
                ],
                [
                  [
                    -0.1421389716625415,
                    51.48902610399303
                  ],
                  [
                    -0.14213919875477604,
                    51.48901343452724
                  ],
                  [
                    -0.14211885114213807,
                    51.489013293127975
                  ],
                  [
                    -0.14211862404990352,
                    51.48902596259377
                  ],
                  [
                    -0.1421389716625415,
                    51.48902610399303
                  ]
                ],
                [
                  [
                    -0.14215931927517947,
                    51.48902624539228
                  ],
                  [
                    -0.1421389716625415,
                    51.48902610399303
                  ],
                  [
                    -0.14213851747807238,
                    51.48905144292461
                  ],
                  [
                    -0.14217921270334832,
                    51.48905172572313
                  ],
                  [
                    -0.14217943979558287,
                    51.48903905625733
                  ],
                  [
                    -0.1421590921829449,
                    51.48903891485808
                  ],
                  [
                    -0.14215931927517947,
                    51.48902624539228
                  ]
                ],
                [
                  [
                    -0.1422811778587727,
                    51.489039763253615
                  ],
                  [
                    -0.1422807236743036,
                    51.4890651021852
                  ],
                  [
                    -0.14230107128694158,
                    51.48906524358446
                  ],
                  [
                    -0.142300844194707,
                    51.48907791305025
                  ],
                  [
                    -0.14232119180734498,
                    51.48907805444951
                  ],
                  [
                    -0.14232141889957955,
                    51.48906538498372
                  ],
                  [
                    -0.1423417665122175,
                    51.48906552638297
                  ],
                  [
                    -0.14234199360445207,
                    51.489052856917176
                  ],
                  [
                    -0.1423216459918141,
                    51.48905271551792
                  ],
                  [
                    -0.14232187308404864,
                    51.48904004605213
                  ],
                  [
                    -0.1422811778587727,
                    51.489039763253615
                  ]
                ],
                [
                  [
                    -0.14224070972573133,
                    51.48902681098931
                  ],
                  [
                    -0.1422610573383693,
                    51.48902695238856
                  ],
                  [
                    -0.14226083024613473,
                    51.48903962185436
                  ],
                  [
                    -0.1422811778587727,
                    51.489039763253615
                  ],
                  [
                    -0.14228185913547636,
                    51.48900175485623
                  ],
                  [
                    -0.1422615115228384,
                    51.48900161345698
                  ],
                  [
                    -0.14226128443060385,
                    51.489014282922774
                  ],
                  [
                    -0.14224093681796587,
                    51.48901414152352
                  ],
                  [
                    -0.14224070972573133,
                    51.48902681098931
                  ]
                ],
                [
                  [
                    -0.14222036211309336,
                    51.489026669590054
                  ],
                  [
                    -0.1422201350208588,
                    51.48903933905585
                  ],
                  [
                    -0.14224048263349678,
                    51.489039480455105
                  ],
                  [
                    -0.14224070972573133,
                    51.48902681098931
                  ],
                  [
                    -0.14222036211309336,
                    51.489026669590054
                  ]
                ],
                [
                  [
                    -0.14228299459664911,
                    51.48893840752727
                  ],
                  [
                    -0.14228322168888366,
                    51.488925738061475
                  ],
                  [
                    -0.14226287407624572,
                    51.48892559666222
                  ],
                  [
                    -0.14226264698401114,
                    51.48893826612801
                  ],
                  [
                    -0.14228299459664911,
                    51.48893840752727
                  ]
                ],
                [
                  [
                    -0.14228276750441457,
                    51.48895107699306
                  ],
                  [
                    -0.14230311511705254,
                    51.488951218392316
                  ],
                  [
                    -0.1423033422092871,
                    51.48893854892653
                  ],
                  [
                    -0.14228299459664911,
                    51.48893840752727
                  ],
                  [
                    -0.14228276750441457,
                    51.48895107699306
                  ]
                ],
                [
                  [
                    -0.14224207227913863,
                    51.48895079419455
                  ],
                  [
                    -0.1422422993713732,
                    51.488938124728755
                  ],
                  [
                    -0.14222195175873523,
                    51.4889379833295
                  ],
                  [
                    -0.14222172466650068,
                    51.488950652795296
                  ],
                  [
                    -0.14224207227913863,
                    51.48895079419455
                  ]
                ],
                [
                  [
                    -0.14224184518690408,
                    51.48896346366034
                  ],
                  [
                    -0.14228254041218003,
                    51.48896374645886
                  ],
                  [
                    -0.14228276750441457,
                    51.48895107699306
                  ],
                  [
                    -0.14224207227913863,
                    51.48895079419455
                  ],
                  [
                    -0.14224184518690408,
                    51.48896346366034
                  ]
                ],
                [
                  [
                    -0.14218012107228653,
                    51.48900104785995
                  ],
                  [
                    -0.1422004686849245,
                    51.48900118925921
                  ],
                  [
                    -0.14220001450045539,
                    51.4890265281908
                  ],
                  [
                    -0.14222036211309336,
                    51.489026669590054
                  ],
                  [
                    -0.14222081629756247,
                    51.48900133065847
                  ],
                  [
                    -0.14224116391020042,
                    51.48900147205772
                  ],
                  [
                    -0.142241391002435,
                    51.48898880259193
                  ],
                  [
                    -0.14222104338979702,
                    51.48898866119267
                  ],
                  [
                    -0.14222127048203156,
                    51.48897599172688
                  ],
                  [
                    -0.14224161809466954,
                    51.48897613312614
                  ],
                  [
                    -0.14224184518690408,
                    51.48896346366034
                  ],
                  [
                    -0.14220114996162814,
                    51.48896318086183
                  ],
                  [
                    -0.14220069577715905,
                    51.488988519793416
                  ],
                  [
                    -0.14218034816452108,
                    51.48898837839416
                  ],
                  [
                    -0.14218012107228653,
                    51.48900104785995
                  ]
                ],
                [
                  [
                    -0.14215977345964856,
                    51.489000906460696
                  ],
                  [
                    -0.14215931927517947,
                    51.48902624539228
                  ],
                  [
                    -0.1421796668878174,
                    51.489026386791544
                  ],
                  [
                    -0.14218012107228653,
                    51.48900104785995
                  ],
                  [
                    -0.14215977345964856,
                    51.489000906460696
                  ]
                ],
                [
                  [
                    -0.14213965293924513,
                    51.488988095595644
                  ],
                  [
                    -0.1421394258470106,
                    51.48900076506144
                  ],
                  [
                    -0.14215977345964856,
                    51.489000906460696
                  ],
                  [
                    -0.1421600005518831,
                    51.488988236994906
                  ],
                  [
                    -0.14213965293924513,
                    51.488988095595644
                  ]
                ],
                [
                  [
                    -0.14216068182858677,
                    51.488950228597524
                  ],
                  [
                    -0.14218102944122474,
                    51.48895036999678
                  ],
                  [
                    -0.14218125653345928,
                    51.48893770053099
                  ],
                  [
                    -0.1421609089208213,
                    51.48893755913173
                  ],
                  [
                    -0.14216068182858677,
                    51.488950228597524
                  ]
                ],
                [
                  [
                    -0.1421398800314797,
                    51.488975426129855
                  ],
                  [
                    -0.14216022764411768,
                    51.48897556752911
                  ],
                  [
                    -0.14216068182858677,
                    51.488950228597524
                  ],
                  [
                    -0.1421403342159488,
                    51.48895008719827
                  ],
                  [
                    -0.1421398800314797,
                    51.488975426129855
                  ]
                ],
                [
                  [
                    -0.14220205833056634,
                    51.48891250299866
                  ],
                  [
                    -0.1421817107179284,
                    51.488912361599404
                  ],
                  [
                    -0.14218148362569383,
                    51.48892503106519
                  ],
                  [
                    -0.1422018312383318,
                    51.48892517246445
                  ],
                  [
                    -0.14220205833056634,
                    51.48891250299866
                  ]
                ],
                [
                  [
                    -0.14221945374415515,
                    51.489077347453225
                  ],
                  [
                    -0.1422601489694311,
                    51.48907763025174
                  ],
                  [
                    -0.14226037606166564,
                    51.489064960785946
                  ],
                  [
                    -0.1422196808363897,
                    51.489064677987436
                  ],
                  [
                    -0.14221945374415515,
                    51.489077347453225
                  ]
                ],
                [
                  [
                    -0.14221899955968606,
                    51.48910268638481
                  ],
                  [
                    -0.14221945374415515,
                    51.489077347453225
                  ],
                  [
                    -0.14219910613151718,
                    51.48907720605397
                  ],
                  [
                    -0.1421986519470481,
                    51.489102544985556
                  ],
                  [
                    -0.14221899955968606,
                    51.48910268638481
                  ]
                ],
                [
                  [
                    -0.14221809119074785,
                    51.48915336424799
                  ],
                  [
                    -0.14219774357810988,
                    51.48915322284873
                  ],
                  [
                    -0.14219751648587534,
                    51.489165892314524
                  ],
                  [
                    -0.14217716887323736,
                    51.48916575091527
                  ],
                  [
                    -0.14217694178100282,
                    51.48917842038106
                  ],
                  [
                    -0.14221763700627874,
                    51.489178703179576
                  ],
                  [
                    -0.14221809119074785,
                    51.48915336424799
                  ]
                ],
                [
                  [
                    -0.14225901350825834,
                    51.4891409775807
                  ],
                  [
                    -0.14227936112089629,
                    51.489141118979965
                  ],
                  [
                    -0.14227958821313086,
                    51.48912844951417
                  ],
                  [
                    -0.1422592406004929,
                    51.489128308114914
                  ],
                  [
                    -0.14225901350825834,
                    51.4891409775807
                  ]
                ],
                [
                  [
                    -0.14228004239759995,
                    51.48910311058258
                  ],
                  [
                    -0.14221899955968606,
                    51.48910268638481
                  ],
                  [
                    -0.14221854537521694,
                    51.4891280253164
                  ],
                  [
                    -0.14217785014994103,
                    51.48912774251789
                  ],
                  [
                    -0.14217830433441012,
                    51.4891024035863
                  ],
                  [
                    -0.14215795672177214,
                    51.489102262187046
                  ],
                  [
                    -0.14215750253730305,
                    51.48912760111863
                  ],
                  [
                    -0.14213715492466508,
                    51.48912745971938
                  ],
                  [
                    -0.14213670074019596,
                    51.48915279865096
                  ],
                  [
                    -0.1421773959654719,
                    51.48915308144947
                  ],
                  [
                    -0.14217762305770645,
                    51.48914041198368
                  ],
                  [
                    -0.1422183182829824,
                    51.48914069478219
                  ],
                  [
                    -0.14221809119074785,
                    51.48915336424799
                  ],
                  [
                    -0.14223843880338582,
                    51.489153505647245
                  ],
                  [
                    -0.14223821171115125,
                    51.489166175113034
                  ],
                  [
                    -0.14225855932378922,
                    51.489166316512296
                  ],
                  [
                    -0.14225901350825834,
                    51.4891409775807
                  ],
                  [
                    -0.14223866589562037,
                    51.48914083618145
                  ],
                  [
                    -0.14223912008008946,
                    51.48911549724986
                  ],
                  [
                    -0.1422798153053654,
                    51.48911578004838
                  ],
                  [
                    -0.14228004239759995,
                    51.48910311058258
                  ]
                ],
                [
                  [
                    -0.14234108523551386,
                    51.489103534780355
                  ],
                  [
                    -0.1423413123277484,
                    51.48909086531456
                  ],
                  [
                    -0.1422802694898345,
                    51.48909044111679
                  ],
                  [
                    -0.14228004239759995,
                    51.48910311058258
                  ],
                  [
                    -0.14234108523551386,
                    51.489103534780355
                  ]
                ],
                [
                  [
                    -0.14229902745683062,
                    51.4891792687766
                  ],
                  [
                    -0.14229925454906517,
                    51.489166599310806
                  ],
                  [
                    -0.1422789069364272,
                    51.48916645791155
                  ],
                  [
                    -0.14227867984419265,
                    51.48917912737734
                  ],
                  [
                    -0.14229902745683062,
                    51.4891792687766
                  ]
                ],
                [
                  [
                    -0.14236302249379368,
                    51.489014989919056
                  ],
                  [
                    -0.14236324958602822,
                    51.48900232045326
                  ],
                  [
                    -0.14234290197339028,
                    51.489002179054005
                  ],
                  [
                    -0.1423426748811557,
                    51.4890148485198
                  ],
                  [
                    -0.14236302249379368,
                    51.489014989919056
                  ]
                ],
                [
                  [
                    -0.1423381330364647,
                    51.48926823783567
                  ],
                  [
                    -0.14233836012869924,
                    51.48925556836987
                  ],
                  [
                    -0.14231801251606127,
                    51.489255426970615
                  ],
                  [
                    -0.14231778542382673,
                    51.48926809643641
                  ],
                  [
                    -0.1423381330364647,
                    51.48926823783567
                  ]
                ],
                [
                  [
                    -0.1423435832500939,
                    51.48896417065662
                  ],
                  [
                    -0.14234381034232846,
                    51.48895150119083
                  ],
                  [
                    -0.14232346272969051,
                    51.48895135979158
                  ],
                  [
                    -0.14232323563745594,
                    51.48896402925737
                  ],
                  [
                    -0.1423435832500939,
                    51.48896417065662
                  ]
                ],
                [
                  [
                    -0.14234403743456303,
                    51.48893883172504
                  ],
                  [
                    -0.14234449161903212,
                    51.48891349279345
                  ],
                  [
                    -0.14232414400639415,
                    51.488913351394196
                  ],
                  [
                    -0.14232437109862872,
                    51.4889006819284
                  ],
                  [
                    -0.14230402348599075,
                    51.488900540529144
                  ],
                  [
                    -0.14230356930152163,
                    51.48892587946073
                  ],
                  [
                    -0.1423239169141596,
                    51.48892602085999
                  ],
                  [
                    -0.14232368982192506,
                    51.48893869032578
                  ],
                  [
                    -0.14234403743456303,
                    51.48893883172504
                  ]
                ],
                [
                  [
                    -0.14231710414712306,
                    51.48930610483379
                  ],
                  [
                    -0.1423173312393576,
                    51.489293435368
                  ],
                  [
                    -0.14229698362671964,
                    51.48929329396874
                  ],
                  [
                    -0.1422967565344851,
                    51.48930596343453
                  ],
                  [
                    -0.14231710414712306,
                    51.48930610483379
                  ]
                ],
                [
                  [
                    -0.1423230085452214,
                    51.488976698723164
                  ],
                  [
                    -0.14232323563745594,
                    51.48896402925737
                  ],
                  [
                    -0.142302888024818,
                    51.48896388785811
                  ],
                  [
                    -0.14230266093258342,
                    51.48897655732391
                  ],
                  [
                    -0.1423230085452214,
                    51.488976698723164
                  ]
                ],
                [
                  [
                    -0.14230243384034888,
                    51.4889892267897
                  ],
                  [
                    -0.14230266093258342,
                    51.48897655732391
                  ],
                  [
                    -0.1422619657073075,
                    51.48897627452539
                  ],
                  [
                    -0.14226173861507294,
                    51.48898894399119
                  ],
                  [
                    -0.14230243384034888,
                    51.4889892267897
                  ]
                ],
                [
                  [
                    -0.14227640892184712,
                    51.48930582203528
                  ],
                  [
                    -0.1422766360140817,
                    51.48929315256948
                  ],
                  [
                    -0.14225628840144372,
                    51.489293011170226
                  ],
                  [
                    -0.14225606130920918,
                    51.48930568063602
                  ],
                  [
                    -0.14227640892184712,
                    51.48930582203528
                  ]
                ],
                [
                  [
                    -0.14227686310631624,
                    51.48928048310369
                  ],
                  [
                    -0.14227709019855078,
                    51.489267813637895
                  ],
                  [
                    -0.1422567425859128,
                    51.48926767223864
                  ],
                  [
                    -0.14225651549367826,
                    51.489280341704436
                  ],
                  [
                    -0.14227686310631624,
                    51.48928048310369
                  ]
                ],
                [
                  [
                    -0.14227777147525444,
                    51.48922980524052
                  ],
                  [
                    -0.142277998567489,
                    51.48921713577472
                  ],
                  [
                    -0.14225765095485102,
                    51.48921699437547
                  ],
                  [
                    -0.14225742386261647,
                    51.48922966384126
                  ],
                  [
                    -0.14227777147525444,
                    51.48922980524052
                  ]
                ],
                [
                  [
                    -0.14227822565972353,
                    51.48920446630893
                  ],
                  [
                    -0.1422784527519581,
                    51.48919179684314
                  ],
                  [
                    -0.14225810513932013,
                    51.48919165544388
                  ],
                  [
                    -0.14225787804708556,
                    51.48920432490967
                  ],
                  [
                    -0.14227822565972353,
                    51.48920446630893
                  ]
                ],
                [
                  [
                    -0.14228390296558732,
                    51.48888772966409
                  ],
                  [
                    -0.14228413005782187,
                    51.4888750601983
                  ],
                  [
                    -0.14226378244518392,
                    51.48887491879905
                  ],
                  [
                    -0.14226355535294935,
                    51.48888758826484
                  ],
                  [
                    -0.14228390296558732,
                    51.48888772966409
                  ]
                ],
                [
                  [
                    -0.14225628840144372,
                    51.489293011170226
                  ],
                  [
                    -0.14225651549367826,
                    51.489280341704436
                  ],
                  [
                    -0.1422361678810403,
                    51.489280200305174
                  ],
                  [
                    -0.14223594078880575,
                    51.48929286977097
                  ],
                  [
                    -0.14225628840144372,
                    51.489293011170226
                  ]
                ],
                [
                  [
                    -0.14225765095485102,
                    51.48921699437547
                  ],
                  [
                    -0.14225787804708556,
                    51.48920432490967
                  ],
                  [
                    -0.14223753043444762,
                    51.48920418351042
                  ],
                  [
                    -0.14223730334221305,
                    51.48921685297621
                  ],
                  [
                    -0.14225765095485102,
                    51.48921699437547
                  ]
                ],
                [
                  [
                    -0.1422366220655094,
                    51.48925486137359
                  ],
                  [
                    -0.14223684915774396,
                    51.4892421919078
                  ],
                  [
                    -0.142196153932468,
                    51.48924190910928
                  ],
                  [
                    -0.14219592684023347,
                    51.48925457857508
                  ],
                  [
                    -0.1422366220655094,
                    51.48925486137359
                  ]
                ],
                [
                  [
                    -0.1422370762499785,
                    51.489229522442
                  ],
                  [
                    -0.14223730334221305,
                    51.48921685297621
                  ],
                  [
                    -0.14219660811693713,
                    51.489216570177696
                  ],
                  [
                    -0.14219638102470256,
                    51.48922923964349
                  ],
                  [
                    -0.1422370762499785,
                    51.489229522442
                  ]
                ],
                [
                  [
                    -0.14221559317616778,
                    51.489292728371716
                  ],
                  [
                    -0.1422160473606369,
                    51.48926738944013
                  ],
                  [
                    -0.14219569974799892,
                    51.48926724804087
                  ],
                  [
                    -0.1421952455635298,
                    51.48929258697246
                  ],
                  [
                    -0.14221559317616778,
                    51.489292728371716
                  ]
                ],
                [
                  [
                    -0.14221718282180965,
                    51.48920404211116
                  ],
                  [
                    -0.1422174099140442,
                    51.489191372645365
                  ],
                  [
                    -0.14219706230140622,
                    51.48919123124611
                  ],
                  [
                    -0.14219683520917167,
                    51.48920390071191
                  ],
                  [
                    -0.14221718282180965,
                    51.48920404211116
                  ]
                ],
                [
                  [
                    -0.14219569974799892,
                    51.48926724804087
                  ],
                  [
                    -0.14219592684023347,
                    51.48925457857508
                  ],
                  [
                    -0.1421755792275955,
                    51.48925443717582
                  ],
                  [
                    -0.14217535213536095,
                    51.48926710664161
                  ],
                  [
                    -0.14219569974799892,
                    51.48926724804087
                  ]
                ],
                [
                  [
                    -0.14219660811693713,
                    51.489216570177696
                  ],
                  [
                    -0.14219683520917167,
                    51.48920390071191
                  ],
                  [
                    -0.1421764875965337,
                    51.489203759312645
                  ],
                  [
                    -0.14217626050429916,
                    51.48921642877844
                  ],
                  [
                    -0.14219660811693713,
                    51.489216570177696
                  ]
                ],
                [
                  [
                    -0.14217444376642274,
                    51.489317784504784
                  ],
                  [
                    -0.1421746708586573,
                    51.489305115038995
                  ],
                  [
                    -0.14215432324601932,
                    51.48930497363974
                  ],
                  [
                    -0.14215409615378477,
                    51.48931764310553
                  ],
                  [
                    -0.14217444376642274,
                    51.489317784504784
                  ]
                ],
                [
                  [
                    -0.1421751250431264,
                    51.48927977610741
                  ],
                  [
                    -0.14217535213536095,
                    51.48926710664161
                  ],
                  [
                    -0.14215500452272298,
                    51.48926696524236
                  ],
                  [
                    -0.1421554587071921,
                    51.48924162631077
                  ],
                  [
                    -0.14213511109455412,
                    51.48924148491152
                  ],
                  [
                    -0.142134656910085,
                    51.4892668238431
                  ],
                  [
                    -0.14211430929744703,
                    51.48926668244385
                  ],
                  [
                    -0.1421140822052125,
                    51.48927935190964
                  ],
                  [
                    -0.14213442981785046,
                    51.48927949330889
                  ],
                  [
                    -0.14213420272561592,
                    51.48929216277469
                  ],
                  [
                    -0.1421545503382539,
                    51.489292304173944
                  ],
                  [
                    -0.14215477743048843,
                    51.489279634708154
                  ],
                  [
                    -0.1421751250431264,
                    51.48927977610741
                  ]
                ],
                [
                  [
                    -0.1421760334120646,
                    51.48922909824424
                  ],
                  [
                    -0.14217626050429916,
                    51.48921642877844
                  ],
                  [
                    -0.14215591289166118,
                    51.489216287379186
                  ],
                  [
                    -0.14215568579942664,
                    51.489228956844975
                  ],
                  [
                    -0.1421760334120646,
                    51.48922909824424
                  ]
                ],
                [
                  [
                    -0.1421764875965337,
                    51.489203759312645
                  ],
                  [
                    -0.14217671468876825,
                    51.489191089846855
                  ],
                  [
                    -0.1421563670761303,
                    51.4891909484476
                  ],
                  [
                    -0.14215613998389573,
                    51.48920361791339
                  ],
                  [
                    -0.1421764875965337,
                    51.489203759312645
                  ]
                ],
                [
                  [
                    -0.14217853142664466,
                    51.489089734120505
                  ],
                  [
                    -0.1421787585188792,
                    51.489077064654715
                  ],
                  [
                    -0.14215841090624126,
                    51.48907692325546
                  ],
                  [
                    -0.1421581838140067,
                    51.48908959272125
                  ],
                  [
                    -0.14217853142664466,
                    51.489089734120505
                  ]
                ],
                [
                  [
                    -0.14213511109455412,
                    51.48924148491152
                  ],
                  [
                    -0.1421355652790232,
                    51.48921614597993
                  ],
                  [
                    -0.14211521766638524,
                    51.48921600458067
                  ],
                  [
                    -0.1421154447586198,
                    51.48920333511488
                  ],
                  [
                    -0.14207474953334387,
                    51.48920305231636
                  ],
                  [
                    -0.1420740682566402,
                    51.489241060713745
                  ],
                  [
                    -0.14209441586927818,
                    51.489241202113
                  ],
                  [
                    -0.14209418877704363,
                    51.489253871578796
                  ],
                  [
                    -0.1421145363896816,
                    51.48925401297805
                  ],
                  [
                    -0.14211476348191615,
                    51.489241343512255
                  ],
                  [
                    -0.14213511109455412,
                    51.48924148491152
                  ]
                ],
                [
                  [
                    -0.1421158989430889,
                    51.489177996183294
                  ],
                  [
                    -0.14211612603532345,
                    51.4891653267175
                  ],
                  [
                    -0.1420957784226855,
                    51.48916518531824
                  ],
                  [
                    -0.14209555133045093,
                    51.48917785478403
                  ],
                  [
                    -0.1421158989430889,
                    51.489177996183294
                  ]
                ],
                [
                  [
                    -0.14211635312755802,
                    51.48915265725171
                  ],
                  [
                    -0.14211726149649623,
                    51.48910197938853
                  ],
                  [
                    -0.14209691388385826,
                    51.489101837989274
                  ],
                  [
                    -0.1420962326071546,
                    51.48913984638666
                  ],
                  [
                    -0.14207588499451662,
                    51.4891397049874
                  ],
                  [
                    -0.14207565790228208,
                    51.48915237445319
                  ],
                  [
                    -0.14211635312755802,
                    51.48915265725171
                  ]
                ],
                [
                  [
                    -0.14211748858873077,
                    51.48908930992274
                  ],
                  [
                    -0.14211771568096532,
                    51.48907664045694
                  ],
                  [
                    -0.14209736806832735,
                    51.48907649905769
                  ],
                  [
                    -0.1420971409760928,
                    51.489089168523485
                  ],
                  [
                    -0.14211748858873077,
                    51.48908930992274
                  ]
                ],
                [
                  [
                    -0.14211794277319986,
                    51.489063970991154
                  ],
                  [
                    -0.1421181698654344,
                    51.48905130152536
                  ],
                  [
                    -0.14209782225279646,
                    51.4890511601261
                  ],
                  [
                    -0.1420975951605619,
                    51.48906382959189
                  ],
                  [
                    -0.14211794277319986,
                    51.489063970991154
                  ]
                ],
                [
                  [
                    -0.1420953242382164,
                    51.48919052424983
                  ],
                  [
                    -0.14209555133045093,
                    51.48917785478403
                  ],
                  [
                    -0.14207520371781296,
                    51.48917771338478
                  ],
                  [
                    -0.14207497662557841,
                    51.48919038285057
                  ],
                  [
                    -0.1420953242382164,
                    51.48919052424983
                  ]
                ],
                [
                  [
                    -0.14209691388385826,
                    51.489101837989274
                  ],
                  [
                    -0.1420971409760928,
                    51.489089168523485
                  ],
                  [
                    -0.14207679336345483,
                    51.48908902712422
                  ],
                  [
                    -0.14207656627122028,
                    51.48910169659002
                  ],
                  [
                    -0.14209691388385826,
                    51.489101837989274
                  ]
                ],
                [
                  [
                    -0.14209736806832735,
                    51.48907649905769
                  ],
                  [
                    -0.1420975951605619,
                    51.48906382959189
                  ],
                  [
                    -0.14205689993528597,
                    51.48906354679338
                  ],
                  [
                    -0.1420566728430514,
                    51.48907621625918
                  ],
                  [
                    -0.14209736806832735,
                    51.48907649905769
                  ]
                ],
                [
                  [
                    -0.142073159887702,
                    51.48929173857692
                  ],
                  [
                    -0.14207338697993657,
                    51.48927906911113
                  ],
                  [
                    -0.14203269175466063,
                    51.48927878631261
                  ],
                  [
                    -0.14203246466242608,
                    51.48929145577841
                  ],
                  [
                    -0.142073159887702,
                    51.48929173857692
                  ]
                ],
                [
                  [
                    -0.14207474953334387,
                    51.48920305231636
                  ],
                  [
                    -0.14207497662557841,
                    51.48919038285057
                  ],
                  [
                    -0.14205462901294044,
                    51.48919024145132
                  ],
                  [
                    -0.1420544019207059,
                    51.48920291091711
                  ],
                  [
                    -0.14207474953334387,
                    51.48920305231636
                  ]
                ],
                [
                  [
                    -0.14207611208675117,
                    51.489127035521605
                  ],
                  [
                    -0.14207633917898574,
                    51.48911436605581
                  ],
                  [
                    -0.14205599156634777,
                    51.489114224656554
                  ],
                  [
                    -0.14205576447411322,
                    51.48912689412235
                  ],
                  [
                    -0.14207611208675117,
                    51.489127035521605
                  ]
                ],
                [
                  [
                    -0.14207815591686215,
                    51.489013010329465
                  ],
                  [
                    -0.1420783830090967,
                    51.48900034086367
                  ],
                  [
                    -0.14205803539645873,
                    51.489000199464414
                  ],
                  [
                    -0.14205780830422418,
                    51.48901286893021
                  ],
                  [
                    -0.14207815591686215,
                    51.489013010329465
                  ]
                ],
                [
                  [
                    -0.14205326645953315,
                    51.489266258246076
                  ],
                  [
                    -0.1420534935517677,
                    51.48925358878028
                  ],
                  [
                    -0.14203314593912972,
                    51.489253447381024
                  ],
                  [
                    -0.1420333730313643,
                    51.489240777915235
                  ],
                  [
                    -0.14201302541872632,
                    51.48924063651597
                  ],
                  [
                    -0.14201234414202266,
                    51.489278644913355
                  ],
                  [
                    -0.14203269175466063,
                    51.48927878631261
                  ],
                  [
                    -0.14203291884689517,
                    51.48926611684682
                  ],
                  [
                    -0.14205326645953315,
                    51.489266258246076
                  ]
                ],
                [
                  [
                    -0.14205417482847135,
                    51.489215580382904
                  ],
                  [
                    -0.1420544019207059,
                    51.48920291091711
                  ],
                  [
                    -0.14203405430806793,
                    51.48920276951785
                  ],
                  [
                    -0.14203382721583338,
                    51.48921543898365
                  ],
                  [
                    -0.14205417482847135,
                    51.489215580382904
                  ]
                ],
                [
                  [
                    -0.14205553738187865,
                    51.48913956358814
                  ],
                  [
                    -0.14205576447411322,
                    51.48912689412235
                  ],
                  [
                    -0.14203541686147525,
                    51.489126752723095
                  ],
                  [
                    -0.14203518976924068,
                    51.489139422188885
                  ],
                  [
                    -0.14205553738187865,
                    51.48913956358814
                  ]
                ],
                [
                  [
                    -0.14205644575081686,
                    51.48908888572497
                  ],
                  [
                    -0.1420566728430514,
                    51.48907621625918
                  ],
                  [
                    -0.14201597761777549,
                    51.48907593346066
                  ],
                  [
                    -0.14201575052554094,
                    51.48908860292646
                  ],
                  [
                    -0.14205644575081686,
                    51.48908888572497
                  ]
                ],
                [
                  [
                    -0.14203360012359884,
                    51.48922810844944
                  ],
                  [
                    -0.14203382721583338,
                    51.48921543898365
                  ],
                  [
                    -0.1420134796031954,
                    51.48921529758439
                  ],
                  [
                    -0.14201325251096086,
                    51.489227967050184
                  ],
                  [
                    -0.14203360012359884,
                    51.48922810844944
                  ]
                ],
                [
                  [
                    -0.14201302541872632,
                    51.48924063651597
                  ],
                  [
                    -0.14201325251096086,
                    51.489227967050184
                  ],
                  [
                    -0.1419929048983229,
                    51.48922782565093
                  ],
                  [
                    -0.14199267780608835,
                    51.48924049511672
                  ],
                  [
                    -0.14201302541872632,
                    51.48924063651597
                  ]
                ],
                [
                  [
                    -0.1420134796031954,
                    51.48921529758439
                  ],
                  [
                    -0.14201370669542995,
                    51.4892026281186
                  ],
                  [
                    -0.141993359082792,
                    51.48920248671934
                  ],
                  [
                    -0.14199313199055744,
                    51.48921515618513
                  ],
                  [
                    -0.1420134796031954,
                    51.48921529758439
                  ]
                ],
                [
                  [
                    -0.1418895771894912,
                    51.4893158049152
                  ],
                  [
                    -0.14188980428172576,
                    51.489303135449404
                  ],
                  [
                    -0.1418694566690878,
                    51.48930299405015
                  ],
                  [
                    -0.14186922957685325,
                    51.48931566351594
                  ],
                  [
                    -0.1418895771894912,
                    51.4893158049152
                  ]
                ],
                [
                  [
                    -0.14186991085355688,
                    51.48927765511856
                  ],
                  [
                    -0.14187013794579145,
                    51.48926498565277
                  ],
                  [
                    -0.14184979033315348,
                    51.48926484425351
                  ],
                  [
                    -0.1418495632409189,
                    51.4892775137193
                  ],
                  [
                    -0.14186991085355688,
                    51.48927765511856
                  ]
                ]
              ],
              [
                [
                  [
                    -0.14237928244620973,
                    51.48924318170259
                  ],
                  [
                    -0.14235893483357176,
                    51.489243040303336
                  ],
                  [
                    -0.1423591619258063,
                    51.48923037083754
                  ],
                  [
                    -0.14233881431316833,
                    51.489230229438284
                  ],
                  [
                    -0.1423390414054029,
                    51.489217559972495
                  ],
                  [
                    -0.14235938901804085,
                    51.48921770137175
                  ],
                  [
                    -0.1423600702947445,
                    51.48917969297437
                  ],
                  [
                    -0.14238041790738248,
                    51.48917983437362
                  ],
                  [
                    -0.14237928244620973,
                    51.48924318170259
                  ]
                ]
              ],
              [
                [
                  [
                    -0.1423879119511227,
                    51.488761742002445
                  ],
                  [
                    -0.14236756433848471,
                    51.48876160060319
                  ],
                  [
                    -0.1423671101540156,
                    51.488786939534776
                  ],
                  [
                    -0.14234676254137765,
                    51.48878679813552
                  ],
                  [
                    -0.1423474438180813,
                    51.48874878973814
                  ],
                  [
                    -0.14232709620544332,
                    51.488748648338884
                  ],
                  [
                    -0.14232755038991243,
                    51.4887233094073
                  ],
                  [
                    -0.14236824561518838,
                    51.48872359220581
                  ],
                  [
                    -0.14236847270742292,
                    51.48871092274001
                  ],
                  [
                    -0.1423888203200609,
                    51.488711064139274
                  ],
                  [
                    -0.1423879119511227,
                    51.488761742002445
                  ]
                ]
              ],
              [
                [
                  [
                    -0.14238950159676453,
                    51.48867305574189
                  ],
                  [
                    -0.14236915398412656,
                    51.48867291434264
                  ],
                  [
                    -0.14236938107636113,
                    51.48866024487684
                  ],
                  [
                    -0.14234903346372316,
                    51.488660103477585
                  ],
                  [
                    -0.1423492605559577,
                    51.48864743401179
                  ],
                  [
                    -0.14238995578123365,
                    51.488647716810306
                  ],
                  [
                    -0.14238950159676453,
                    51.48867305574189
                  ]
                ]
              ],
              [
                [
                  [
                    -0.1423942705336901,
                    51.48840699696023
                  ],
                  [
                    -0.14237392292105214,
                    51.488406855560974
                  ],
                  [
                    -0.1423736958288176,
                    51.488419525026764
                  ],
                  [
                    -0.14235334821617962,
                    51.48841938362751
                  ],
                  [
                    -0.14235312112394508,
                    51.488432053093305
                  ],
                  [
                    -0.14231242589866913,
                    51.48843177029479
                  ],
                  [
                    -0.1423126529909037,
                    51.488419100829
                  ],
                  [
                    -0.14233300060354168,
                    51.488419242228254
                  ],
                  [
                    -0.14233322769577622,
                    51.48840657276246
                  ],
                  [
                    -0.1423535753084142,
                    51.48840671416172
                  ],
                  [
                    -0.14235402949288328,
                    51.488381375230134
                  ],
                  [
                    -0.14239472471815923,
                    51.48838165802864
                  ],
                  [
                    -0.1423942705336901,
                    51.48840699696023
                  ]
                ]
              ],
              [
                [
                  [
                    -0.14239744982497385,
                    51.48822962443912
                  ],
                  [
                    -0.1423567545996979,
                    51.48822934164061
                  ],
                  [
                    -0.14235698169193245,
                    51.488216672174815
                  ],
                  [
                    -0.14233663407929448,
                    51.48821653077556
                  ],
                  [
                    -0.14233640698705993,
                    51.488229200241356
                  ],
                  [
                    -0.14231605937442196,
                    51.488229058842094
                  ],
                  [
                    -0.14231651355889108,
                    51.48820371991051
                  ],
                  [
                    -0.1422961659462531,
                    51.48820357851125
                  ],
                  [
                    -0.14229593885401856,
                    51.48821624797705
                  ],
                  [
                    -0.1422755912413806,
                    51.48821610657779
                  ],
                  [
                    -0.14227581833361513,
                    51.488203437112
                  ],
                  [
                    -0.14225547072097716,
                    51.488203295712744
                  ],
                  [
                    -0.1422556978132117,
                    51.48819062624695
                  ],
                  [
                    -0.14227604542584968,
                    51.4881907676462
                  ],
                  [
                    -0.14227627251808425,
                    51.48817809818041
                  ],
                  [
                    -0.14225592490544628,
                    51.48817795678116
                  ],
                  [
                    -0.14225615199768082,
                    51.48816528731536
                  ],
                  [
                    -0.14223580438504285,
                    51.488165145916106
                  ],
                  [
                    -0.14223535020057376,
                    51.48819048484769
                  ],
                  [
                    -0.1422150025879358,
                    51.48819034344844
                  ],
                  [
                    -0.14221522968017034,
                    51.48817767398264
                  ],
                  [
                    -0.1421745344548944,
                    51.48817739118413
                  ],
                  [
                    -0.14217476154712896,
                    51.488164721718334
                  ],
                  [
                    -0.142154413934491,
                    51.48816458031908
                  ],
                  [
                    -0.14215464102672554,
                    51.48815191085328
                  ],
                  [
                    -0.14213429341408756,
                    51.48815176945403
                  ],
                  [
                    -0.1421345205063221,
                    51.48813909998824
                  ],
                  [
                    -0.14217521573159805,
                    51.48813938278675
                  ],
                  [
                    -0.1421754428238326,
                    51.48812671332095
                  ],
                  [
                    -0.14219579043647057,
                    51.488126854720214
                  ],
                  [
                    -0.14219601752870512,
                    51.48811418525442
                  ],
                  [
                    -0.1422163651413431,
                    51.48811432665367
                  ],
                  [
                    -0.142215910956874,
                    51.48813966558526
                  ],
                  [
                    -0.14223625856951197,
                    51.48813980698452
                  ],
                  [
                    -0.14223671275398106,
                    51.488114468052935
                  ],
                  [
                    -0.14225706036661903,
                    51.48811460945219
                  ],
                  [
                    -0.1422568332743845,
                    51.48812727891798
                  ],
                  [
                    -0.14227718088702243,
                    51.488127420317234
                  ],
                  [
                    -0.142277407979257,
                    51.488114750851445
                  ],
                  [
                    -0.14229775559189498,
                    51.4881148922507
                  ],
                  [
                    -0.1422975284996604,
                    51.488127561716496
                  ],
                  [
                    -0.14231787611229837,
                    51.48812770311575
                  ],
                  [
                    -0.14231810320453292,
                    51.488115033649954
                  ],
                  [
                    -0.1423384508171709,
                    51.48811517504922
                  ],
                  [
                    -0.14233822372493635,
                    51.488127844515006
                  ],
                  [
                    -0.14235857133757432,
                    51.48812798591426
                  ],
                  [
                    -0.14235834424533977,
                    51.48814065538006
                  ],
                  [
                    -0.14237869185797772,
                    51.48814079677931
                  ],
                  [
                    -0.14237755639680497,
                    51.48820414410828
                  ],
                  [
                    -0.14239790400944294,
                    51.488204285507535
                  ],
                  [
                    -0.14239744982497385,
                    51.48822962443912
                  ]
                ],
                [
                  [
                    -0.14231696774336017,
                    51.48817838097892
                  ],
                  [
                    -0.14231674065112562,
                    51.48819105044472
                  ],
                  [
                    -0.14235743587640157,
                    51.48819133324323
                  ],
                  [
                    -0.1423576629686361,
                    51.48817866377744
                  ],
                  [
                    -0.14231696774336017,
                    51.48817838097892
                  ]
                ],
                [
                  [
                    -0.1422970743151913,
                    51.48815290064808
                  ],
                  [
                    -0.14231742192782929,
                    51.48815304204734
                  ],
                  [
                    -0.14231764902006383,
                    51.48814037258154
                  ],
                  [
                    -0.14229730140742586,
                    51.488140231182285
                  ],
                  [
                    -0.1422970743151913,
                    51.48815290064808
                  ]
                ],
                [
                  [
                    -0.14227672670255334,
                    51.48815275924883
                  ],
                  [
                    -0.14227695379478789,
                    51.48814008978303
                  ],
                  [
                    -0.14225660618214991,
                    51.488139948383775
                  ],
                  [
                    -0.14225637908991537,
                    51.488152617849565
                  ],
                  [
                    -0.14227672670255334,
                    51.48815275924883
                  ]
                ],
                [
                  [
                    -0.14227627251808425,
                    51.48817809818041
                  ],
                  [
                    -0.14231696774336017,
                    51.48817838097892
                  ],
                  [
                    -0.1423171948355947,
                    51.48816571151313
                  ],
                  [
                    -0.14229684722295677,
                    51.48816557011387
                  ],
                  [
                    -0.1422970743151913,
                    51.48815290064808
                  ],
                  [
                    -0.14227672670255334,
                    51.48815275924883
                  ],
                  [
                    -0.14227627251808425,
                    51.48817809818041
                  ]
                ],
                [
                  [
                    -0.14223580438504285,
                    51.488165145916106
                  ],
                  [
                    -0.1422360314772774,
                    51.48815247645031
                  ],
                  [
                    -0.14221568386463943,
                    51.488152335051055
                  ],
                  [
                    -0.14221545677240488,
                    51.48816500451685
                  ],
                  [
                    -0.14223580438504285,
                    51.488165145916106
                  ]
                ],
                [
                  [
                    -0.14217521573159805,
                    51.48813938278675
                  ],
                  [
                    -0.1421749886393635,
                    51.488152052252545
                  ],
                  [
                    -0.14219533625200148,
                    51.4881521936518
                  ],
                  [
                    -0.14219556334423603,
                    51.488139524186
                  ],
                  [
                    -0.14217521573159805,
                    51.48813938278675
                  ]
                ]
              ],
              [
                [
                  [
                    -0.14240062911625756,
                    51.48805225191801
                  ],
                  [
                    -0.14235993389098162,
                    51.4880519691195
                  ],
                  [
                    -0.14236038807545073,
                    51.48802663018792
                  ],
                  [
                    -0.14240108330072665,
                    51.48802691298643
                  ],
                  [
                    -0.14240062911625756,
                    51.48805225191801
                  ]
                ]
              ],
              [
                [
                  [
                    -0.1424022187618994,
                    51.48796356565746
                  ],
                  [
                    -0.14236152353662349,
                    51.48796328285895
                  ],
                  [
                    -0.14236265899779624,
                    51.48789993552998
                  ],
                  [
                    -0.1423830066104342,
                    51.487900076929236
                  ],
                  [
                    -0.14238323370266875,
                    51.48788740746345
                  ],
                  [
                    -0.14240358131530673,
                    51.4878875488627
                  ],
                  [
                    -0.1424031271308376,
                    51.48791288779429
                  ],
                  [
                    -0.14238277951819966,
                    51.48791274639503
                  ],
                  [
                    -0.142382098241496,
                    51.487950754792415
                  ],
                  [
                    -0.14240244585413397,
                    51.48795089619167
                  ],
                  [
                    -0.1424022187618994,
                    51.48796356565746
                  ]
                ]
              ],
              [
                [
                  [
                    -0.14240380840754127,
                    51.48787487939691
                  ],
                  [
                    -0.1423834607949033,
                    51.48787473799765
                  ],
                  [
                    -0.14238323370266875,
                    51.48788740746345
                  ],
                  [
                    -0.14236288609003078,
                    51.48788726606419
                  ],
                  [
                    -0.142363794458969,
                    51.48783658820101
                  ],
                  [
                    -0.14238414207160696,
                    51.487836729600275
                  ],
                  [
                    -0.14238368788713787,
                    51.48786206853186
                  ],
                  [
                    -0.14240403549977582,
                    51.487862209931116
                  ],
                  [
                    -0.14240380840754127,
                    51.48787487939691
                  ]
                ]
              ],
              [
                [
                  [
                    -0.14237937313468138,
                    51.48810278838193
                  ],
                  [
                    -0.1423590255220434,
                    51.488102646982675
                  ],
                  [
                    -0.14235947970651253,
                    51.48807730805109
                  ],
                  [
                    -0.1423798273191505,
                    51.488077449450344
                  ],
                  [
                    -0.14237937313468138,
                    51.48810278838193
                  ]
                ]
              ],
              [
                [
                  [
                    -0.1423390414054029,
                    51.489217559972495
                  ],
                  [
                    -0.14231869379276493,
                    51.48921741857323
                  ],
                  [
                    -0.14231937506946857,
                    51.48917941017586
                  ],
                  [
                    -0.14233972268210654,
                    51.48917955157511
                  ],
                  [
                    -0.1423390414054029,
                    51.489217559972495
                  ]
                ]
              ],
              [
                [
                  [
                    -0.14233436315694897,
                    51.488343225433496
                  ],
                  [
                    -0.14229366793167303,
                    51.48834294263498
                  ],
                  [
                    -0.14229321374720394,
                    51.488368281566565
                  ],
                  [
                    -0.14227286613456597,
                    51.48836814016731
                  ],
                  [
                    -0.14227263904233142,
                    51.48838080963311
                  ],
                  [
                    -0.14223194381705548,
                    51.48838052683459
                  ],
                  [
                    -0.14223217090929002,
                    51.4883678573688
                  ],
                  [
                    -0.142252518521928,
                    51.488367998768055
                  ],
                  [
                    -0.14225274561416254,
                    51.48835532930226
                  ],
                  [
                    -0.14221205038888662,
                    51.48835504650375
                  ],
                  [
                    -0.14221182329665205,
                    51.488367715969545
                  ],
                  [
                    -0.1421914756840141,
                    51.48836757457028
                  ],
                  [
                    -0.1421919298684832,
                    51.4883422356387
                  ],
                  [
                    -0.14221227748112117,
                    51.48834237703795
                  ],
                  [
                    -0.14221273166559026,
                    51.488317038106366
                  ],
                  [
                    -0.14219238405295231,
                    51.48831689670711
                  ],
                  [
                    -0.14219261114518686,
                    51.48830422724132
                  ],
                  [
                    -0.14225365398310075,
                    51.48830465143909
                  ],
                  [
                    -0.14225388107533532,
                    51.4882919819733
                  ],
                  [
                    -0.14223353346269735,
                    51.488291840574036
                  ],
                  [
                    -0.1422337605549319,
                    51.488279171108246
                  ],
                  [
                    -0.14227445578020784,
                    51.488279453906756
                  ],
                  [
                    -0.14227422868797326,
                    51.48829212337255
                  ],
                  [
                    -0.14229457630061124,
                    51.48829226477181
                  ],
                  [
                    -0.1422938950239076,
                    51.48833027316919
                  ],
                  [
                    -0.14231424263654555,
                    51.488330414568445
                  ],
                  [
                    -0.14231446972878012,
                    51.48831774510265
                  ],
                  [
                    -0.14233481734141806,
                    51.48831788650191
                  ],
                  [
                    -0.14233436315694897,
                    51.488343225433496
                  ]
                ]
              ],
              [
                [
                  [
                    -0.14228571970346374,
                    51.48878637393775
                  ],
                  [
                    -0.14226537209082576,
                    51.488786232538494
                  ],
                  [
                    -0.1422655991830603,
                    51.4887735630727
                  ],
                  [
                    -0.14224525157042237,
                    51.48877342167344
                  ],
                  [
                    -0.1422454786626569,
                    51.48876075220765
                  ],
                  [
                    -0.14222513105001894,
                    51.48876061080839
                  ],
                  [
                    -0.14222535814225348,
                    51.4887479413426
                  ],
                  [
                    -0.14224570575489145,
                    51.48874808274186
                  ],
                  [
                    -0.142245932847126,
                    51.48873541327606
                  ],
                  [
                    -0.14222558523448803,
                    51.488735271876806
                  ],
                  [
                    -0.14222603941895715,
                    51.48870993294522
                  ],
                  [
                    -0.14216499658104323,
                    51.48870950874745
                  ],
                  [
                    -0.1421652236732778,
                    51.48869683928166
                  ],
                  [
                    -0.14224661412382966,
                    51.488697404878685
                  ],
                  [
                    -0.14224615993936057,
                    51.48872274381027
                  ],
                  [
                    -0.1422868551646365,
                    51.48872302660878
                  ],
                  [
                    -0.1422864009801674,
                    51.48874836554037
                  ],
                  [
                    -0.14226605336752943,
                    51.48874822414111
                  ],
                  [
                    -0.14226582627529488,
                    51.48876089360691
                  ],
                  [
                    -0.14228617388793285,
                    51.48876103500616
                  ],
                  [
                    -0.14228571970346374,
                    51.48878637393775
                  ]
                ]
              ],
              [
                [
                  [
                    -0.14229026154815477,
                    51.488532984621884
                  ],
                  [
                    -0.1422699139355168,
                    51.48853284322262
                  ],
                  [
                    -0.14227059521222046,
                    51.48849483482525
                  ],
                  [
                    -0.1422909428248584,
                    51.4884949762245
                  ],
                  [
                    -0.14229026154815477,
                    51.488532984621884
                  ]
                ]
              ],
              [
                [
                  [
                    -0.14229116991709298,
                    51.488482306758705
                  ],
                  [
                    -0.142270822304455,
                    51.48848216535945
                  ],
                  [
                    -0.14227059521222046,
                    51.48849483482525
                  ],
                  [
                    -0.1422502475995825,
                    51.48849469342599
                  ],
                  [
                    -0.14225070178405158,
                    51.4884693544944
                  ],
                  [
                    -0.14229139700932752,
                    51.488469637292916
                  ],
                  [
                    -0.14229116991709298,
                    51.488482306758705
                  ]
                ]
              ],
              [
                [
                  [
                    -0.1422450244781878,
                    51.48878609113924
                  ],
                  [
                    -0.14222467686554985,
                    51.48878594973998
                  ],
                  [
                    -0.14222422268108073,
                    51.48881128867156
                  ],
                  [
                    -0.14220387506844276,
                    51.48881114727231
                  ],
                  [
                    -0.14220342088397367,
                    51.488836486203894
                  ],
                  [
                    -0.1421830732713357,
                    51.48883634480464
                  ],
                  [
                    -0.14218330036357024,
                    51.48882367533885
                  ],
                  [
                    -0.14216295275093227,
                    51.48882353393959
                  ],
                  [
                    -0.14216317984316684,
                    51.4888108644738
                  ],
                  [
                    -0.1421835274558048,
                    51.48881100587305
                  ],
                  [
                    -0.14218375454803936,
                    51.48879833640726
                  ],
                  [
                    -0.1422041021606773,
                    51.48879847780652
                  ],
                  [
                    -0.14220455634514642,
                    51.48877313887493
                  ],
                  [
                    -0.14224525157042237,
                    51.48877342167344
                  ],
                  [
                    -0.1422450244781878,
                    51.48878609113924
                  ]
                ]
              ],
              [
                [
                  [
                    -0.14224979341511337,
                    51.48852003235758
                  ],
                  [
                    -0.14222944580247543,
                    51.48851989095832
                  ],
                  [
                    -0.14222921871024086,
                    51.48853256042411
                  ],
                  [
                    -0.14218852348496494,
                    51.4885322776256
                  ],
                  [
                    -0.14218875057719949,
                    51.488519608159805
                  ],
                  [
                    -0.14220909818983746,
                    51.48851974955906
                  ],
                  [
                    -0.142209325282072,
                    51.48850708009327
                  ],
                  [
                    -0.14218897766943403,
                    51.488506938694016
                  ],
                  [
                    -0.14218920476166858,
                    51.48849426922822
                  ],
                  [
                    -0.14220955237430655,
                    51.488494410627474
                  ],
                  [
                    -0.14221000655877566,
                    51.48846907169589
                  ],
                  [
                    -0.1422303541714136,
                    51.488469213095144
                  ],
                  [
                    -0.14222989998694452,
                    51.48849455202673
                  ],
                  [
                    -0.1422502475995825,
                    51.48849469342599
                  ],
                  [
                    -0.14224979341511337,
                    51.48852003235758
                  ]
                ]
              ],
              [
                [
                  [
                    -0.14222535814225348,
                    51.4887479413426
                  ],
                  [
                    -0.14218466291697757,
                    51.488747658544085
                  ],
                  [
                    -0.1421848900092121,
                    51.488734989078296
                  ],
                  [
                    -0.14216454239657414,
                    51.488734847679034
                  ],
                  [
                    -0.14216476948880868,
                    51.488722178213244
                  ],
                  [
                    -0.14220546471408463,
                    51.488722461011754
                  ],
                  [
                    -0.14220523762185008,
                    51.48873513047755
                  ],
                  [
                    -0.14222558523448803,
                    51.488735271876806
                  ],
                  [
                    -0.14222535814225348,
                    51.4887479413426
                  ]
                ]
              ],
              [
                [
                  [
                    -0.14222831034130265,
                    51.48858323828728
                  ],
                  [
                    -0.14218761511602673,
                    51.48858295548877
                  ],
                  [
                    -0.14218784220826128,
                    51.48857028602298
                  ],
                  [
                    -0.1421674945956233,
                    51.48857014462372
                  ],
                  [
                    -0.14216772168785785,
                    51.48855747515793
                  ],
                  [
                    -0.1422084169131338,
                    51.48855775795644
                  ],
                  [
                    -0.14220818982089925,
                    51.48857042742224
                  ],
                  [
                    -0.14222853743353722,
                    51.488570568821494
                  ],
                  [
                    -0.14222831034130265,
                    51.48858323828728
                  ]
                ]
              ],
              [
                [
                  [
                    -0.14223126254035182,
                    51.48841853523197
                  ],
                  [
                    -0.1421905673150759,
                    51.48841825243346
                  ],
                  [
                    -0.14219079440731044,
                    51.488405582967665
                  ],
                  [
                    -0.14221114201994842,
                    51.48840572436692
                  ],
                  [
                    -0.1422115962044175,
                    51.488380385435335
                  ],
                  [
                    -0.14223194381705548,
                    51.48838052683459
                  ],
                  [
                    -0.14223126254035182,
                    51.48841853523197
                  ]
                ]
              ],
              [
                [
                  [
                    -0.14221000655877566,
                    51.48846907169589
                  ],
                  [
                    -0.1421896589461377,
                    51.488468930296634
                  ],
                  [
                    -0.14218920476166858,
                    51.48849426922822
                  ],
                  [
                    -0.1421688571490306,
                    51.488494127828965
                  ],
                  [
                    -0.14216908424126518,
                    51.48848145836317
                  ],
                  [
                    -0.1421487366286272,
                    51.48848131696391
                  ],
                  [
                    -0.14214896372086175,
                    51.48846864749812
                  ],
                  [
                    -0.14216931133349972,
                    51.48846878889738
                  ],
                  [
                    -0.14216953842573427,
                    51.48845611943158
                  ],
                  [
                    -0.1422102336510102,
                    51.48845640223009
                  ],
                  [
                    -0.14221000655877566,
                    51.48846907169589
                  ]
                ]
              ],
              [
                [
                  [
                    -0.14218375454803936,
                    51.48879833640726
                  ],
                  [
                    -0.1421634069354014,
                    51.488798195008
                  ],
                  [
                    -0.14216317984316684,
                    51.4888108644738
                  ],
                  [
                    -0.1421224846178909,
                    51.48881058167528
                  ],
                  [
                    -0.14212271171012544,
                    51.48879791220949
                  ],
                  [
                    -0.14214305932276342,
                    51.48879805360875
                  ],
                  [
                    -0.14214328641499796,
                    51.48878538414295
                  ],
                  [
                    -0.1421839816402739,
                    51.48878566694147
                  ],
                  [
                    -0.14218375454803936,
                    51.48879833640726
                  ]
                ]
              ],
              [
                [
                  [
                    -0.14219079440731044,
                    51.488405582967665
                  ],
                  [
                    -0.14217044679467247,
                    51.48840544156841
                  ],
                  [
                    -0.14217021970243793,
                    51.4884181110342
                  ],
                  [
                    -0.14214987208979996,
                    51.488417969634945
                  ],
                  [
                    -0.14215032627426907,
                    51.48839263070336
                  ],
                  [
                    -0.142191021499545,
                    51.48839291350187
                  ],
                  [
                    -0.14219079440731044,
                    51.488405582967665
                  ]
                ]
              ],
              [
                [
                  [
                    -0.14216476948880868,
                    51.488722178213244
                  ],
                  [
                    -0.14212407426353277,
                    51.48872189541473
                  ],
                  [
                    -0.1421238471712982,
                    51.488734564880524
                  ],
                  [
                    -0.14210349955866025,
                    51.48873442348127
                  ],
                  [
                    -0.14210440792759843,
                    51.4886837456181
                  ],
                  [
                    -0.14202301747704657,
                    51.48868318002107
                  ],
                  [
                    -0.14202324456928112,
                    51.48867051055527
                  ],
                  [
                    -0.14206393979455706,
                    51.48867079335379
                  ],
                  [
                    -0.1420641668867916,
                    51.488658123887994
                  ],
                  [
                    -0.14204381927415363,
                    51.48865798248874
                  ],
                  [
                    -0.1420440463663882,
                    51.48864531302294
                  ],
                  [
                    -0.14206439397902615,
                    51.4886454544222
                  ],
                  [
                    -0.1420650752557298,
                    51.48860744602482
                  ],
                  [
                    -0.14210577048100576,
                    51.48860772882333
                  ],
                  [
                    -0.1421055433887712,
                    51.48862039828913
                  ],
                  [
                    -0.14212589100140915,
                    51.488620539688384
                  ],
                  [
                    -0.14212611809364373,
                    51.48860787022259
                  ],
                  [
                    -0.1421464657062817,
                    51.48860801162185
                  ],
                  [
                    -0.14214669279851624,
                    51.48859534215605
                  ],
                  [
                    -0.14216704041115422,
                    51.48859548355531
                  ],
                  [
                    -0.14216635913445055,
                    51.48863349195269
                  ],
                  [
                    -0.14214601152181258,
                    51.488633350553435
                  ],
                  [
                    -0.14214533024510892,
                    51.48867135895081
                  ],
                  [
                    -0.14212498263247098,
                    51.488671217551556
                  ],
                  [
                    -0.1421247555402364,
                    51.48868388701735
                  ],
                  [
                    -0.14214510315287437,
                    51.48868402841661
                  ],
                  [
                    -0.14214464896840528,
                    51.48870936734819
                  ],
                  [
                    -0.14216499658104323,
                    51.48870950874745
                  ],
                  [
                    -0.14216476948880868,
                    51.488722178213244
                  ]
                ],
                [
                  [
                    -0.1421055433887712,
                    51.48862039828913
                  ],
                  [
                    -0.14208519577613324,
                    51.488620256889874
                  ],
                  [
                    -0.14208474159166412,
                    51.48864559582146
                  ],
                  [
                    -0.1421050892043021,
                    51.488645737220715
                  ],
                  [
                    -0.1421055433887712,
                    51.48862039828913
                  ]
                ],
                [
                  [
                    -0.142104635019833,
                    51.4886710761523
                  ],
                  [
                    -0.14210486211206755,
                    51.488658406686504
                  ],
                  [
                    -0.14208451449942958,
                    51.48865826528725
                  ],
                  [
                    -0.14208428740719503,
                    51.488670934753046
                  ],
                  [
                    -0.142104635019833,
                    51.4886710761523
                  ]
                ]
              ],
              [
                [
                  [
                    -0.14216772168785785,
                    51.48855747515793
                  ],
                  [
                    -0.14214737407521988,
                    51.48855733375867
                  ],
                  [
                    -0.14214714698298533,
                    51.48857000322447
                  ],
                  [
                    -0.14200471369451956,
                    51.48856901342967
                  ],
                  [
                    -0.142004486602285,
                    51.488581682895465
                  ],
                  [
                    -0.14198413898964704,
                    51.48858154149621
                  ],
                  [
                    -0.1419839118974125,
                    51.488594210962
                  ],
                  [
                    -0.14194321667213655,
                    51.48859392816349
                  ],
                  [
                    -0.14194344376437112,
                    51.48858125869769
                  ],
                  [
                    -0.1419637913770091,
                    51.488581400096955
                  ],
                  [
                    -0.1419642455614782,
                    51.48855606116536
                  ],
                  [
                    -0.14194389794884021,
                    51.48855591976611
                  ],
                  [
                    -0.14194412504107476,
                    51.48854325030032
                  ],
                  [
                    -0.14196447265371273,
                    51.48854339169957
                  ],
                  [
                    -0.14196469974594728,
                    51.488530722233776
                  ],
                  [
                    -0.14200539497122322,
                    51.48853100503229
                  ],
                  [
                    -0.14200516787898868,
                    51.48854367449808
                  ],
                  [
                    -0.14202551549162665,
                    51.488543815897344
                  ],
                  [
                    -0.1420257425838612,
                    51.48853114643155
                  ],
                  [
                    -0.14204609019649916,
                    51.4885312878308
                  ],
                  [
                    -0.1420463172887337,
                    51.48851861836501
                  ],
                  [
                    -0.14206666490137168,
                    51.48851875976427
                  ],
                  [
                    -0.14206598362466802,
                    51.48855676816165
                  ],
                  [
                    -0.14210667884994396,
                    51.48855705096016
                  ],
                  [
                    -0.1421069059421785,
                    51.488544381494364
                  ],
                  [
                    -0.14216794878009242,
                    51.488544805692136
                  ],
                  [
                    -0.14216772168785785,
                    51.48855747515793
                  ]
                ],
                [
                  [
                    -0.14200516787898868,
                    51.48854367449808
                  ],
                  [
                    -0.1419848202663507,
                    51.48854353309883
                  ],
                  [
                    -0.14198459317411616,
                    51.488556202564624
                  ],
                  [
                    -0.14200494078675413,
                    51.48855634396388
                  ],
                  [
                    -0.14200516787898868,
                    51.48854367449808
                  ]
                ],
                [
                  [
                    -0.14202551549162665,
                    51.488543815897344
                  ],
                  [
                    -0.1420252883993921,
                    51.488556485363134
                  ],
                  [
                    -0.14204563601203005,
                    51.48855662676239
                  ],
                  [
                    -0.14204586310426462,
                    51.4885439572966
                  ],
                  [
                    -0.14202551549162665,
                    51.488543815897344
                  ]
                ]
              ],
              [
                [
                  [
                    -0.14217271771701798,
                    51.488278746910474
                  ],
                  [
                    -0.14213202249174206,
                    51.488278464111964
                  ],
                  [
                    -0.14213270376844572,
                    51.48824045571458
                  ],
                  [
                    -0.14211235615580775,
                    51.48824031431533
                  ],
                  [
                    -0.1421125832480423,
                    51.48822764484953
                  ],
                  [
                    -0.14215327847331824,
                    51.48822792764805
                  ],
                  [
                    -0.14215305138108367,
                    51.48824059711384
                  ],
                  [
                    -0.14217339899372164,
                    51.4882407385131
                  ],
                  [
                    -0.1421731719014871,
                    51.48825340797889
                  ],
                  [
                    -0.14215282428884912,
                    51.48825326657963
                  ],
                  [
                    -0.14215259719661458,
                    51.48826593604542
                  ],
                  [
                    -0.14217294480925255,
                    51.488266077444685
                  ],
                  [
                    -0.14217271771701798,
                    51.488278746910474
                  ]
                ]
              ],
              [
                [
                  [
                    -0.1421754428238326,
                    51.48812671332095
                  ],
                  [
                    -0.14209405237328074,
                    51.48812614772393
                  ],
                  [
                    -0.14209427946551528,
                    51.488113478258136
                  ],
                  [
                    -0.14211462707815326,
                    51.48811361965739
                  ],
                  [
                    -0.1421148541703878,
                    51.4881009501916
                  ],
                  [
                    -0.14217589700830172,
                    51.488101374389366
                  ],
                  [
                    -0.1421754428238326,
                    51.48812671332095
                  ]
                ]
              ],
              [
                [
                  [
                    -0.14214850953639266,
                    51.48849398642971
                  ],
                  [
                    -0.1421281619237547,
                    51.48849384503045
                  ],
                  [
                    -0.14212793483152014,
                    51.488506514496244
                  ],
                  [
                    -0.14210758721888217,
                    51.48850637309699
                  ],
                  [
                    -0.14210781431111671,
                    51.48849370363119
                  ],
                  [
                    -0.14206711908584077,
                    51.48849342083268
                  ],
                  [
                    -0.1420675732703099,
                    51.4884680819011
                  ],
                  [
                    -0.14208792088294786,
                    51.48846822330035
                  ],
                  [
                    -0.1420881479751824,
                    51.488455553834555
                  ],
                  [
                    -0.14210849558782038,
                    51.48845569523381
                  ],
                  [
                    -0.1421082684955858,
                    51.48846836469961
                  ],
                  [
                    -0.14212861610822378,
                    51.48846850609886
                  ],
                  [
                    -0.14212838901598923,
                    51.48848117556466
                  ],
                  [
                    -0.1421487366286272,
                    51.48848131696391
                  ],
                  [
                    -0.14214850953639266,
                    51.48849398642971
                  ]
                ]
              ],
              [
                [
                  [
                    -0.14212225752565635,
                    51.48882325114108
                  ],
                  [
                    -0.1420815623003804,
                    51.48882296834257
                  ],
                  [
                    -0.14208201648484953,
                    51.488797629410975
                  ],
                  [
                    -0.14206166887221156,
                    51.48879748801172
                  ],
                  [
                    -0.14206212305668064,
                    51.488772149080134
                  ],
                  [
                    -0.14204177544404267,
                    51.48877200768088
                  ],
                  [
                    -0.14204245672074634,
                    51.4887339992835
                  ],
                  [
                    -0.14208315194602228,
                    51.488734282082014
                  ],
                  [
                    -0.14208224357708407,
                    51.488784959945185
                  ],
                  [
                    -0.14210259118972204,
                    51.48878510134444
                  ],
                  [
                    -0.14210213700525293,
                    51.488810440276026
                  ],
                  [
                    -0.1421224846178909,
                    51.48881058167528
                  ],
                  [
                    -0.14212225752565635,
                    51.48882325114108
                  ]
                ]
              ],
              [
                [
                  [
                    -0.14213383922961847,
                    51.488177108385614
                  ],
                  [
                    -0.1421134916169805,
                    51.48817696698636
                  ],
                  [
                    -0.14211303743251139,
                    51.488202305917945
                  ],
                  [
                    -0.14209268981987344,
                    51.48820216451869
                  ],
                  [
                    -0.14209291691210799,
                    51.48818949505289
                  ],
                  [
                    -0.14207256929947001,
                    51.48818935365364
                  ],
                  [
                    -0.14207279639170456,
                    51.48817668418785
                  ],
                  [
                    -0.14209314400434253,
                    51.488176825587104
                  ],
                  [
                    -0.14209359818881165,
                    51.48815148665552
                  ],
                  [
                    -0.14213429341408756,
                    51.48815176945403
                  ],
                  [
                    -0.14213383922961847,
                    51.488177108385614
                  ]
                ]
              ],
              [
                [
                  [
                    -0.1421003202673765,
                    51.48891179600238
                  ],
                  [
                    -0.1420596250421006,
                    51.48891151320386
                  ],
                  [
                    -0.14205939794986602,
                    51.488924182669656
                  ],
                  [
                    -0.142079745562504,
                    51.48892432406891
                  ],
                  [
                    -0.14207951847026945,
                    51.48893699353471
                  ],
                  [
                    -0.1420388232449935,
                    51.48893671073619
                  ],
                  [
                    -0.14203905033722808,
                    51.4889240412704
                  ],
                  [
                    -0.1420187027245901,
                    51.48892389987114
                  ],
                  [
                    -0.14201892981682465,
                    51.48891123040535
                  ],
                  [
                    -0.14199858220418668,
                    51.488911089006095
                  ],
                  [
                    -0.14199880929642122,
                    51.4888984195403
                  ],
                  [
                    -0.14210054735961106,
                    51.48889912653658
                  ],
                  [
                    -0.1421003202673765,
                    51.48891179600238
                  ]
                ]
              ],
              [
                [
                  [
                    -0.14209427946551528,
                    51.488113478258136
                  ],
                  [
                    -0.1420739318528773,
                    51.48811333685888
                  ],
                  [
                    -0.14207415894511188,
                    51.488100667393084
                  ],
                  [
                    -0.14209450655774983,
                    51.48810080879234
                  ],
                  [
                    -0.14209427946551528,
                    51.488113478258136
                  ]
                ]
              ],
              [
                [
                  [
                    -0.14206689199360623,
                    51.48850609029847
                  ],
                  [
                    -0.14204654438096825,
                    51.48850594889922
                  ],
                  [
                    -0.1420463172887337,
                    51.48851861836501
                  ],
                  [
                    -0.14202596967609574,
                    51.48851847696575
                  ],
                  [
                    -0.14202642386056485,
                    51.488493138034165
                  ],
                  [
                    -0.14206711908584077,
                    51.48849342083268
                  ],
                  [
                    -0.14206689199360623,
                    51.48850609029847
                  ]
                ]
              ],
              [
                [
                  [
                    -0.1420370065071171,
                    51.48903806646254
                  ],
                  [
                    -0.14199631128184118,
                    51.489037783664024
                  ],
                  [
                    -0.1419960841896066,
                    51.48905045312982
                  ],
                  [
                    -0.14197573657696866,
                    51.489050311730566
                  ],
                  [
                    -0.14197619076143775,
                    51.48902497279897
                  ],
                  [
                    -0.14203723359935166,
                    51.489025396996745
                  ],
                  [
                    -0.1420370065071171,
                    51.48903806646254
                  ]
                ]
              ],
              [
                [
                  [
                    -0.14205176750236295,
                    51.48821455118597
                  ],
                  [
                    -0.14199072466444904,
                    51.488214126988204
                  ],
                  [
                    -0.14199117884891815,
                    51.48818878805661
                  ],
                  [
                    -0.14197083123628018,
                    51.488188646657356
                  ],
                  [
                    -0.14197060414404564,
                    51.48820131612315
                  ],
                  [
                    -0.14195025653140766,
                    51.4882011747239
                  ],
                  [
                    -0.1419509378081113,
                    51.488163166326515
                  ],
                  [
                    -0.14197128542074927,
                    51.48816330772577
                  ],
                  [
                    -0.14197105832851473,
                    51.48817597719157
                  ],
                  [
                    -0.14201175355379067,
                    51.48817625999008
                  ],
                  [
                    -0.1420115264615561,
                    51.48818892945587
                  ],
                  [
                    -0.14203187407419407,
                    51.48818907085513
                  ],
                  [
                    -0.14203164698195953,
                    51.48820174032092
                  ],
                  [
                    -0.1420519945945975,
                    51.48820188172018
                  ],
                  [
                    -0.14205176750236295,
                    51.48821455118597
                  ]
                ]
              ],
              [
                [
                  [
                    -0.1420214278314047,
                    51.488771866281624
                  ],
                  [
                    -0.14198073260612878,
                    51.48877158348311
                  ],
                  [
                    -0.14198050551389424,
                    51.4887842529489
                  ],
                  [
                    -0.14196015790125627,
                    51.48878411154965
                  ],
                  [
                    -0.1419603849934908,
                    51.48877144208385
                  ],
                  [
                    -0.14194003738085284,
                    51.4887713006846
                  ],
                  [
                    -0.14194049156532196,
                    51.48874596175301
                  ],
                  [
                    -0.141899796340046,
                    51.488745678954494
                  ],
                  [
                    -0.14189956924781147,
                    51.48875834842029
                  ],
                  [
                    -0.14185887402253552,
                    51.488758065621774
                  ],
                  [
                    -0.14185932820700464,
                    51.48873272669019
                  ],
                  [
                    -0.14190002343228056,
                    51.488733009488705
                  ],
                  [
                    -0.1419002505245151,
                    51.48872034002291
                  ],
                  [
                    -0.14192059813715308,
                    51.48872048142216
                  ],
                  [
                    -0.14192037104491853,
                    51.48873315088796
                  ],
                  [
                    -0.14196106627019447,
                    51.48873343368647
                  ],
                  [
                    -0.14196129336242902,
                    51.48872076422068
                  ],
                  [
                    -0.14200198858770496,
                    51.48872104701919
                  ],
                  [
                    -0.1420017614954704,
                    51.48873371648499
                  ],
                  [
                    -0.14202210910810836,
                    51.48873385788424
                  ],
                  [
                    -0.1420214278314047,
                    51.488771866281624
                  ]
                ],
                [
                  [
                    -0.1420013073110013,
                    51.48875905541657
                  ],
                  [
                    -0.14200153440323585,
                    51.488746385950776
                  ],
                  [
                    -0.1419608391779599,
                    51.488746103152266
                  ],
                  [
                    -0.14196061208572536,
                    51.488758772618056
                  ],
                  [
                    -0.1420013073110013,
                    51.48875905541657
                  ]
                ]
              ],
              [
                [
                  [
                    -0.14202324456928112,
                    51.48867051055527
                  ],
                  [
                    -0.1419825493440052,
                    51.488670227756764
                  ],
                  [
                    -0.14198232225177063,
                    51.48868289722255
                  ],
                  [
                    -0.1420026698644086,
                    51.488683038621815
                  ],
                  [
                    -0.1420022156799395,
                    51.4887083775534
                  ],
                  [
                    -0.14196152045466356,
                    51.488708094754884
                  ],
                  [
                    -0.14196197463913268,
                    51.4886827558233
                  ],
                  [
                    -0.1419416270264947,
                    51.48868261442404
                  ],
                  [
                    -0.14194185411872925,
                    51.48866994495825
                  ],
                  [
                    -0.14192150650609128,
                    51.48866980355899
                  ],
                  [
                    -0.1419219606905604,
                    51.488644464627406
                  ],
                  [
                    -0.14196265591583632,
                    51.488644747425916
                  ],
                  [
                    -0.14196311010030543,
                    51.48861940849433
                  ],
                  [
                    -0.14194276248766746,
                    51.488619267095075
                  ],
                  [
                    -0.141942989579902,
                    51.488606597629285
                  ],
                  [
                    -0.14198368480517795,
                    51.488606880427795
                  ],
                  [
                    -0.1419834577129434,
                    51.488619549893585
                  ],
                  [
                    -0.14200380532558135,
                    51.48861969129285
                  ],
                  [
                    -0.1420035782333468,
                    51.488632360758636
                  ],
                  [
                    -0.14198323062070883,
                    51.48863221935938
                  ],
                  [
                    -0.1419830035284743,
                    51.48864488882518
                  ],
                  [
                    -0.14200335114111226,
                    51.48864503022443
                  ],
                  [
                    -0.14200312404887772,
                    51.48865769969022
                  ],
                  [
                    -0.1420234716615157,
                    51.488657841089484
                  ],
                  [
                    -0.14202324456928112,
                    51.48867051055527
                  ]
                ],
                [
                  [
                    -0.14194185411872925,
                    51.48866994495825
                  ],
                  [
                    -0.14196220173136723,
                    51.48867008635751
                  ],
                  [
                    -0.14196242882360177,
                    51.48865741689171
                  ],
                  [
                    -0.1419420812109638,
                    51.48865727549246
                  ],
                  [
                    -0.14194185411872925,
                    51.48866994495825
                  ]
                ]
              ],
              [
                [
                  [
                    -0.14195993080902172,
                    51.48879678101544
                  ],
                  [
                    -0.14193958319638375,
                    51.48879663961618
                  ],
                  [
                    -0.14193935610414918,
                    51.48880930908198
                  ],
                  [
                    -0.14189866087887326,
                    51.48880902628346
                  ],
                  [
                    -0.1418988879711078,
                    51.48879635681767
                  ],
                  [
                    -0.14191923558374578,
                    51.48879649821693
                  ],
                  [
                    -0.14191968976821487,
                    51.48877115928534
                  ],
                  [
                    -0.14194003738085284,
                    51.4887713006846
                  ],
                  [
                    -0.1419398102886183,
                    51.488783970150386
                  ],
                  [
                    -0.14196015790125627,
                    51.48878411154965
                  ],
                  [
                    -0.14195993080902172,
                    51.48879678101544
                  ]
                ]
              ],
              [
                [
                  [
                    -0.14194344376437112,
                    51.48858125869769
                  ],
                  [
                    -0.14192309615173315,
                    51.48858111729844
                  ],
                  [
                    -0.1419233232439677,
                    51.48856844783265
                  ],
                  [
                    -0.14190297563132973,
                    51.488568306433386
                  ],
                  [
                    -0.1419032027235643,
                    51.4885556369676
                  ],
                  [
                    -0.14194389794884021,
                    51.48855591976611
                  ],
                  [
                    -0.14194344376437112,
                    51.48858125869769
                  ]
                ]
              ],
              [
                [
                  [
                    -0.14194707724012393,
                    51.488378547245
                  ],
                  [
                    -0.141906382014848,
                    51.48837826444649
                  ],
                  [
                    -0.1419068361993171,
                    51.4883529255149
                  ],
                  [
                    -0.14188648858667913,
                    51.48835278411565
                  ],
                  [
                    -0.14188626149444458,
                    51.48836545358144
                  ],
                  [
                    -0.1418659138818066,
                    51.48836531218218
                  ],
                  [
                    -0.14186614097404118,
                    51.488352642716386
                  ],
                  [
                    -0.1418457933614032,
                    51.48835250131713
                  ],
                  [
                    -0.14184556626916867,
                    51.48836517078293
                  ],
                  [
                    -0.1418252186565307,
                    51.48836502938367
                  ],
                  [
                    -0.14182499156429612,
                    51.48837769884946
                  ],
                  [
                    -0.1417842963390202,
                    51.48837741605095
                  ],
                  [
                    -0.14178452343125475,
                    51.488364746585155
                  ],
                  [
                    -0.14180487104389272,
                    51.48836488798441
                  ],
                  [
                    -0.1418053252283618,
                    51.488339549052824
                  ],
                  [
                    -0.14174428239044792,
                    51.48833912485506
                  ],
                  [
                    -0.14174450948268247,
                    51.48832645538926
                  ],
                  [
                    -0.14180555232059638,
                    51.488326879587035
                  ],
                  [
                    -0.14180577941283093,
                    51.48831421012124
                  ],
                  [
                    -0.1417040413496411,
                    51.48831350312496
                  ],
                  [
                    -0.1417044955341102,
                    51.48828816419337
                  ],
                  [
                    -0.14168414792147221,
                    51.488288022794116
                  ],
                  [
                    -0.1416843750137068,
                    51.48827535332832
                  ],
                  [
                    -0.14166402740106881,
                    51.488275211929064
                  ],
                  [
                    -0.14166425449330336,
                    51.48826254246327
                  ],
                  [
                    -0.14162355926802742,
                    51.48826225966476
                  ],
                  [
                    -0.141623786360262,
                    51.48824959019896
                  ],
                  [
                    -0.14158309113498604,
                    51.48824930740045
                  ],
                  [
                    -0.14158399950392425,
                    51.48819862953728
                  ],
                  [
                    -0.1415433042786483,
                    51.48819834673876
                  ],
                  [
                    -0.14154353137088285,
                    51.48818567727297
                  ],
                  [
                    -0.1415231837582449,
                    51.48818553587372
                  ],
                  [
                    -0.14152341085047945,
                    51.48817286640792
                  ],
                  [
                    -0.1414827156252035,
                    51.48817258360941
                  ],
                  [
                    -0.14148294271743805,
                    51.488159914143615
                  ],
                  [
                    -0.14154398555535197,
                    51.48816033834139
                  ],
                  [
                    -0.14154375846311743,
                    51.48817300780718
                  ],
                  [
                    -0.14156410607575537,
                    51.48817314920643
                  ],
                  [
                    -0.14156433316798994,
                    51.48816047974064
                  ],
                  [
                    -0.14162537600590383,
                    51.488160903938414
                  ],
                  [
                    -0.14162492182143474,
                    51.48818624287
                  ],
                  [
                    -0.1416452694340727,
                    51.488186384269255
                  ],
                  [
                    -0.14164458815736905,
                    51.48822439266664
                  ],
                  [
                    -0.14170563099528294,
                    51.4882248168644
                  ],
                  [
                    -0.1417054039030484,
                    51.4882374863302
                  ],
                  [
                    -0.14172575151568637,
                    51.488237627729454
                  ],
                  [
                    -0.1417250702389827,
                    51.488275636126836
                  ],
                  [
                    -0.14176576546425865,
                    51.488275918925346
                  ],
                  [
                    -0.1417655383720241,
                    51.48828858839114
                  ],
                  [
                    -0.14178588598466205,
                    51.4882887297904
                  ],
                  [
                    -0.14178634016913116,
                    51.48826339085881
                  ],
                  [
                    -0.14180668778176914,
                    51.48826353225807
                  ],
                  [
                    -0.1418064606895346,
                    51.488276201723856
                  ],
                  [
                    -0.14182680830217254,
                    51.48827634312312
                  ],
                  [
                    -0.1418270353944071,
                    51.48826367365732
                  ],
                  [
                    -0.14184738300704505,
                    51.48826381505658
                  ],
                  [
                    -0.14184692882257596,
                    51.48828915398816
                  ],
                  [
                    -0.14180623359730002,
                    51.48828887118965
                  ],
                  [
                    -0.14180600650506547,
                    51.48830154065545
                  ],
                  [
                    -0.14182635411770345,
                    51.488301682054704
                  ],
                  [
                    -0.1418261270254689,
                    51.48831435152049
                  ],
                  [
                    -0.14184647463810685,
                    51.488314492919756
                  ],
                  [
                    -0.14184670173034142,
                    51.48830182345396
                  ],
                  [
                    -0.1418670493429794,
                    51.488301964853214
                  ],
                  [
                    -0.14186636806627573,
                    51.488339973250596
                  ],
                  [
                    -0.14190706329155167,
                    51.488340256049106
                  ],
                  [
                    -0.14190751747602076,
                    51.48831491711752
                  ],
                  [
                    -0.14192786508865873,
                    51.488315058516775
                  ],
                  [
                    -0.14192741090418962,
                    51.48834039744837
                  ],
                  [
                    -0.1419477585168276,
                    51.48834053884762
                  ],
                  [
                    -0.14194753142459304,
                    51.48835320831341
                  ],
                  [
                    -0.14192718381195507,
                    51.48835306691416
                  ],
                  [
                    -0.14192695671972053,
                    51.488365736379954
                  ],
                  [
                    -0.1419473043323585,
                    51.48836587777921
                  ],
                  [
                    -0.14194707724012393,
                    51.488378547245
                  ]
                ],
                [
                  [
                    -0.1418457933614032,
                    51.48835250131713
                  ],
                  [
                    -0.14184602045363776,
                    51.48833983185134
                  ],
                  [
                    -0.14182567284099978,
                    51.48833969045208
                  ],
                  [
                    -0.14182544574876524,
                    51.488352359917876
                  ],
                  [
                    -0.1418457933614032,
                    51.48835250131713
                  ]
                ],
                [
                  [
                    -0.1416843750137068,
                    51.48827535332832
                  ],
                  [
                    -0.14170472262634473,
                    51.488275494727574
                  ],
                  [
                    -0.1417049497185793,
                    51.488262825261785
                  ],
                  [
                    -0.14168460210594133,
                    51.48826268386253
                  ],
                  [
                    -0.1416843750137068,
                    51.48827535332832
                  ]
                ],
                [
                  [
                    -0.141623786360262,
                    51.48824959019896
                  ],
                  [
                    -0.14164413397289993,
                    51.48824973159822
                  ],
                  [
                    -0.1416443610651345,
                    51.48823706213243
                  ],
                  [
                    -0.14162401345249653,
                    51.48823692073317
                  ],
                  [
                    -0.141623786360262,
                    51.48824959019896
                  ]
                ],
                [
                  [
                    -0.14160457420879677,
                    51.48818610147074
                  ],
                  [
                    -0.1416048013010313,
                    51.48817343200495
                  ],
                  [
                    -0.14158445368839334,
                    51.488173290605694
                  ],
                  [
                    -0.1415842265961588,
                    51.48818596007148
                  ],
                  [
                    -0.14160457420879677,
                    51.48818610147074
                  ]
                ],
                [
                  [
                    -0.14162492182143474,
                    51.48818624287
                  ],
                  [
                    -0.14160457420879677,
                    51.48818610147074
                  ],
                  [
                    -0.14160434711656222,
                    51.488198770936535
                  ],
                  [
                    -0.14162469472920017,
                    51.48819891233579
                  ],
                  [
                    -0.14162492182143474,
                    51.48818624287
                  ]
                ],
                [
                  [
                    -0.1417655383720241,
                    51.48828858839114
                  ],
                  [
                    -0.14172484314674816,
                    51.488288305592626
                  ],
                  [
                    -0.1417246160545136,
                    51.48830097505842
                  ],
                  [
                    -0.14176531127978953,
                    51.48830125785693
                  ],
                  [
                    -0.1417655383720241,
                    51.48828858839114
                  ]
                ],
                [
                  [
                    -0.14168482919817588,
                    51.48825001439673
                  ],
                  [
                    -0.14168505629041042,
                    51.488237344930944
                  ],
                  [
                    -0.14166470867777245,
                    51.48823720353168
                  ],
                  [
                    -0.1416644815855379,
                    51.48824987299748
                  ],
                  [
                    -0.14168482919817588,
                    51.48825001439673
                  ]
                ],
                [
                  [
                    -0.14162424054473108,
                    51.488224251267376
                  ],
                  [
                    -0.14162446763696562,
                    51.488211581801586
                  ],
                  [
                    -0.14160412002432765,
                    51.48821144040233
                  ],
                  [
                    -0.1416038929320931,
                    51.48822410986812
                  ],
                  [
                    -0.14162424054473108,
                    51.488224251267376
                  ]
                ]
              ],
              [
                [
                  [
                    -0.1419509378081113,
                    51.488163166326515
                  ],
                  [
                    -0.1418898949701974,
                    51.48816274212874
                  ],
                  [
                    -0.1418903491546665,
                    51.48813740319716
                  ],
                  [
                    -0.14191069676730447,
                    51.48813754459641
                  ],
                  [
                    -0.14191046967506993,
                    51.48815021406221
                  ],
                  [
                    -0.14195116490034587,
                    51.48815049686072
                  ],
                  [
                    -0.1419509378081113,
                    51.488163166326515
                  ]
                ]
              ],
              [
                [
                  [
                    -0.14191242281670924,
                    51.48917658219073
                  ],
                  [
                    -0.1418717275914333,
                    51.48917629939221
                  ],
                  [
                    -0.14187195468366784,
                    51.48916362992642
                  ],
                  [
                    -0.1418516070710299,
                    51.48916348852716
                  ],
                  [
                    -0.14185115288656078,
                    51.489188827458754
                  ],
                  [
                    -0.1418308052739228,
                    51.48918868605949
                  ],
                  [
                    -0.14183125945839192,
                    51.489163347127906
                  ],
                  [
                    -0.14181091184575395,
                    51.48916320572865
                  ],
                  [
                    -0.1418106847535194,
                    51.48917587519445
                  ],
                  [
                    -0.14179033714088143,
                    51.489175733795186
                  ],
                  [
                    -0.14179079132535052,
                    51.4891503948636
                  ],
                  [
                    -0.1418111389379885,
                    51.489150536262855
                  ],
                  [
                    -0.14181136603022304,
                    51.489137866797066
                  ],
                  [
                    -0.14177067080494712,
                    51.48913758399855
                  ],
                  [
                    -0.14177112498941621,
                    51.48911224506696
                  ],
                  [
                    -0.1418525154399681,
                    51.48911281066399
                  ],
                  [
                    -0.14185228834773353,
                    51.489125480129786
                  ],
                  [
                    -0.14189298357300947,
                    51.489125762928296
                  ],
                  [
                    -0.1418923022963058,
                    51.48916377132568
                  ],
                  [
                    -0.14191264990894378,
                    51.48916391272493
                  ],
                  [
                    -0.14191242281670924,
                    51.48917658219073
                  ]
                ],
                [
                  [
                    -0.14185206125549898,
                    51.489138149595576
                  ],
                  [
                    -0.14185183416326444,
                    51.48915081906137
                  ],
                  [
                    -0.1418721817759024,
                    51.48915096046063
                  ],
                  [
                    -0.14187240886813696,
                    51.48913829099483
                  ],
                  [
                    -0.14185206125549898,
                    51.489138149595576
                  ]
                ],
                [
                  [
                    -0.14185228834773353,
                    51.489125480129786
                  ],
                  [
                    -0.14183194073509556,
                    51.48912533873053
                  ],
                  [
                    -0.141831713642861,
                    51.48913800819632
                  ],
                  [
                    -0.14185206125549898,
                    51.489138149595576
                  ],
                  [
                    -0.14185228834773353,
                    51.489125480129786
                  ]
                ]
              ],
              [
                [
                  [
                    -0.1418979796021696,
                    51.488847034680845
                  ],
                  [
                    -0.14185728437689366,
                    51.48884675188233
                  ],
                  [
                    -0.1418570572846591,
                    51.488859421348124
                  ],
                  [
                    -0.14183670967202114,
                    51.48885927994887
                  ],
                  [
                    -0.14183716385649026,
                    51.48883394101728
                  ],
                  [
                    -0.1418778590817662,
                    51.48883422381579
                  ],
                  [
                    -0.14187808617400074,
                    51.48882155435
                  ],
                  [
                    -0.1418373909487248,
                    51.48882127155149
                  ],
                  [
                    -0.14183784513319392,
                    51.4887959326199
                  ],
                  [
                    -0.14185819274583186,
                    51.488796074019156
                  ],
                  [
                    -0.14185796565359732,
                    51.48880874348495
                  ],
                  [
                    -0.14189866087887326,
                    51.48880902628346
                  ],
                  [
                    -0.1418979796021696,
                    51.488847034680845
                  ]
                ]
              ],
              [
                [
                  [
                    -0.1418988879711078,
                    51.48879635681767
                  ],
                  [
                    -0.14185819274583186,
                    51.488796074019156
                  ],
                  [
                    -0.14185841983806644,
                    51.48878340455337
                  ],
                  [
                    -0.14187876745070438,
                    51.48878354595262
                  ],
                  [
                    -0.14187899454293895,
                    51.488770876486825
                  ],
                  [
                    -0.14189934215557692,
                    51.48877101788608
                  ],
                  [
                    -0.1418988879711078,
                    51.48879635681767
                  ]
                ]
              ],
              [
                [
                  [
                    -0.14191092385953905,
                    51.48812487513062
                  ],
                  [
                    -0.14189057624690107,
                    51.48812473373137
                  ],
                  [
                    -0.1418903491546665,
                    51.48813740319716
                  ],
                  [
                    -0.1418293063167526,
                    51.488136978999385
                  ],
                  [
                    -0.1418297605012217,
                    51.4881116400678
                  ],
                  [
                    -0.14185010811385967,
                    51.48811178146706
                  ],
                  [
                    -0.14184988102162513,
                    51.48812445093285
                  ],
                  [
                    -0.1418702286342631,
                    51.488124592332106
                  ],
                  [
                    -0.14187045572649765,
                    51.48811192286632
                  ],
                  [
                    -0.1419111509517736,
                    51.48811220566483
                  ],
                  [
                    -0.14191092385953905,
                    51.48812487513062
                  ]
                ]
              ],
              [
                [
                  [
                    -0.14185047160985712,
                    51.48922683585613
                  ],
                  [
                    -0.14183012399721917,
                    51.489226694456875
                  ],
                  [
                    -0.1418298969049846,
                    51.48923936392267
                  ],
                  [
                    -0.14180954929234663,
                    51.48923922252341
                  ],
                  [
                    -0.1418097763845812,
                    51.48922655305762
                  ],
                  [
                    -0.14176908115930525,
                    51.4892262702591
                  ],
                  [
                    -0.1417693082515398,
                    51.48921360079331
                  ],
                  [
                    -0.14174896063890183,
                    51.48921345939406
                  ],
                  [
                    -0.1417491877311364,
                    51.48920078992826
                  ],
                  [
                    -0.14172884011849843,
                    51.48920064852901
                  ],
                  [
                    -0.14172906721073297,
                    51.48918797906321
                  ],
                  [
                    -0.141708719598095,
                    51.489187837663955
                  ],
                  [
                    -0.14170894669032957,
                    51.489175168198166
                  ],
                  [
                    -0.1417496419156055,
                    51.489175450996676
                  ],
                  [
                    -0.14174941482337095,
                    51.489188120462465
                  ],
                  [
                    -0.14176976243600892,
                    51.48918826186173
                  ],
                  [
                    -0.14176953534377437,
                    51.48920093132752
                  ],
                  [
                    -0.14178988295641232,
                    51.48920107272677
                  ],
                  [
                    -0.14178965586417777,
                    51.48921374219257
                  ],
                  [
                    -0.1418506987020917,
                    51.48921416639034
                  ],
                  [
                    -0.14185047160985712,
                    51.48922683585613
                  ]
                ]
              ],
              [
                [
                  [
                    -0.14185274253220265,
                    51.4891001411982
                  ],
                  [
                    -0.14177135208165076,
                    51.48909957560117
                  ],
                  [
                    -0.14177157917388533,
                    51.48908690613538
                  ],
                  [
                    -0.14175123156124736,
                    51.48908676473612
                  ],
                  [
                    -0.1417514586534819,
                    51.489074095270325
                  ],
                  [
                    -0.14171076342820596,
                    51.489073812471815
                  ],
                  [
                    -0.14171053633597142,
                    51.48908648193761
                  ],
                  [
                    -0.14169018872333344,
                    51.48908634053835
                  ],
                  [
                    -0.14169041581556802,
                    51.48907367107256
                  ],
                  [
                    -0.14167006820293004,
                    51.489073529673306
                  ],
                  [
                    -0.1416702952951646,
                    51.48906086020751
                  ],
                  [
                    -0.14171099052044053,
                    51.48906114300602
                  ],
                  [
                    -0.14171121761267508,
                    51.48904847354023
                  ],
                  [
                    -0.14173156522531305,
                    51.489048614939485
                  ],
                  [
                    -0.14173133813307848,
                    51.48906128440528
                  ],
                  [
                    -0.14177203335835442,
                    51.48906156720379
                  ],
                  [
                    -0.14177180626611988,
                    51.48907423666959
                  ],
                  [
                    -0.14179215387875785,
                    51.48907437806884
                  ],
                  [
                    -0.14179192678652328,
                    51.48908704753463
                  ],
                  [
                    -0.14183262201179922,
                    51.48908733033315
                  ],
                  [
                    -0.14183284910403376,
                    51.48907466086735
                  ],
                  [
                    -0.14185319671667174,
                    51.48907480226661
                  ],
                  [
                    -0.14185274253220265,
                    51.4891001411982
                  ]
                ]
              ],
              [
                [
                  [
                    -0.1418556947312518,
                    51.48893543814288
                  ],
                  [
                    -0.14181499950597587,
                    51.48893515534437
                  ],
                  [
                    -0.14181522659821041,
                    51.488922485878575
                  ],
                  [
                    -0.14179487898557247,
                    51.48892234447932
                  ],
                  [
                    -0.1417946518933379,
                    51.48893501394512
                  ],
                  [
                    -0.14177430428069993,
                    51.488934872545855
                  ],
                  [
                    -0.14177407718846538,
                    51.48894754201165
                  ],
                  [
                    -0.1417537295758274,
                    51.488947400612396
                  ],
                  [
                    -0.14175350248359286,
                    51.488960070078186
                  ],
                  [
                    -0.14171280725831695,
                    51.488959787279676
                  ],
                  [
                    -0.1417130343505515,
                    51.48894711781388
                  ],
                  [
                    -0.14173338196318946,
                    51.48894725921314
                  ],
                  [
                    -0.14173383614765855,
                    51.48892192028155
                  ],
                  [
                    -0.14175418376029653,
                    51.48892206168081
                  ],
                  [
                    -0.14175441085253107,
                    51.488909392215014
                  ],
                  [
                    -0.14177475846516904,
                    51.48890953361427
                  ],
                  [
                    -0.1417749855574036,
                    51.48889686414848
                  ],
                  [
                    -0.14179533317004156,
                    51.488897005547734
                  ],
                  [
                    -0.1417955602622761,
                    51.48888433608194
                  ],
                  [
                    -0.14181590787491408,
                    51.4888844774812
                  ],
                  [
                    -0.14181613496714862,
                    51.4888718080154
                  ],
                  [
                    -0.14185683019242457,
                    51.48887209081391
                  ],
                  [
                    -0.14185660310019002,
                    51.48888476027971
                  ],
                  [
                    -0.14183625548755205,
                    51.488884618880455
                  ],
                  [
                    -0.1418360283953175,
                    51.488897288346244
                  ],
                  [
                    -0.14181568078267953,
                    51.48889714694699
                  ],
                  [
                    -0.141815453690445,
                    51.488909816412786
                  ],
                  [
                    -0.14183580130308293,
                    51.48890995781204
                  ],
                  [
                    -0.1418355742108484,
                    51.48892262727784
                  ],
                  [
                    -0.14185592182348636,
                    51.48892276867709
                  ],
                  [
                    -0.1418556947312518,
                    51.48893543814288
                  ]
                ]
              ],
              [
                [
                  [
                    -0.14185978239147373,
                    51.4887073877586
                  ],
                  [
                    -0.14179873955355984,
                    51.48870696356084
                  ],
                  [
                    -0.1417989666457944,
                    51.48869429409504
                  ],
                  [
                    -0.14177861903315642,
                    51.488694152695786
                  ],
                  [
                    -0.1417790732176255,
                    51.4886688137642
                  ],
                  [
                    -0.14175872560498756,
                    51.48866867236494
                  ],
                  [
                    -0.1417594068816912,
                    51.48863066396756
                  ],
                  [
                    -0.14173905926905322,
                    51.48863052256831
                  ],
                  [
                    -0.1417397405457569,
                    51.488592514170925
                  ],
                  [
                    -0.14176008815839486,
                    51.48859265557018
                  ],
                  [
                    -0.14175963397392577,
                    51.488617994501766
                  ],
                  [
                    -0.14182067681183966,
                    51.48861841869954
                  ],
                  [
                    -0.1418204497196051,
                    51.48863108816533
                  ],
                  [
                    -0.14177975449432917,
                    51.48863080536682
                  ],
                  [
                    -0.14177952740209462,
                    51.488643474832614
                  ],
                  [
                    -0.1417998750147326,
                    51.48864361623187
                  ],
                  [
                    -0.14179942083026348,
                    51.488668955163455
                  ],
                  [
                    -0.14181976844290145,
                    51.48866909656271
                  ],
                  [
                    -0.1418195413506669,
                    51.488681766028506
                  ],
                  [
                    -0.14183988896330488,
                    51.48868190742776
                  ],
                  [
                    -0.14184034314777397,
                    51.488656568496175
                  ],
                  [
                    -0.14186069076041194,
                    51.48865670989543
                  ],
                  [
                    -0.14185978239147373,
                    51.4887073877586
                  ]
                ]
              ],
              [
                [
                  [
                    -0.14186250749828835,
                    51.48855535416908
                  ],
                  [
                    -0.14184215988565038,
                    51.488555212769825
                  ],
                  [
                    -0.14184193279341584,
                    51.48856788223562
                  ],
                  [
                    -0.14182158518077786,
                    51.488567740836366
                  ],
                  [
                    -0.1418218122730124,
                    51.48855507137057
                  ],
                  [
                    -0.14180146466037444,
                    51.488554929971315
                  ],
                  [
                    -0.14180191884484356,
                    51.48852959103973
                  ],
                  [
                    -0.14182226645748153,
                    51.488529732438984
                  ],
                  [
                    -0.14182203936524695,
                    51.48854240190477
                  ],
                  [
                    -0.14184238697788493,
                    51.488542543304035
                  ],
                  [
                    -0.14184284116235404,
                    51.48851720437245
                  ],
                  [
                    -0.14186318877499202,
                    51.488517345771704
                  ],
                  [
                    -0.14186250749828835,
                    51.48855535416908
                  ]
                ]
              ],
              [
                [
                  [
                    -0.1418285343515773,
                    51.48931538071743
                  ],
                  [
                    -0.14180818673893933,
                    51.489315239318174
                  ],
                  [
                    -0.14180795964670478,
                    51.48932790878396
                  ],
                  [
                    -0.1417876120340668,
                    51.48932776738471
                  ],
                  [
                    -0.14178783912630136,
                    51.48931509791892
                  ],
                  [
                    -0.14176749151366339,
                    51.48931495651966
                  ],
                  [
                    -0.14176726442142884,
                    51.48932762598545
                  ],
                  [
                    -0.14174691680879087,
                    51.4893274845862
                  ],
                  [
                    -0.14174668971655632,
                    51.48934015405199
                  ],
                  [
                    -0.14172634210391835,
                    51.48934001265273
                  ],
                  [
                    -0.14172656919615292,
                    51.489327343186936
                  ],
                  [
                    -0.14170622158351495,
                    51.48932720178768
                  ],
                  [
                    -0.1417064486757495,
                    51.48931453232189
                  ],
                  [
                    -0.14168610106311152,
                    51.48931439092263
                  ],
                  [
                    -0.14168655524758064,
                    51.489289051991044
                  ],
                  [
                    -0.1417069028602186,
                    51.489289193390306
                  ],
                  [
                    -0.14170667576798404,
                    51.489301862856095
                  ],
                  [
                    -0.141727023380622,
                    51.48930200425535
                  ],
                  [
                    -0.14172725047285656,
                    51.48928933478956
                  ],
                  [
                    -0.14174759808549453,
                    51.489289476188816
                  ],
                  [
                    -0.14174782517772908,
                    51.48927680672302
                  ],
                  [
                    -0.14176817279036705,
                    51.48927694812228
                  ],
                  [
                    -0.14176771860589796,
                    51.48930228705387
                  ],
                  [
                    -0.14182876144381185,
                    51.48930271125163
                  ],
                  [
                    -0.1418285343515773,
                    51.48931538071743
                  ]
                ],
                [
                  [
                    -0.141727023380622,
                    51.48930200425535
                  ],
                  [
                    -0.14172679628838747,
                    51.48931467372115
                  ],
                  [
                    -0.14174714390102544,
                    51.4893148151204
                  ],
                  [
                    -0.14174737099325999,
                    51.48930214565461
                  ],
                  [
                    -0.141727023380622,
                    51.48930200425535
                  ]
                ]
              ],
              [
                [
                  [
                    -0.14181613496714862,
                    51.4888718080154
                  ],
                  [
                    -0.14179578735451065,
                    51.48887166661615
                  ],
                  [
                    -0.1417955602622761,
                    51.48888433608194
                  ],
                  [
                    -0.14177521264963813,
                    51.48888419468268
                  ],
                  [
                    -0.1417749855574036,
                    51.48889686414848
                  ],
                  [
                    -0.14173429033212767,
                    51.48889658134996
                  ],
                  [
                    -0.14173451742436222,
                    51.48888391188417
                  ],
                  [
                    -0.1417548650370002,
                    51.48888405328343
                  ],
                  [
                    -0.14175509212923473,
                    51.48887138381763
                  ],
                  [
                    -0.1417754397418727,
                    51.488871525216894
                  ],
                  [
                    -0.14177612101857634,
                    51.48883351681951
                  ],
                  [
                    -0.1417557734059384,
                    51.488833375420256
                  ],
                  [
                    -0.14175600049817294,
                    51.48882070595446
                  ],
                  [
                    -0.14173565288553497,
                    51.488820564555205
                  ],
                  [
                    -0.14173610707000406,
                    51.48879522562362
                  ],
                  [
                    -0.14181749752055595,
                    51.488795791220646
                  ],
                  [
                    -0.14181613496714862,
                    51.4888718080154
                  ]
                ]
              ],
              [
                [
                  [
                    -0.1418297605012217,
                    51.4881116400678
                  ],
                  [
                    -0.14180941288858376,
                    51.488111498668545
                  ],
                  [
                    -0.1418096399808183,
                    51.488098829202755
                  ],
                  [
                    -0.14182998759345627,
                    51.48809897060201
                  ],
                  [
                    -0.1418297605012217,
                    51.4881116400678
                  ]
                ]
              ],
              [
                [
                  [
                    -0.14179783118462164,
                    51.48875764142401
                  ],
                  [
                    -0.14177748357198366,
                    51.488757500024754
                  ],
                  [
                    -0.14177725647974912,
                    51.48877016949054
                  ],
                  [
                    -0.14175690886711115,
                    51.48877002809129
                  ],
                  [
                    -0.14175668177487658,
                    51.488782697557085
                  ],
                  [
                    -0.14173633416223863,
                    51.48878255615782
                  ],
                  [
                    -0.14173678834670772,
                    51.48875721722624
                  ],
                  [
                    -0.14169609312143178,
                    51.48875693442773
                  ],
                  [
                    -0.14169632021366635,
                    51.48874426496193
                  ],
                  [
                    -0.1417777106642182,
                    51.48874483055896
                  ],
                  [
                    -0.14177793775645275,
                    51.48873216109316
                  ],
                  [
                    -0.14179828536909073,
                    51.48873230249242
                  ],
                  [
                    -0.14179783118462164,
                    51.48875764142401
                  ]
                ]
              ],
              [
                [
                  [
                    -0.14179851246132527,
                    51.488719633026626
                  ],
                  [
                    -0.1417781648486873,
                    51.48871949162737
                  ],
                  [
                    -0.14177793775645275,
                    51.48873216109316
                  ],
                  [
                    -0.14175759014381478,
                    51.488732019693906
                  ],
                  [
                    -0.1417580443282839,
                    51.48870668076232
                  ],
                  [
                    -0.14179873955355984,
                    51.48870696356084
                  ],
                  [
                    -0.14179851246132527,
                    51.488719633026626
                  ]
                ]
              ],
              [
                [
                  [
                    -0.14178157123220558,
                    51.48852944964047
                  ],
                  [
                    -0.14174087600692964,
                    51.48852916684196
                  ],
                  [
                    -0.14174133019139876,
                    51.48850382791037
                  ],
                  [
                    -0.14176167780403673,
                    51.488503969309626
                  ],
                  [
                    -0.14176145071180216,
                    51.48851663877542
                  ],
                  [
                    -0.14178179832444013,
                    51.48851678017468
                  ],
                  [
                    -0.14178157123220558,
                    51.48852944964047
                  ]
                ]
              ],
              [
                [
                  [
                    -0.14172861302626388,
                    51.489213317994796
                  ],
                  [
                    -0.1417082654136259,
                    51.48921317659554
                  ],
                  [
                    -0.14170803832139137,
                    51.48922584606134
                  ],
                  [
                    -0.1416876907087534,
                    51.48922570466208
                  ],
                  [
                    -0.14168837198545703,
                    51.4891876962647
                  ],
                  [
                    -0.141708719598095,
                    51.489187837663955
                  ],
                  [
                    -0.14170849250586046,
                    51.48920050712975
                  ],
                  [
                    -0.14172884011849843,
                    51.48920064852901
                  ],
                  [
                    -0.14172861302626388,
                    51.489213317994796
                  ]
                ]
              ],
              [
                [
                  [
                    -0.14170599449128038,
                    51.48933987125348
                  ],
                  [
                    -0.14166529926600446,
                    51.48933958845496
                  ],
                  [
                    -0.141665526358239,
                    51.48932691898917
                  ],
                  [
                    -0.14164517874560104,
                    51.489326777589916
                  ],
                  [
                    -0.1416449516533665,
                    51.489339447055706
                  ],
                  [
                    -0.14154321359017666,
                    51.489338740059424
                  ],
                  [
                    -0.1415434406824112,
                    51.489326070593634
                  ],
                  [
                    -0.14158413590768715,
                    51.489326353392144
                  ],
                  [
                    -0.1415843629999217,
                    51.48931368392635
                  ],
                  [
                    -0.14154366777464575,
                    51.48931340112784
                  ],
                  [
                    -0.14154389486688032,
                    51.48930073166204
                  ],
                  [
                    -0.14152354725424235,
                    51.489300590262786
                  ],
                  [
                    -0.1415237743464769,
                    51.489287920797
                  ],
                  [
                    -0.14150342673383892,
                    51.489287779397735
                  ],
                  [
                    -0.14150365382607347,
                    51.489275109931945
                  ],
                  [
                    -0.14152400143871144,
                    51.4892752513312
                  ],
                  [
                    -0.14152422853094598,
                    51.48926258186541
                  ],
                  [
                    -0.14156492375622193,
                    51.48926286466392
                  ],
                  [
                    -0.14156469666398738,
                    51.48927553412972
                  ],
                  [
                    -0.1415443490513494,
                    51.489275392730455
                  ],
                  [
                    -0.14154412195911487,
                    51.48928806219625
                  ],
                  [
                    -0.14156446957175284,
                    51.48928820359551
                  ],
                  [
                    -0.14156424247951827,
                    51.4893008730613
                  ],
                  [
                    -0.14158459009215624,
                    51.48930101446056
                  ],
                  [
                    -0.14158481718439078,
                    51.48928834499476
                  ],
                  [
                    -0.14162551240966673,
                    51.48928862779328
                  ],
                  [
                    -0.14162528531743218,
                    51.48930129725907
                  ],
                  [
                    -0.1416049377047942,
                    51.48930115585981
                  ],
                  [
                    -0.14160471061255966,
                    51.48931382532561
                  ],
                  [
                    -0.14168610106311152,
                    51.48931439092263
                  ],
                  [
                    -0.14168587397087698,
                    51.489327060388426
                  ],
                  [
                    -0.14170622158351495,
                    51.48932720178768
                  ],
                  [
                    -0.14170599449128038,
                    51.48933987125348
                  ]
                ]
              ],
              [
                [
                  [
                    -0.14170894669032957,
                    51.489175168198166
                  ],
                  [
                    -0.1416885990776916,
                    51.489175026798904
                  ],
                  [
                    -0.14168837198545703,
                    51.4891876962647
                  ],
                  [
                    -0.1416476767601811,
                    51.48918741346618
                  ],
                  [
                    -0.14164744966794657,
                    51.48920008293198
                  ],
                  [
                    -0.1416271020553086,
                    51.489199941532725
                  ],
                  [
                    -0.14162732914754314,
                    51.48918727206693
                  ],
                  [
                    -0.14160698153490517,
                    51.48918713066767
                  ],
                  [
                    -0.1416072086271397,
                    51.48917446120188
                  ],
                  [
                    -0.14162755623977769,
                    51.48917460260114
                  ],
                  [
                    -0.14162778333201223,
                    51.48916193313534
                  ],
                  [
                    -0.1416481309446502,
                    51.4891620745346
                  ],
                  [
                    -0.14164790385241566,
                    51.489174744000394
                  ],
                  [
                    -0.14166825146505363,
                    51.48917488539965
                  ],
                  [
                    -0.14166870564952272,
                    51.48914954646806
                  ],
                  [
                    -0.1416890532621607,
                    51.48914968786732
                  ],
                  [
                    -0.14168882616992615,
                    51.489162357333115
                  ],
                  [
                    -0.14170917378256412,
                    51.48916249873237
                  ],
                  [
                    -0.14170894669032957,
                    51.489175168198166
                  ]
                ]
              ],
              [
                [
                  [
                    -0.14171121761267508,
                    51.48904847354023
                  ],
                  [
                    -0.14167052238739913,
                    51.48904819074171
                  ],
                  [
                    -0.14167097657186825,
                    51.48902285181013
                  ],
                  [
                    -0.14171167179714417,
                    51.489023134608644
                  ],
                  [
                    -0.14171121761267508,
                    51.48904847354023
                  ]
                ]
              ],
              [
                [
                  [
                    -0.141715305272897,
                    51.48882042315595
                  ],
                  [
                    -0.14169495766025902,
                    51.488820281756695
                  ],
                  [
                    -0.14169450347578993,
                    51.48884562068828
                  ],
                  [
                    -0.14167415586315196,
                    51.48884547928902
                  ],
                  [
                    -0.14167392877091742,
                    51.488858148754815
                  ],
                  [
                    -0.14165358115827945,
                    51.48885800735556
                  ],
                  [
                    -0.1416533540660449,
                    51.48887067682135
                  ],
                  [
                    -0.14163300645340693,
                    51.488870535422095
                  ],
                  [
                    -0.14163323354564147,
                    51.488857865956305
                  ],
                  [
                    -0.1416128859330035,
                    51.48885772455704
                  ],
                  [
                    -0.14161311302523805,
                    51.488845055091254
                  ],
                  [
                    -0.14163346063787602,
                    51.48884519649051
                  ],
                  [
                    -0.1416336877301106,
                    51.48883252702472
                  ],
                  [
                    -0.14161334011747262,
                    51.48883238562546
                  ],
                  [
                    -0.14161356720970716,
                    51.48881971615967
                  ],
                  [
                    -0.1416542624349831,
                    51.48881999895818
                  ],
                  [
                    -0.14165448952721765,
                    51.48880732949239
                  ],
                  [
                    -0.14163414191457968,
                    51.488807188093126
                  ],
                  [
                    -0.14163436900681423,
                    51.48879451862734
                  ],
                  [
                    -0.14167506423209017,
                    51.48879480142585
                  ],
                  [
                    -0.14167529132432471,
                    51.48878213196006
                  ],
                  [
                    -0.1416956389369627,
                    51.48878227335931
                  ],
                  [
                    -0.14169541184472814,
                    51.4887949428251
                  ],
                  [
                    -0.14171575945736611,
                    51.488795084224364
                  ],
                  [
                    -0.141715305272897,
                    51.48882042315595
                  ]
                ],
                [
                  [
                    -0.1416542624349831,
                    51.48881999895818
                  ],
                  [
                    -0.14165403534274854,
                    51.488832668423974
                  ],
                  [
                    -0.1416743829553865,
                    51.48883280982323
                  ],
                  [
                    -0.14167461004762105,
                    51.48882014035743
                  ],
                  [
                    -0.1416542624349831,
                    51.48881999895818
                  ]
                ]
              ],
              [
                [
                  [
                    -0.14171893874864983,
                    51.488617711703256
                  ],
                  [
                    -0.1416578959107359,
                    51.488617287505484
                  ],
                  [
                    -0.14165857718743957,
                    51.4885792791081
                  ],
                  [
                    -0.14167892480007754,
                    51.488579420507364
                  ],
                  [
                    -0.141678697707843,
                    51.48859208997315
                  ],
                  [
                    -0.14169904532048097,
                    51.48859223137241
                  ],
                  [
                    -0.1416988182282464,
                    51.488604900838205
                  ],
                  [
                    -0.14171916584088437,
                    51.48860504223746
                  ],
                  [
                    -0.14171893874864983,
                    51.488617711703256
                  ]
                ]
              ],
              [
                [
                  [
                    -0.14172143676322987,
                    51.48847834757953
                  ],
                  [
                    -0.14170108915059193,
                    51.48847820618027
                  ],
                  [
                    -0.14170131624282647,
                    51.48846553671448
                  ],
                  [
                    -0.1416809686301885,
                    51.488465395315224
                  ],
                  [
                    -0.14168119572242305,
                    51.48845272584943
                  ],
                  [
                    -0.141721890947699,
                    51.48845300864794
                  ],
                  [
                    -0.14172143676322987,
                    51.48847834757953
                  ]
                ]
              ],
              [
                [
                  [
                    -0.1416698411106955,
                    51.489086199139095
                  ],
                  [
                    -0.14162914588541956,
                    51.489085916340585
                  ],
                  [
                    -0.141628918793185,
                    51.489098585806374
                  ],
                  [
                    -0.14164926640582295,
                    51.489098727205636
                  ],
                  [
                    -0.1416490393135884,
                    51.489111396671426
                  ],
                  [
                    -0.1416083440883125,
                    51.489111113872916
                  ],
                  [
                    -0.14160857118054704,
                    51.48909844440712
                  ],
                  [
                    -0.14158822356790907,
                    51.489098303007864
                  ],
                  [
                    -0.1415884506601436,
                    51.48908563354207
                  ],
                  [
                    -0.14160879827278158,
                    51.48908577494133
                  ],
                  [
                    -0.14160902536501613,
                    51.48907310547553
                  ],
                  [
                    -0.14167006820293004,
                    51.489073529673306
                  ],
                  [
                    -0.1416698411106955,
                    51.489086199139095
                  ]
                ]
              ],
              [
                [
                  [
                    -0.14167097657186825,
                    51.48902285181013
                  ],
                  [
                    -0.14165062895923028,
                    51.48902271041087
                  ],
                  [
                    -0.14165040186699573,
                    51.48903537987667
                  ],
                  [
                    -0.1416097066417198,
                    51.48903509707815
                  ],
                  [
                    -0.14160993373395434,
                    51.48902242761236
                  ],
                  [
                    -0.1416302813465923,
                    51.48902256901162
                  ],
                  [
                    -0.14163073553106142,
                    51.48899723008003
                  ],
                  [
                    -0.14165108314369937,
                    51.488997371479286
                  ],
                  [
                    -0.1416515373281685,
                    51.4889720325477
                  ],
                  [
                    -0.14167188494080646,
                    51.488972173946955
                  ],
                  [
                    -0.14167097657186825,
                    51.48902285181013
                  ]
                ]
              ],
              [
                [
                  [
                    -0.1416730204019792,
                    51.48890882661799
                  ],
                  [
                    -0.14163232517670327,
                    51.48890854381948
                  ],
                  [
                    -0.14163277936117238,
                    51.48888320488789
                  ],
                  [
                    -0.14165312697381033,
                    51.488883346287146
                  ],
                  [
                    -0.14165289988157578,
                    51.48889601575294
                  ],
                  [
                    -0.14167324749421376,
                    51.4888961571522
                  ],
                  [
                    -0.1416730204019792,
                    51.48890882661799
                  ]
                ]
              ],
              [
                [
                  [
                    -0.14166380030883427,
                    51.48828788139486
                  ],
                  [
                    -0.1416434526961963,
                    51.4882877399956
                  ],
                  [
                    -0.14164322560396173,
                    51.488300409461395
                  ],
                  [
                    -0.14162287799132378,
                    51.48830026806214
                  ],
                  [
                    -0.14162333217579287,
                    51.488274929130554
                  ],
                  [
                    -0.14166402740106881,
                    51.488275211929064
                  ],
                  [
                    -0.14166380030883427,
                    51.48828788139486
                  ]
                ]
              ],
              [
                [
                  [
                    -0.14162778333201223,
                    51.48916193313534
                  ],
                  [
                    -0.1415260452688224,
                    51.48916122613906
                  ],
                  [
                    -0.14152649945329152,
                    51.489135887207475
                  ],
                  [
                    -0.14150615184065354,
                    51.48913574580822
                  ],
                  [
                    -0.14150569765618443,
                    51.489161084739806
                  ],
                  [
                    -0.1414650024309085,
                    51.48916080194129
                  ],
                  [
                    -0.14146522952314305,
                    51.4891481324755
                  ],
                  [
                    -0.14148557713578103,
                    51.489148273874754
                  ],
                  [
                    -0.14148580422801557,
                    51.489135604408965
                  ],
                  [
                    -0.1414654566153776,
                    51.4891354630097
                  ],
                  [
                    -0.14146568370761217,
                    51.48912279354391
                  ],
                  [
                    -0.1414453360949742,
                    51.48912265214466
                  ],
                  [
                    -0.14144556318720874,
                    51.48910998267886
                  ],
                  [
                    -0.14146591079984672,
                    51.48911012407812
                  ],
                  [
                    -0.14146613789208126,
                    51.48909745461233
                  ],
                  [
                    -0.14148648550471923,
                    51.48909759601158
                  ],
                  [
                    -0.14148671259695378,
                    51.489084926545786
                  ],
                  [
                    -0.14156810304750564,
                    51.48908549214281
                  ],
                  [
                    -0.14156764886303655,
                    51.4891108310744
                  ],
                  [
                    -0.14154730125039858,
                    51.489110689675144
                  ],
                  [
                    -0.14154752834263312,
                    51.48909802020935
                  ],
                  [
                    -0.14152718072999515,
                    51.48909787881009
                  ],
                  [
                    -0.14152672654552606,
                    51.48912321774168
                  ],
                  [
                    -0.141567421770802,
                    51.489123500540195
                  ],
                  [
                    -0.14156719467856743,
                    51.489136170005985
                  ],
                  [
                    -0.14160788990384338,
                    51.4891364528045
                  ],
                  [
                    -0.14160766281160883,
                    51.48914912227029
                  ],
                  [
                    -0.1416280104242468,
                    51.48914926366955
                  ],
                  [
                    -0.14162778333201223,
                    51.48916193313534
                  ]
                ]
              ],
              [
                [
                  [
                    -0.14163868375927072,
                    51.48855379877726
                  ],
                  [
                    -0.14161833614663275,
                    51.488553657378006
                  ],
                  [
                    -0.1416185632388673,
                    51.48854098791221
                  ],
                  [
                    -0.14159821562622932,
                    51.488540846512954
                  ],
                  [
                    -0.1415984427184639,
                    51.488528177047165
                  ],
                  [
                    -0.1416391379437398,
                    51.488528459845675
                  ],
                  [
                    -0.14163868375927072,
                    51.48855379877726
                  ]
                ]
              ],
              [
                [
                  [
                    -0.14161038791842345,
                    51.488997088680776
                  ],
                  [
                    -0.1415696926931475,
                    51.48899680588226
                  ],
                  [
                    -0.1415701468776166,
                    51.48897146695067
                  ],
                  [
                    -0.14161084210289254,
                    51.48897174974918
                  ],
                  [
                    -0.14161038791842345,
                    51.488997088680776
                  ]
                ]
              ],
              [
                [
                  [
                    -0.14161220465629987,
                    51.488895732954425
                  ],
                  [
                    -0.14155116181838595,
                    51.48889530875665
                  ],
                  [
                    -0.1415513889106205,
                    51.488882639290864
                  ],
                  [
                    -0.14157173652325847,
                    51.48888278069012
                  ],
                  [
                    -0.14157219070772759,
                    51.48885744175853
                  ],
                  [
                    -0.1416128859330035,
                    51.48885772455704
                  ],
                  [
                    -0.14161265884076896,
                    51.48887039402284
                  ],
                  [
                    -0.14159231122813098,
                    51.488870252623585
                  ],
                  [
                    -0.14159208413589644,
                    51.488882922089374
                  ],
                  [
                    -0.1416124317485344,
                    51.488883063488636
                  ],
                  [
                    -0.14161220465629987,
                    51.488895732954425
                  ]
                ]
              ],
              [
                [
                  [
                    -0.14158913193684727,
                    51.48904762514469
                  ],
                  [
                    -0.14152808909893336,
                    51.48904720094692
                  ],
                  [
                    -0.14152831619116793,
                    51.489034531481124
                  ],
                  [
                    -0.14156901141644385,
                    51.48903481427964
                  ],
                  [
                    -0.14156923850867842,
                    51.489022144813845
                  ],
                  [
                    -0.14158958612131636,
                    51.48902228621311
                  ],
                  [
                    -0.14158913193684727,
                    51.48904762514469
                  ]
                ]
              ],
              [
                [
                  [
                    -0.1415434406824112,
                    51.489326070593634
                  ],
                  [
                    -0.14150274545713526,
                    51.48932578779512
                  ],
                  [
                    -0.14150251836490071,
                    51.489338457260914
                  ],
                  [
                    -0.14148217075226274,
                    51.48933831586166
                  ],
                  [
                    -0.1414828520289664,
                    51.489300307464276
                  ],
                  [
                    -0.14144215680369046,
                    51.48930002466576
                  ],
                  [
                    -0.14144192971145592,
                    51.489312694131556
                  ],
                  [
                    -0.14140123448617997,
                    51.489312411333046
                  ],
                  [
                    -0.14140078030171088,
                    51.48933775026463
                  ],
                  [
                    -0.1413804326890729,
                    51.48933760886537
                  ],
                  [
                    -0.14138111396577657,
                    51.489299600467994
                  ],
                  [
                    -0.14142180919105252,
                    51.489299883266504
                  ],
                  [
                    -0.14142203628328706,
                    51.489287213800715
                  ],
                  [
                    -0.14136099344537315,
                    51.48928678960294
                  ],
                  [
                    -0.14136122053760772,
                    51.489274120137146
                  ],
                  [
                    -0.14132052531233177,
                    51.48927383733864
                  ],
                  [
                    -0.14132029822009723,
                    51.48928650680443
                  ],
                  [
                    -0.14134064583273517,
                    51.48928664820369
                  ],
                  [
                    -0.14134041874050063,
                    51.48929931766948
                  ],
                  [
                    -0.1412997235152247,
                    51.48929903487097
                  ],
                  [
                    -0.1412992693307556,
                    51.48932437380255
                  ],
                  [
                    -0.14125857410547965,
                    51.48932409100404
                  ],
                  [
                    -0.1412583470132451,
                    51.48933676046983
                  ],
                  [
                    -0.14119730417533122,
                    51.48933633627207
                  ],
                  [
                    -0.14119753126756576,
                    51.48932366680627
                  ],
                  [
                    -0.1412382264928417,
                    51.48932394960478
                  ],
                  [
                    -0.14123845358507625,
                    51.48931128013899
                  ],
                  [
                    -0.14125880119771422,
                    51.48931142153825
                  ],
                  [
                    -0.14125902828994877,
                    51.48929875207246
                  ],
                  [
                    -0.14127937590258674,
                    51.48929889347171
                  ],
                  [
                    -0.14127960299482129,
                    51.489286224005916
                  ],
                  [
                    -0.14129995060745926,
                    51.48928636540517
                  ],
                  [
                    -0.14130040479192835,
                    51.489261026473585
                  ],
                  [
                    -0.1413411000172043,
                    51.4892613092721
                  ],
                  [
                    -0.14134155420167338,
                    51.489235970340516
                  ],
                  [
                    -0.14136190181431135,
                    51.48923611173977
                  ],
                  [
                    -0.1413616747220768,
                    51.48924878120556
                  ],
                  [
                    -0.14144306517262867,
                    51.48924934680259
                  ],
                  [
                    -0.14144283808039412,
                    51.489262016268384
                  ],
                  [
                    -0.14138179524248023,
                    51.48926159207061
                  ],
                  [
                    -0.14138156815024566,
                    51.48927426153641
                  ],
                  [
                    -0.14144261098815958,
                    51.48927468573417
                  ],
                  [
                    -0.14144238389592503,
                    51.48928735519997
                  ],
                  [
                    -0.14150342673383892,
                    51.489287779397735
                  ],
                  [
                    -0.14150297254936983,
                    51.48931311832933
                  ],
                  [
                    -0.14154366777464575,
                    51.48931340112784
                  ],
                  [
                    -0.1415434406824112,
                    51.489326070593634
                  ]
                ]
              ],
              [
                [
                  [
                    -0.1415500263572132,
                    51.48895865608562
                  ],
                  [
                    -0.14152967874457523,
                    51.48895851468637
                  ],
                  [
                    -0.14152945165234068,
                    51.48897118415216
                  ],
                  [
                    -0.1415091040397027,
                    51.4889710427529
                  ],
                  [
                    -0.14150933113193725,
                    51.48895837328711
                  ],
                  [
                    -0.14148898351929928,
                    51.48895823188786
                  ],
                  [
                    -0.14148921061153386,
                    51.48894556242206
                  ],
                  [
                    -0.14152990583680977,
                    51.48894584522058
                  ],
                  [
                    -0.14153013292904434,
                    51.48893317575478
                  ],
                  [
                    -0.1414894377037684,
                    51.48893289295627
                  ],
                  [
                    -0.1414898918882375,
                    51.48890755402468
                  ],
                  [
                    -0.14153058711351343,
                    51.488907836823195
                  ],
                  [
                    -0.1415303600212789,
                    51.488920506288984
                  ],
                  [
                    -0.14155070763391686,
                    51.488920647688246
                  ],
                  [
                    -0.1415500263572132,
                    51.48895865608562
                  ]
                ]
              ],
              [
                [
                  [
                    -0.1415579745854225,
                    51.48851522478286
                  ],
                  [
                    -0.14153762697278452,
                    51.4885150833836
                  ],
                  [
                    -0.14153739988054997,
                    51.48852775284939
                  ],
                  [
                    -0.141517052267912,
                    51.48852761145014
                  ],
                  [
                    -0.14151727936014655,
                    51.48851494198434
                  ],
                  [
                    -0.1414969317475086,
                    51.48851480058509
                  ],
                  [
                    -0.14149715883974315,
                    51.48850213111929
                  ],
                  [
                    -0.14151750645238112,
                    51.48850227251855
                  ],
                  [
                    -0.14151773354461566,
                    51.488489603052756
                  ],
                  [
                    -0.1415584287698916,
                    51.48848988585127
                  ],
                  [
                    -0.1415579745854225,
                    51.48851522478286
                  ]
                ]
              ],
              [
                [
                  [
                    -0.1415597913232989,
                    51.48841386905651
                  ],
                  [
                    -0.14151909609802296,
                    51.488413586258
                  ],
                  [
                    -0.14151955028249208,
                    51.48838824732641
                  ],
                  [
                    -0.14153989789513005,
                    51.48838838872567
                  ],
                  [
                    -0.14153967080289548,
                    51.48840105819146
                  ],
                  [
                    -0.14156001841553345,
                    51.48840119959072
                  ],
                  [
                    -0.1415597913232989,
                    51.48841386905651
                  ]
                ]
              ],
              [
                [
                  [
                    -0.1415631977068172,
                    51.48822382706961
                  ],
                  [
                    -0.14154285009417922,
                    51.48822368567035
                  ],
                  [
                    -0.14154262300194465,
                    51.488236355136145
                  ],
                  [
                    -0.1415222753893067,
                    51.48823621373689
                  ],
                  [
                    -0.1415227295737758,
                    51.488210874805304
                  ],
                  [
                    -0.14156342479905173,
                    51.488211157603814
                  ],
                  [
                    -0.1415631977068172,
                    51.48822382706961
                  ]
                ]
              ],
              [
                [
                  [
                    -0.1415645602602245,
                    51.488147810274846
                  ],
                  [
                    -0.14150351742231057,
                    51.48814738607708
                  ],
                  [
                    -0.14150374451454514,
                    51.488134716611285
                  ],
                  [
                    -0.14148339690190717,
                    51.48813457521203
                  ],
                  [
                    -0.14148362399414172,
                    51.48812190574623
                  ],
                  [
                    -0.14152431921941766,
                    51.48812218854475
                  ],
                  [
                    -0.14152409212718312,
                    51.48813485801054
                  ],
                  [
                    -0.14156478735245903,
                    51.48813514080906
                  ],
                  [
                    -0.1415645602602245,
                    51.488147810274846
                  ]
                ]
              ],
              [
                [
                  [
                    -0.14152422853094598,
                    51.48926258186541
                  ],
                  [
                    -0.14150388091830804,
                    51.48926244046615
                  ],
                  [
                    -0.14150365382607347,
                    51.489275109931945
                  ],
                  [
                    -0.14146295860079755,
                    51.489274827133436
                  ],
                  [
                    -0.14146363987750118,
                    51.48923681873605
                  ],
                  [
                    -0.14148398749013916,
                    51.48923696013531
                  ],
                  [
                    -0.1414842145823737,
                    51.48922429066951
                  ],
                  [
                    -0.14150456219501167,
                    51.489224432068774
                  ],
                  [
                    -0.14150410801054258,
                    51.48924977100036
                  ],
                  [
                    -0.14152445562318056,
                    51.489249912399615
                  ],
                  [
                    -0.14152422853094598,
                    51.48926258186541
                  ]
                ]
              ],
              [
                [
                  [
                    -0.14153331222032806,
                    51.48875580323367
                  ],
                  [
                    -0.14151296460769008,
                    51.48875566183442
                  ],
                  [
                    -0.14151319169992463,
                    51.48874299236862
                  ],
                  [
                    -0.14149284408728666,
                    51.488742850969366
                  ],
                  [
                    -0.14149307117952123,
                    51.48873018150358
                  ],
                  [
                    -0.1414320283416073,
                    51.488729757305805
                  ],
                  [
                    -0.14143248252607643,
                    51.48870441837422
                  ],
                  [
                    -0.14141213491343846,
                    51.488704276974964
                  ],
                  [
                    -0.141412362005673,
                    51.48869160750917
                  ],
                  [
                    -0.14147340484358692,
                    51.48869203170694
                  ],
                  [
                    -0.14147363193582146,
                    51.48867936224114
                  ],
                  [
                    -0.14149397954845944,
                    51.4886795036404
                  ],
                  [
                    -0.14149329827175577,
                    51.48871751203778
                  ],
                  [
                    -0.14151364588439375,
                    51.488717653437035
                  ],
                  [
                    -0.14151341879215917,
                    51.48873032290283
                  ],
                  [
                    -0.14153376640479715,
                    51.48873046430209
                  ],
                  [
                    -0.14153331222032806,
                    51.48875580323367
                  ]
                ],
                [
                  [
                    -0.1414729506591178,
                    51.488717370638525
                  ],
                  [
                    -0.14147317775135235,
                    51.48870470117273
                  ],
                  [
                    -0.14145283013871437,
                    51.488704559773474
                  ],
                  [
                    -0.14145260304647983,
                    51.48871722923927
                  ],
                  [
                    -0.1414729506591178,
                    51.488717370638525
                  ]
                ]
              ],
              [
                [
                  [
                    -0.14151773354461566,
                    51.488489603052756
                  ],
                  [
                    -0.1414973859319777,
                    51.4884894616535
                  ],
                  [
                    -0.14149715883974315,
                    51.48850213111929
                  ],
                  [
                    -0.1414564636144672,
                    51.48850184832078
                  ],
                  [
                    -0.14145669070670175,
                    51.488489178854984
                  ],
                  [
                    -0.14147703831933972,
                    51.488489320254246
                  ],
                  [
                    -0.1414772654115743,
                    51.48847665078845
                  ],
                  [
                    -0.14145691779893632,
                    51.488476509389194
                  ],
                  [
                    -0.14145714489117087,
                    51.4884638399234
                  ],
                  [
                    -0.1414367972785329,
                    51.48846369852414
                  ],
                  [
                    -0.14143702437076744,
                    51.48845102905835
                  ],
                  [
                    -0.14147771959604338,
                    51.48845131185686
                  ],
                  [
                    -0.14147749250380884,
                    51.48846398132266
                  ],
                  [
                    -0.1414978401164468,
                    51.488464122721915
                  ],
                  [
                    -0.14149761302421224,
                    51.488476792187704
                  ],
                  [
                    -0.1415179606368502,
                    51.488476933586966
                  ],
                  [
                    -0.14151773354461566,
                    51.488489603052756
                  ]
                ]
              ],
              [
                [
                  [
                    -0.1414871667814229,
                    51.4890595876142
                  ],
                  [
                    -0.14144647155614695,
                    51.48905930481569
                  ],
                  [
                    -0.1414462444639124,
                    51.48907197428148
                  ],
                  [
                    -0.1413852016259985,
                    51.489071550083715
                  ],
                  [
                    -0.1413847474415294,
                    51.4890968890153
                  ],
                  [
                    -0.14136439982889143,
                    51.489096747616045
                  ],
                  [
                    -0.1413650811055951,
                    51.48905873921866
                  ],
                  [
                    -0.14134473349295712,
                    51.48905859781941
                  ],
                  [
                    -0.141344279308488,
                    51.489083936750994
                  ],
                  [
                    -0.14132393169585003,
                    51.48908379535174
                  ],
                  [
                    -0.14132370460361549,
                    51.48909646481753
                  ],
                  [
                    -0.1413033569909775,
                    51.48909632341827
                  ],
                  [
                    -0.14130403826768118,
                    51.48905831502089
                  ],
                  [
                    -0.14132438588031915,
                    51.489058456420146
                  ],
                  [
                    -0.14132484006478824,
                    51.48903311748856
                  ],
                  [
                    -0.1413044924521503,
                    51.489032976089305
                  ],
                  [
                    -0.14130494663661938,
                    51.48900763715772
                  ],
                  [
                    -0.1412845990239814,
                    51.489007495758464
                  ],
                  [
                    -0.14128482611621596,
                    51.48899482629267
                  ],
                  [
                    -0.14130517372885393,
                    51.48899496769192
                  ],
                  [
                    -0.14130540082108847,
                    51.488982298226134
                  ],
                  [
                    -0.14128505320845053,
                    51.48898215682688
                  ],
                  [
                    -0.14128528030068507,
                    51.48896948736108
                  ],
                  [
                    -0.14132597552596102,
                    51.4889697701596
                  ],
                  [
                    -0.14132529424925735,
                    51.489007778556974
                  ],
                  [
                    -0.14134564186189533,
                    51.48900791995623
                  ],
                  [
                    -0.14134586895412987,
                    51.48899525049044
                  ],
                  [
                    -0.14138656417940582,
                    51.48899553328895
                  ],
                  [
                    -0.1413861099949367,
                    51.489020872220536
                  ],
                  [
                    -0.14140645760757467,
                    51.4890210136198
                  ],
                  [
                    -0.141405776330871,
                    51.48905902201717
                  ],
                  [
                    -0.14142612394350898,
                    51.489059163416435
                  ],
                  [
                    -0.14142635103574352,
                    51.48904649395064
                  ],
                  [
                    -0.14148739387365744,
                    51.48904691814841
                  ],
                  [
                    -0.1414871667814229,
                    51.4890595876142
                  ]
                ],
                [
                  [
                    -0.1413650811055951,
                    51.48905873921866
                  ],
                  [
                    -0.14138542871823304,
                    51.48905888061792
                  ],
                  [
                    -0.14138588290270215,
                    51.48903354168633
                  ],
                  [
                    -0.14136553529006418,
                    51.48903340028708
                  ],
                  [
                    -0.1413650811055951,
                    51.48905873921866
                  ]
                ]
              ],
              [
                [
                  [
                    -0.14148921061153386,
                    51.48894556242206
                  ],
                  [
                    -0.1414485153862579,
                    51.48894527962355
                  ],
                  [
                    -0.14144874247849246,
                    51.488932610157754
                  ],
                  [
                    -0.14142839486585448,
                    51.4889324687585
                  ],
                  [
                    -0.14142862195808906,
                    51.4889197992927
                  ],
                  [
                    -0.14146931718336497,
                    51.48892008209122
                  ],
                  [
                    -0.14146909009113043,
                    51.48893275155701
                  ],
                  [
                    -0.1414894377037684,
                    51.48893289295627
                  ],
                  [
                    -0.14148921061153386,
                    51.48894556242206
                  ]
                ]
              ],
              [
                [
                  [
                    -0.1414618231396248,
                    51.4893381744624
                  ],
                  [
                    -0.14142112791434885,
                    51.48933789166389
                  ],
                  [
                    -0.1414213550065834,
                    51.48932522219809
                  ],
                  [
                    -0.14144170261922137,
                    51.48932536359735
                  ],
                  [
                    -0.14144192971145592,
                    51.489312694131556
                  ],
                  [
                    -0.1414622773240939,
                    51.48931283553081
                  ],
                  [
                    -0.1414618231396248,
                    51.4893381744624
                  ]
                ]
              ],
              [
                [
                  [
                    -0.14146432115420485,
                    51.48919881033867
                  ],
                  [
                    -0.14144397354156688,
                    51.489198668939416
                  ],
                  [
                    -0.14144374644933233,
                    51.489211338405205
                  ],
                  [
                    -0.14142339883669436,
                    51.48921119700595
                  ],
                  [
                    -0.14142408011339802,
                    51.489173188608575
                  ],
                  [
                    -0.141444427726036,
                    51.48917333000783
                  ],
                  [
                    -0.14144420063380145,
                    51.48918599947362
                  ],
                  [
                    -0.1414645482464394,
                    51.48918614087288
                  ],
                  [
                    -0.14146432115420485,
                    51.48919881033867
                  ]
                ]
              ],
              [
                [
                  [
                    -0.14148294271743805,
                    51.488159914143615
                  ],
                  [
                    -0.1414625951048001,
                    51.48815977274436
                  ],
                  [
                    -0.14146282219703465,
                    51.488147103278564
                  ],
                  [
                    -0.14144247458439668,
                    51.48814696187931
                  ],
                  [
                    -0.1414420203999276,
                    51.488172300810895
                  ],
                  [
                    -0.14142167278728962,
                    51.48817215941164
                  ],
                  [
                    -0.14142235406399326,
                    51.48813415101426
                  ],
                  [
                    -0.1414020064513553,
                    51.488134009615
                  ],
                  [
                    -0.14140223354358986,
                    51.48812134014921
                  ],
                  [
                    -0.14138188593095188,
                    51.48812119874995
                  ],
                  [
                    -0.14138211302318643,
                    51.48810852928416
                  ],
                  [
                    -0.1414024606358244,
                    51.48810867068342
                  ],
                  [
                    -0.14140268772805895,
                    51.48809600121762
                  ],
                  [
                    -0.14142303534069692,
                    51.48809614261688
                  ],
                  [
                    -0.14142280824846237,
                    51.48810881208267
                  ],
                  [
                    -0.14144315586110034,
                    51.48810895348193
                  ],
                  [
                    -0.1414433829533349,
                    51.48809628401614
                  ],
                  [
                    -0.14146373056597286,
                    51.48809642541539
                  ],
                  [
                    -0.14146350347373832,
                    51.48810909488119
                  ],
                  [
                    -0.14148385108637626,
                    51.488109236280444
                  ],
                  [
                    -0.14148362399414172,
                    51.48812190574623
                  ],
                  [
                    -0.14146327638150374,
                    51.48812176434698
                  ],
                  [
                    -0.1414630492892692,
                    51.488134433812775
                  ],
                  [
                    -0.14148339690190717,
                    51.48813457521203
                  ],
                  [
                    -0.14148294271743805,
                    51.488159914143615
                  ]
                ]
              ],
              [
                [
                  [
                    -0.14144828829402337,
                    51.48895794908934
                  ],
                  [
                    -0.1414279406813854,
                    51.488957807690085
                  ],
                  [
                    -0.14142771358915085,
                    51.48897047715588
                  ],
                  [
                    -0.14140736597651288,
                    51.48897033575662
                  ],
                  [
                    -0.14140782016098197,
                    51.48894499682503
                  ],
                  [
                    -0.141387472548344,
                    51.48894485542578
                  ],
                  [
                    -0.14138769964057857,
                    51.48893218595999
                  ],
                  [
                    -0.14134700441530262,
                    51.48893190316147
                  ],
                  [
                    -0.14134723150753717,
                    51.48891923369568
                  ],
                  [
                    -0.1413268838948992,
                    51.48891909229642
                  ],
                  [
                    -0.14132711098713377,
                    51.48890642283063
                  ],
                  [
                    -0.14134745859977174,
                    51.488906564229886
                  ],
                  [
                    -0.14134791278424083,
                    51.4888812252983
                  ],
                  [
                    -0.1413072175589649,
                    51.48888094249978
                  ],
                  [
                    -0.14130744465119946,
                    51.488868273033994
                  ],
                  [
                    -0.1412870970385615,
                    51.48886813163474
                  ],
                  [
                    -0.14128755122303058,
                    51.48884279270315
                  ],
                  [
                    -0.14130789883566855,
                    51.48884293410241
                  ],
                  [
                    -0.141307671743434,
                    51.4888556035682
                  ],
                  [
                    -0.14134836696870992,
                    51.488855886366714
                  ],
                  [
                    -0.14134813987647538,
                    51.488868555832504
                  ],
                  [
                    -0.14136848748911335,
                    51.48886869723176
                  ],
                  [
                    -0.1413682603968788,
                    51.488881366697555
                  ],
                  [
                    -0.14138860800951678,
                    51.48888150809681
                  ],
                  [
                    -0.1413879267328131,
                    51.48891951649419
                  ],
                  [
                    -0.14140827434545108,
                    51.48891965789345
                  ],
                  [
                    -0.14140804725321654,
                    51.488932327359244
                  ],
                  [
                    -0.14142839486585448,
                    51.4889324687585
                  ],
                  [
                    -0.14142816777361994,
                    51.48894513822429
                  ],
                  [
                    -0.1414485153862579,
                    51.48894527962355
                  ],
                  [
                    -0.14144828829402337,
                    51.48895794908934
                  ]
                ]
              ],
              [
                [
                  [
                    -0.14143293671054552,
                    51.48867907944263
                  ],
                  [
                    -0.14139224148526958,
                    51.488678796644116
                  ],
                  [
                    -0.1413917873008005,
                    51.4887041355757
                  ],
                  [
                    -0.14135109207552454,
                    51.48870385277719
                  ],
                  [
                    -0.14135131916775912,
                    51.488691183311396
                  ],
                  [
                    -0.14137166678039706,
                    51.48869132471066
                  ],
                  [
                    -0.14137189387263163,
                    51.48867865524486
                  ],
                  [
                    -0.14135154625999366,
                    51.488678513845606
                  ],
                  [
                    -0.1413517733522282,
                    51.48866584437981
                  ],
                  [
                    -0.14137212096486618,
                    51.488665985779065
                  ],
                  [
                    -0.14137234805710072,
                    51.488653316313275
                  ],
                  [
                    -0.1413926956697387,
                    51.48865345771253
                  ],
                  [
                    -0.14139246857750415,
                    51.48866612717833
                  ],
                  [
                    -0.1414128161901421,
                    51.48866626857758
                  ],
                  [
                    -0.14141304328237667,
                    51.488653599111785
                  ],
                  [
                    -0.14143339089501464,
                    51.48865374051105
                  ],
                  [
                    -0.14143293671054552,
                    51.48867907944263
                  ]
                ]
              ],
              [
                [
                  [
                    -0.14143702437076744,
                    51.48845102905835
                  ],
                  [
                    -0.14141667675812947,
                    51.48845088765909
                  ],
                  [
                    -0.14141690385036404,
                    51.4884382181933
                  ],
                  [
                    -0.1413762086250881,
                    51.488437935394785
                  ],
                  [
                    -0.14137598153285355,
                    51.48845060486058
                  ],
                  [
                    -0.1413352863075776,
                    51.48845032206207
                  ],
                  [
                    -0.14133551339981215,
                    51.488437652596275
                  ],
                  [
                    -0.14135586101245012,
                    51.48843779399553
                  ],
                  [
                    -0.14135631519691924,
                    51.488412455063944
                  ],
                  [
                    -0.1413766628095572,
                    51.4884125964632
                  ],
                  [
                    -0.14137643571732264,
                    51.488425265928996
                  ],
                  [
                    -0.14143747855523656,
                    51.48842569012676
                  ],
                  [
                    -0.14143702437076744,
                    51.48845102905835
                  ]
                ]
              ],
              [
                [
                  [
                    -0.1414025970395873,
                    51.48923639453828
                  ],
                  [
                    -0.14136190181431135,
                    51.48923611173977
                  ],
                  [
                    -0.1413621289065459,
                    51.489223442273975
                  ],
                  [
                    -0.14138247651918387,
                    51.48922358367323
                  ],
                  [
                    -0.14138270361141844,
                    51.48921091420744
                  ],
                  [
                    -0.1414030512240564,
                    51.489211055606695
                  ],
                  [
                    -0.1414025970395873,
                    51.48923639453828
                  ]
                ]
              ],
              [
                [
                  [
                    -0.14141849349600588,
                    51.48834953193275
                  ],
                  [
                    -0.14137779827072997,
                    51.48834924913423
                  ],
                  [
                    -0.1413780253629645,
                    51.48833657966844
                  ],
                  [
                    -0.14133733013768857,
                    51.488336296869925
                  ],
                  [
                    -0.14133755722992314,
                    51.488323627404135
                  ],
                  [
                    -0.14131720961728517,
                    51.48832348600488
                  ],
                  [
                    -0.1413174367095197,
                    51.488310816539084
                  ],
                  [
                    -0.14129708909688174,
                    51.48831067513983
                  ],
                  [
                    -0.14129731618911628,
                    51.48829800567403
                  ],
                  [
                    -0.14125662096384037,
                    51.48829772287552
                  ],
                  [
                    -0.1412568480560749,
                    51.488285053409726
                  ],
                  [
                    -0.1413178908939888,
                    51.4882854776075
                  ],
                  [
                    -0.14131766380175426,
                    51.488298147073294
                  ],
                  [
                    -0.14133801141439223,
                    51.48829828847255
                  ],
                  [
                    -0.14133823850662677,
                    51.48828561900675
                  ],
                  [
                    -0.14137893373190272,
                    51.48828590180527
                  ],
                  [
                    -0.14137870663966817,
                    51.48829857127106
                  ],
                  [
                    -0.1413583590270302,
                    51.488298429871804
                  ],
                  [
                    -0.14135813193479566,
                    51.4883110993376
                  ],
                  [
                    -0.1413784795474336,
                    51.488311240736856
                  ],
                  [
                    -0.14137825245519905,
                    51.488323910202645
                  ],
                  [
                    -0.14139860006783703,
                    51.48832405160191
                  ],
                  [
                    -0.14139837297560248,
                    51.4883367210677
                  ],
                  [
                    -0.14141872058824045,
                    51.48833686246695
                  ],
                  [
                    -0.14141849349600588,
                    51.48834953193275
                  ]
                ]
              ],
              [
                [
                  [
                    -0.14138338488812208,
                    51.48917290581006
                  ],
                  [
                    -0.14134268966284616,
                    51.48917262301155
                  ],
                  [
                    -0.1413429167550807,
                    51.48915995354575
                  ],
                  [
                    -0.14136326436771868,
                    51.48916009494501
                  ],
                  [
                    -0.14136371855218777,
                    51.48913475601342
                  ],
                  [
                    -0.14138406616482574,
                    51.489134897412676
                  ],
                  [
                    -0.14138338488812208,
                    51.48917290581006
                  ]
                ]
              ],
              [
                [
                  [
                    -0.14138974347068953,
                    51.48881816076784
                  ],
                  [
                    -0.14134904824541358,
                    51.48881787796933
                  ],
                  [
                    -0.1413495024298827,
                    51.488792539037746
                  ],
                  [
                    -0.14136985004252065,
                    51.488792680437
                  ],
                  [
                    -0.1413696229502861,
                    51.4888053499028
                  ],
                  [
                    -0.14138997056292407,
                    51.48880549130205
                  ],
                  [
                    -0.14138974347068953,
                    51.48881816076784
                  ]
                ]
              ],
              [
                [
                  [
                    -0.14136371855218777,
                    51.48913475601342
                  ],
                  [
                    -0.1413433709395498,
                    51.489134614614166
                  ],
                  [
                    -0.14134359803178437,
                    51.489121945148376
                  ],
                  [
                    -0.14130290280650842,
                    51.48912166234986
                  ],
                  [
                    -0.14130312989874297,
                    51.48910899288407
                  ],
                  [
                    -0.14132347751138094,
                    51.489109134283325
                  ],
                  [
                    -0.14132370460361549,
                    51.48909646481753
                  ],
                  [
                    -0.14134405221625346,
                    51.48909660621678
                  ],
                  [
                    -0.1413438251240189,
                    51.48910927568258
                  ],
                  [
                    -0.14136417273665688,
                    51.489109417081835
                  ],
                  [
                    -0.14136371855218777,
                    51.48913475601342
                  ]
                ]
              ],
              [
                [
                  [
                    -0.14138143174648277,
                    51.48814653768154
                  ],
                  [
                    -0.14136108413384482,
                    51.48814639628228
                  ],
                  [
                    -0.14136085704161025,
                    51.48815906574808
                  ],
                  [
                    -0.1413405094289723,
                    51.488158924348824
                  ],
                  [
                    -0.1413409636134414,
                    51.48813358541723
                  ],
                  [
                    -0.14138165883871734,
                    51.48813386821575
                  ],
                  [
                    -0.14138143174648277,
                    51.48814653768154
                  ]
                ]
              ],
              [
                [
                  [
                    -0.14138211302318643,
                    51.48810852928416
                  ],
                  [
                    -0.14136176541054846,
                    51.48810838788491
                  ],
                  [
                    -0.14136199250278303,
                    51.48809571841911
                  ],
                  [
                    -0.14138234011542097,
                    51.488095859818365
                  ],
                  [
                    -0.14138211302318643,
                    51.48810852928416
                  ]
                ]
              ],
              [
                [
                  [
                    -0.1413517733522282,
                    51.48866584437981
                  ],
                  [
                    -0.14133142573959023,
                    51.488665702980555
                  ],
                  [
                    -0.1413311986473557,
                    51.48867837244635
                  ],
                  [
                    -0.14131085103471772,
                    51.48867823104709
                  ],
                  [
                    -0.14131107812695226,
                    51.4886655615813
                  ],
                  [
                    -0.14129073051431432,
                    51.488665420182045
                  ],
                  [
                    -0.14129095760654886,
                    51.48865275071625
                  ],
                  [
                    -0.14131130521918683,
                    51.4886528921155
                  ],
                  [
                    -0.14131153231142138,
                    51.488640222649714
                  ],
                  [
                    -0.14127083708614543,
                    51.4886399398512
                  ],
                  [
                    -0.14127038290167634,
                    51.48866527878278
                  ],
                  [
                    -0.14125003528903837,
                    51.48866513738353
                  ],
                  [
                    -0.14125026238127292,
                    51.48865246791774
                  ],
                  [
                    -0.14122991476863495,
                    51.488652326518476
                  ],
                  [
                    -0.14123014186086952,
                    51.48863965705269
                  ],
                  [
                    -0.14125048947350746,
                    51.48863979845194
                  ],
                  [
                    -0.14125094365797658,
                    51.488614459520356
                  ],
                  [
                    -0.1412305960453386,
                    51.4886143181211
                  ],
                  [
                    -0.1412310502298077,
                    51.488588979189515
                  ],
                  [
                    -0.14121070261716975,
                    51.48858883779025
                  ],
                  [
                    -0.14121047552493518,
                    51.48860150725605
                  ],
                  [
                    -0.14116978029965926,
                    51.48860122445754
                  ],
                  [
                    -0.14117023448412835,
                    51.48857588552595
                  ],
                  [
                    -0.14119058209676633,
                    51.48857602692521
                  ],
                  [
                    -0.14119080918900087,
                    51.48856335745941
                  ],
                  [
                    -0.14115011396372495,
                    51.4885630746609
                  ],
                  [
                    -0.14114920559478675,
                    51.488613752524074
                  ],
                  [
                    -0.1411085103695108,
                    51.488613469725564
                  ],
                  [
                    -0.14110873746174535,
                    51.48860080025977
                  ],
                  [
                    -0.14112908507438332,
                    51.48860094165902
                  ],
                  [
                    -0.14112931216661787,
                    51.48858827219323
                  ],
                  [
                    -0.1411089645539799,
                    51.48858813079397
                  ],
                  [
                    -0.141109418738449,
                    51.488562791862385
                  ],
                  [
                    -0.14108907112581104,
                    51.48856265046313
                  ],
                  [
                    -0.1410888440335765,
                    51.48857531992893
                  ],
                  [
                    -0.14106849642093852,
                    51.488575178529665
                  ],
                  [
                    -0.14106872351317307,
                    51.488562509063875
                  ],
                  [
                    -0.1410483759005351,
                    51.48856236766462
                  ],
                  [
                    -0.1410488300850042,
                    51.488537028733035
                  ],
                  [
                    -0.14106917769764218,
                    51.48853717013229
                  ],
                  [
                    -0.1410700860665804,
                    51.48848649226911
                  ],
                  [
                    -0.14109043367921836,
                    51.48848663366837
                  ],
                  [
                    -0.1410902065869838,
                    51.48849930313416
                  ],
                  [
                    -0.14111055419962176,
                    51.48849944453342
                  ],
                  [
                    -0.14111032710738722,
                    51.488512113999214
                  ],
                  [
                    -0.14108997949474925,
                    51.48851197259996
                  ],
                  [
                    -0.1410897524025147,
                    51.48852464206575
                  ],
                  [
                    -0.14113044762779062,
                    51.488524924864265
                  ],
                  [
                    -0.1411306747200252,
                    51.48851225539847
                  ],
                  [
                    -0.14115102233266316,
                    51.488512396797724
                  ],
                  [
                    -0.14115056814819404,
                    51.48853773572932
                  ],
                  [
                    -0.14117091576083202,
                    51.48853787712857
                  ],
                  [
                    -0.14117068866859747,
                    51.48855054659436
                  ],
                  [
                    -0.1412113838938734,
                    51.48855082939288
                  ],
                  [
                    -0.1412109297094043,
                    51.488576168324464
                  ],
                  [
                    -0.1412719725473182,
                    51.488576592522236
                  ],
                  [
                    -0.14127174545508364,
                    51.488589261988025
                  ],
                  [
                    -0.14131244068035959,
                    51.488589544786535
                  ],
                  [
                    -0.14131221358812504,
                    51.48860221425233
                  ],
                  [
                    -0.14133256120076299,
                    51.48860235565159
                  ],
                  [
                    -0.14133233410852844,
                    51.48861502511738
                  ],
                  [
                    -0.14131198649589047,
                    51.48861488371813
                  ],
                  [
                    -0.14131175940365592,
                    51.48862755318392
                  ],
                  [
                    -0.1413321070162939,
                    51.48862769458317
                  ],
                  [
                    -0.14133165283182478,
                    51.488653033514765
                  ],
                  [
                    -0.14135200044446275,
                    51.48865317491402
                  ],
                  [
                    -0.1413517733522282,
                    51.48866584437981
                  ]
                ],
                [
                  [
                    -0.141109418738449,
                    51.488562791862385
                  ],
                  [
                    -0.14112976635108698,
                    51.48856293326164
                  ],
                  [
                    -0.14113022053555607,
                    51.488537594330055
                  ],
                  [
                    -0.14108952531028016,
                    51.488537311531545
                  ],
                  [
                    -0.14108929821804558,
                    51.48854998099734
                  ],
                  [
                    -0.14110964583068356,
                    51.488550122396596
                  ],
                  [
                    -0.141109418738449,
                    51.488562791862385
                  ]
                ],
                [
                  [
                    -0.1412715183628491,
                    51.48860193145382
                  ],
                  [
                    -0.14127106417837998,
                    51.48862727038541
                  ],
                  [
                    -0.14129141179101795,
                    51.48862741178466
                  ],
                  [
                    -0.14129186597548707,
                    51.48860207285308
                  ],
                  [
                    -0.1412715183628491,
                    51.48860193145382
                  ]
                ],
                [
                  [
                    -0.14127174545508364,
                    51.488589261988025
                  ],
                  [
                    -0.14125139784244567,
                    51.48858912058877
                  ],
                  [
                    -0.14125117075021112,
                    51.48860179005456
                  ],
                  [
                    -0.1412715183628491,
                    51.48860193145382
                  ],
                  [
                    -0.14127174545508364,
                    51.488589261988025
                  ]
                ]
              ],
              [
                [
                  [
                    -0.14130176734533567,
                    51.48918500967883
                  ],
                  [
                    -0.1412814197326977,
                    51.48918486827957
                  ],
                  [
                    -0.14128119264046315,
                    51.48919753774536
                  ],
                  [
                    -0.14126084502782518,
                    51.48919739634611
                  ],
                  [
                    -0.14126129921229427,
                    51.48917205741452
                  ],
                  [
                    -0.1412409515996563,
                    51.489171916015266
                  ],
                  [
                    -0.14124117869189087,
                    51.48915924654947
                  ],
                  [
                    -0.14126152630452884,
                    51.489159387948725
                  ],
                  [
                    -0.14126198048899793,
                    51.48913404901714
                  ],
                  [
                    -0.14124163287635996,
                    51.489133907617884
                  ],
                  [
                    -0.14124208706082908,
                    51.4891085686863
                  ],
                  [
                    -0.14126243467346702,
                    51.48910871008555
                  ],
                  [
                    -0.1412626617657016,
                    51.48909604061976
                  ],
                  [
                    -0.14128300937833957,
                    51.48909618201902
                  ],
                  [
                    -0.14128255519387045,
                    51.489121520950604
                  ],
                  [
                    -0.14130290280650842,
                    51.48912166234986
                  ],
                  [
                    -0.1413024486220393,
                    51.489147001281445
                  ],
                  [
                    -0.14128210100940136,
                    51.48914685988219
                  ],
                  [
                    -0.14128164682493224,
                    51.489172198813776
                  ],
                  [
                    -0.14130199443757022,
                    51.48917234021303
                  ],
                  [
                    -0.14130176734533567,
                    51.48918500967883
                  ]
                ]
              ],
              [
                [
                  [
                    -0.1413165283405815,
                    51.488361494402255
                  ],
                  [
                    -0.14129618072794353,
                    51.488361353003
                  ],
                  [
                    -0.14129549945123987,
                    51.48839936140038
                  ],
                  [
                    -0.14127515183860193,
                    51.48839922000113
                  ],
                  [
                    -0.14127560602307102,
                    51.48837388106954
                  ],
                  [
                    -0.14125525841043304,
                    51.48837373967028
                  ],
                  [
                    -0.1412554855026676,
                    51.48836107020449
                  ],
                  [
                    -0.14127583311530556,
                    51.488361211603745
                  ],
                  [
                    -0.14127628729977468,
                    51.48833587267216
                  ],
                  [
                    -0.14129663491241265,
                    51.488336014071415
                  ],
                  [
                    -0.14129640782017808,
                    51.48834868353721
                  ],
                  [
                    -0.14131675543281605,
                    51.488348824936466
                  ],
                  [
                    -0.1413165283405815,
                    51.488361494402255
                  ]
                ]
              ],
              [
                [
                  [
                    -0.14131811798622337,
                    51.4882728081417
                  ],
                  [
                    -0.14127742276094743,
                    51.48827252534319
                  ],
                  [
                    -0.14127764985318197,
                    51.488259855877395
                  ],
                  [
                    -0.14129799746581995,
                    51.48825999727666
                  ],
                  [
                    -0.1412982245580545,
                    51.48824732781086
                  ],
                  [
                    -0.14131857217069246,
                    51.488247469210116
                  ],
                  [
                    -0.14131811798622337,
                    51.4882728081417
                  ]
                ]
              ],
              [
                [
                  [
                    -0.14132107018527254,
                    51.48810810508639
                  ],
                  [
                    -0.14123967973472065,
                    51.48810753948936
                  ],
                  [
                    -0.14123990682695522,
                    51.48809487002357
                  ],
                  [
                    -0.14132129727750709,
                    51.4880954356206
                  ],
                  [
                    -0.14132107018527254,
                    51.48810810508639
                  ]
                ]
              ],
              [
                [
                  [
                    -0.14127960299482129,
                    51.489286224005916
                  ],
                  [
                    -0.14123890776954534,
                    51.489285941207406
                  ],
                  [
                    -0.1412391348617799,
                    51.48927327174161
                  ],
                  [
                    -0.14125948247441786,
                    51.489273413140864
                  ],
                  [
                    -0.14125970956665243,
                    51.489260743675075
                  ],
                  [
                    -0.14128005717929037,
                    51.48926088507433
                  ],
                  [
                    -0.14127960299482129,
                    51.489286224005916
                  ]
                ]
              ],
              [
                [
                  [
                    -0.14128028427152495,
                    51.48924821560854
                  ],
                  [
                    -0.141239589046249,
                    51.489247932810024
                  ],
                  [
                    -0.14123981613848355,
                    51.489235263344234
                  ],
                  [
                    -0.14121946852584558,
                    51.48923512194497
                  ],
                  [
                    -0.1412199227103147,
                    51.489209783013386
                  ],
                  [
                    -0.14128096554822858,
                    51.48921020721116
                  ],
                  [
                    -0.14128028427152495,
                    51.48924821560854
                  ]
                ],
                [
                  [
                    -0.14123981613848355,
                    51.489235263344234
                  ],
                  [
                    -0.14126016375112152,
                    51.48923540474349
                  ],
                  [
                    -0.14126039084335607,
                    51.48922273527769
                  ],
                  [
                    -0.1412400432307181,
                    51.48922259387844
                  ],
                  [
                    -0.14123981613848355,
                    51.489235263344234
                  ]
                ]
              ],
              [
                [
                  [
                    -0.14128528030068507,
                    51.48896948736108
                  ],
                  [
                    -0.14124458507540913,
                    51.48896920456257
                  ],
                  [
                    -0.14124435798317458,
                    51.48898187402836
                  ],
                  [
                    -0.14120366275789864,
                    51.48898159122985
                  ],
                  [
                    -0.1412038898501332,
                    51.488968921764055
                  ],
                  [
                    -0.14118354223749524,
                    51.4889687803648
                  ],
                  [
                    -0.14118376932972979,
                    51.48895611089901
                  ],
                  [
                    -0.1411634217170918,
                    51.48895596949975
                  ],
                  [
                    -0.14116387590156093,
                    51.48893063056816
                  ],
                  [
                    -0.14118422351419888,
                    51.48893077196742
                  ],
                  [
                    -0.14118399642196433,
                    51.488943441433214
                  ],
                  [
                    -0.1412043440346023,
                    51.48894358283247
                  ],
                  [
                    -0.14120411694236776,
                    51.488956252298266
                  ],
                  [
                    -0.14124481216764367,
                    51.488956535096776
                  ],
                  [
                    -0.14124503925987825,
                    51.488943865630986
                  ],
                  [
                    -0.14128573448515416,
                    51.488944148429496
                  ],
                  [
                    -0.14128528030068507,
                    51.48896948736108
                  ]
                ]
              ],
              [
                [
                  [
                    -0.14128686994632694,
                    51.48888080110053
                  ],
                  [
                    -0.14122582710841303,
                    51.48888037690276
                  ],
                  [
                    -0.14122628129288212,
                    51.48885503797117
                  ],
                  [
                    -0.1411855860676062,
                    51.48885475517266
                  ],
                  [
                    -0.14118581315984075,
                    51.488842085706864
                  ],
                  [
                    -0.14116546554720277,
                    51.48884194430761
                  ],
                  [
                    -0.1411659197316719,
                    51.48881660537602
                  ],
                  [
                    -0.14114557211903392,
                    51.48881646397677
                  ],
                  [
                    -0.14114534502679937,
                    51.488829133442565
                  ],
                  [
                    -0.1411249974141614,
                    51.4888289920433
                  ],
                  [
                    -0.14112522450639595,
                    51.48881632257751
                  ],
                  [
                    -0.14110487689375797,
                    51.48881618117826
                  ],
                  [
                    -0.14110510398599252,
                    51.48880351171246
                  ],
                  [
                    -0.14108475637335458,
                    51.48880337031321
                  ],
                  [
                    -0.14108521055782366,
                    51.48877803138162
                  ],
                  [
                    -0.14110555817046164,
                    51.488778172780876
                  ],
                  [
                    -0.14110578526269618,
                    51.48876550331508
                  ],
                  [
                    -0.14112613287533415,
                    51.488765644714334
                  ],
                  [
                    -0.14112567869086506,
                    51.48879098364593
                  ],
                  [
                    -0.141146026303503,
                    51.48879112504518
                  ],
                  [
                    -0.14114579921126846,
                    51.48880379451097
                  ],
                  [
                    -0.14116614682390644,
                    51.488803935910234
                  ],
                  [
                    -0.14116637391614098,
                    51.48879126644444
                  ],
                  [
                    -0.14118672152877895,
                    51.48879140784369
                  ],
                  [
                    -0.1411860402520753,
                    51.488829416241074
                  ],
                  [
                    -0.14122673547735123,
                    51.488829699039584
                  ],
                  [
                    -0.1412265083851167,
                    51.48884236850538
                  ],
                  [
                    -0.14124685599775466,
                    51.488842509904636
                  ],
                  [
                    -0.14124640181328554,
                    51.48886784883622
                  ],
                  [
                    -0.1412870970385615,
                    51.48886813163474
                  ],
                  [
                    -0.14128686994632694,
                    51.48888080110053
                  ]
                ]
              ],
              [
                [
                  [
                    -0.14127764985318197,
                    51.488259855877395
                  ],
                  [
                    -0.141257302240544,
                    51.48825971447814
                  ],
                  [
                    -0.14125752933277858,
                    51.48824704501235
                  ],
                  [
                    -0.1412371817201406,
                    51.48824690361309
                  ],
                  [
                    -0.14123740881237515,
                    51.4882342341473
                  ],
                  [
                    -0.1412781040376511,
                    51.48823451694581
                  ],
                  [
                    -0.14127764985318197,
                    51.488259855877395
                  ]
                ]
              ],
              [
                [
                  [
                    -0.14124117869189087,
                    51.48915924654947
                  ],
                  [
                    -0.1412208310792529,
                    51.489159105150215
                  ],
                  [
                    -0.14122060398701836,
                    51.48917177461601
                  ],
                  [
                    -0.14120025637438038,
                    51.48917163321675
                  ],
                  [
                    -0.14120071055884947,
                    51.48914629428516
                  ],
                  [
                    -0.14124140578412542,
                    51.48914657708368
                  ],
                  [
                    -0.14124117869189087,
                    51.48915924654947
                  ]
                ]
              ],
              [
                [
                  [
                    -0.1412199227103147,
                    51.489209783013386
                  ],
                  [
                    -0.14119957509767672,
                    51.48920964161413
                  ],
                  [
                    -0.14119912091320763,
                    51.48923498054572
                  ],
                  [
                    -0.14117877330056966,
                    51.48923483914646
                  ],
                  [
                    -0.14117854620833512,
                    51.48924750861225
                  ],
                  [
                    -0.14115819859569714,
                    51.489247367213
                  ],
                  [
                    -0.14115865278016623,
                    51.48922202828141
                  ],
                  [
                    -0.14113830516752826,
                    51.489221886882156
                  ],
                  [
                    -0.14113807807529372,
                    51.489234556347945
                  ],
                  [
                    -0.14111773046265574,
                    51.48923441494869
                  ],
                  [
                    -0.1411175033704212,
                    51.48924708441449
                  ],
                  [
                    -0.14109715575778323,
                    51.48924694301523
                  ],
                  [
                    -0.14109760994225234,
                    51.489221604083646
                  ],
                  [
                    -0.14111795755489032,
                    51.4892217454829
                  ],
                  [
                    -0.1411184117393594,
                    51.489196406551315
                  ],
                  [
                    -0.14113875935199738,
                    51.48919654795057
                  ],
                  [
                    -0.14113898644423192,
                    51.48918387848477
                  ],
                  [
                    -0.1411593340568699,
                    51.48918401988403
                  ],
                  [
                    -0.14115956114910444,
                    51.48917135041824
                  ],
                  [
                    -0.14113921353646647,
                    51.489171209018984
                  ],
                  [
                    -0.14113944062870104,
                    51.48915853955319
                  ],
                  [
                    -0.14118013585397696,
                    51.489158822351705
                  ],
                  [
                    -0.1411799087617424,
                    51.489171491817494
                  ],
                  [
                    -0.14120025637438038,
                    51.48917163321675
                  ],
                  [
                    -0.14119980218991127,
                    51.489196972148335
                  ],
                  [
                    -0.14122014980254924,
                    51.4891971135476
                  ],
                  [
                    -0.1412199227103147,
                    51.489209783013386
                  ]
                ],
                [
                  [
                    -0.14115865278016623,
                    51.48922202828141
                  ],
                  [
                    -0.1411790003928042,
                    51.489222169680666
                  ],
                  [
                    -0.14117922748503875,
                    51.489209500214876
                  ],
                  [
                    -0.14115887987240078,
                    51.48920935881562
                  ],
                  [
                    -0.14115865278016623,
                    51.48922202828141
                  ]
                ]
              ],
              [
                [
                  [
                    -0.14123014186086952,
                    51.48863965705269
                  ],
                  [
                    -0.1411690990229556,
                    51.488639232854915
                  ],
                  [
                    -0.14116932611519015,
                    51.488626563389126
                  ],
                  [
                    -0.14118967372782812,
                    51.48862670478838
                  ],
                  [
                    -0.14118990082006266,
                    51.488614035322584
                  ],
                  [
                    -0.14121024843270064,
                    51.488614176721846
                  ],
                  [
                    -0.1412100213404661,
                    51.488626846187636
                  ],
                  [
                    -0.14123036895310406,
                    51.48862698758689
                  ],
                  [
                    -0.14123014186086952,
                    51.48863965705269
                  ]
                ]
              ],
              [
                [
                  [
                    -0.14123899845801702,
                    51.488145547886745
                  ],
                  [
                    -0.14119830323274107,
                    51.488145265088235
                  ],
                  [
                    -0.14119853032497562,
                    51.48813259562244
                  ],
                  [
                    -0.14117818271233765,
                    51.488132454223184
                  ],
                  [
                    -0.14117840980457222,
                    51.48811978475739
                  ],
                  [
                    -0.14115806219193425,
                    51.48811964335813
                  ],
                  [
                    -0.14115851637640334,
                    51.488094304426546
                  ],
                  [
                    -0.1411788639890413,
                    51.4880944458258
                  ],
                  [
                    -0.14117863689680676,
                    51.4881071152916
                  ],
                  [
                    -0.14123967973472065,
                    51.48810753948936
                  ],
                  [
                    -0.1412394526424861,
                    51.48812020895516
                  ],
                  [
                    -0.14121910502984814,
                    51.488120067555904
                  ],
                  [
                    -0.1412188779376136,
                    51.488132737021694
                  ],
                  [
                    -0.14123922555025156,
                    51.48813287842095
                  ],
                  [
                    -0.14123899845801702,
                    51.488145547886745
                  ]
                ]
              ],
              [
                [
                  [
                    -0.14121479027739167,
                    51.48836078740597
                  ],
                  [
                    -0.1411944426647537,
                    51.48836064600672
                  ],
                  [
                    -0.14119421557251915,
                    51.488373315472515
                  ],
                  [
                    -0.14117386795988118,
                    51.48837317407325
                  ],
                  [
                    -0.14117432214435027,
                    51.48834783514167
                  ],
                  [
                    -0.14121501736962622,
                    51.488348117940184
                  ],
                  [
                    -0.14121479027739167,
                    51.48836078740597
                  ]
                ]
              ],
              [
                [
                  [
                    -0.14121524446186076,
                    51.48833544847439
                  ],
                  [
                    -0.14117454923658485,
                    51.48833516567588
                  ],
                  [
                    -0.14117432214435027,
                    51.48834783514167
                  ],
                  [
                    -0.14115397453171233,
                    51.48834769374241
                  ],
                  [
                    -0.14115420162394687,
                    51.48833502427662
                  ],
                  [
                    -0.14111350639867093,
                    51.488334741478106
                  ],
                  [
                    -0.14111373349090547,
                    51.488322072012316
                  ],
                  [
                    -0.14115442871618142,
                    51.488322354810826
                  ],
                  [
                    -0.14115465580841596,
                    51.48830968534503
                  ],
                  [
                    -0.14117500342105394,
                    51.48830982674429
                  ],
                  [
                    -0.1411747763288194,
                    51.48832249621008
                  ],
                  [
                    -0.14121547155409533,
                    51.4883227790086
                  ],
                  [
                    -0.14121524446186076,
                    51.48833544847439
                  ]
                ]
              ],
              [
                [
                  [
                    -0.14121706119973718,
                    51.488234092748044
                  ],
                  [
                    -0.1411967135870992,
                    51.48823395134879
                  ],
                  [
                    -0.14119694067933378,
                    51.48822128188299
                  ],
                  [
                    -0.1411765930666958,
                    51.48822114048374
                  ],
                  [
                    -0.1411770472511649,
                    51.48819580155215
                  ],
                  [
                    -0.14119739486380287,
                    51.48819594295141
                  ],
                  [
                    -0.14119716777156832,
                    51.488208612417196
                  ],
                  [
                    -0.1412175153842063,
                    51.48820875381646
                  ],
                  [
                    -0.14121706119973718,
                    51.488234092748044
                  ]
                ]
              ],
              [
                [
                  [
                    -0.14119648649486466,
                    51.48824662081458
                  ],
                  [
                    -0.14115579126958872,
                    51.48824633801607
                  ],
                  [
                    -0.14115624545405783,
                    51.48822099908448
                  ],
                  [
                    -0.1411765930666958,
                    51.48822114048374
                  ],
                  [
                    -0.14117636597446126,
                    51.48823380994953
                  ],
                  [
                    -0.1411967135870992,
                    51.48823395134879
                  ],
                  [
                    -0.14119648649486466,
                    51.48824662081458
                  ]
                ]
              ],
              [
                [
                  [
                    -0.14115797150346257,
                    51.48926003667879
                  ],
                  [
                    -0.14113762389082463,
                    51.48925989527954
                  ],
                  [
                    -0.14113739679859005,
                    51.48927256474533
                  ],
                  [
                    -0.1411170491859521,
                    51.48927242334607
                  ],
                  [
                    -0.141116595001483,
                    51.48929776227766
                  ],
                  [
                    -0.14109624738884502,
                    51.4892976208784
                  ],
                  [
                    -0.14109670157331414,
                    51.48927228194682
                  ],
                  [
                    -0.14107635396067617,
                    51.48927214054756
                  ],
                  [
                    -0.14107589977620705,
                    51.48929747947915
                  ],
                  [
                    -0.1410555521635691,
                    51.489297338079886
                  ],
                  [
                    -0.14105577925580365,
                    51.4892846686141
                  ],
                  [
                    -0.14103543164316568,
                    51.48928452721484
                  ],
                  [
                    -0.14103565873540022,
                    51.489271857749046
                  ],
                  [
                    -0.1410560063480382,
                    51.4892719991483
                  ],
                  [
                    -0.14105623344027274,
                    51.48925932968251
                  ],
                  [
                    -0.14111727627818665,
                    51.489259753880276
                  ],
                  [
                    -0.1411175033704212,
                    51.48924708441449
                  ],
                  [
                    -0.14115819859569714,
                    51.489247367213
                  ],
                  [
                    -0.14115797150346257,
                    51.48926003667879
                  ]
                ]
              ],
              [
                [
                  [
                    -0.14116410299379548,
                    51.48891796110237
                  ],
                  [
                    -0.1411437553811575,
                    51.48891781970311
                  ],
                  [
                    -0.14114398247339205,
                    51.48890515023732
                  ],
                  [
                    -0.14112363486075408,
                    51.48890500883807
                  ],
                  [
                    -0.14112386195298865,
                    51.48889233937227
                  ],
                  [
                    -0.14110351434035068,
                    51.488892197973016
                  ],
                  [
                    -0.14110374143258522,
                    51.48887952850722
                  ],
                  [
                    -0.14114443665786117,
                    51.488879811305736
                  ],
                  [
                    -0.1411442095656266,
                    51.488892480771526
                  ],
                  [
                    -0.14116455717826457,
                    51.48889262217079
                  ],
                  [
                    -0.14116410299379548,
                    51.48891796110237
                  ]
                ]
              ],
              [
                [
                  [
                    -0.1411770472511649,
                    51.48819580155215
                  ],
                  [
                    -0.14115669963852692,
                    51.48819566015289
                  ],
                  [
                    -0.14115624545405783,
                    51.48822099908448
                  ],
                  [
                    -0.14113589784141986,
                    51.48822085768522
                  ],
                  [
                    -0.1411361249336544,
                    51.48820818821943
                  ],
                  [
                    -0.1410954297083785,
                    51.488207905420914
                  ],
                  [
                    -0.14109565680061303,
                    51.488195235955125
                  ],
                  [
                    -0.141116004413251,
                    51.48819537735438
                  ],
                  [
                    -0.1411164585977201,
                    51.488170038422794
                  ],
                  [
                    -0.14115715382299604,
                    51.488170321221304
                  ],
                  [
                    -0.14115738091523058,
                    51.488157651755515
                  ],
                  [
                    -0.14117772852786856,
                    51.48815779315477
                  ],
                  [
                    -0.1411770472511649,
                    51.48819580155215
                  ]
                ],
                [
                  [
                    -0.14115669963852692,
                    51.48819566015289
                  ],
                  [
                    -0.1411569267307615,
                    51.4881829906871
                  ],
                  [
                    -0.14113657911812352,
                    51.488182849287845
                  ],
                  [
                    -0.14113635202588898,
                    51.488195518753635
                  ],
                  [
                    -0.14115669963852692,
                    51.48819566015289
                  ]
                ]
              ],
              [
                [
                  [
                    -0.14113944062870104,
                    51.48915853955319
                  ],
                  [
                    -0.1410987454034251,
                    51.48915825675468
                  ],
                  [
                    -0.14109942668012876,
                    51.489120248357295
                  ],
                  [
                    -0.1411197742927667,
                    51.48912038975655
                  ],
                  [
                    -0.14111954720053216,
                    51.48913305922235
                  ],
                  [
                    -0.14113989481317013,
                    51.4891332006216
                  ],
                  [
                    -0.14113944062870104,
                    51.48915853955319
                  ]
                ]
              ],
              [
                [
                  [
                    -0.14114352828892296,
                    51.48893048916891
                  ],
                  [
                    -0.14110283306364702,
                    51.4889302063704
                  ],
                  [
                    -0.14110328724811613,
                    51.488904867438805
                  ],
                  [
                    -0.14112363486075408,
                    51.48890500883807
                  ],
                  [
                    -0.14112340776851953,
                    51.48891767830386
                  ],
                  [
                    -0.1411437553811575,
                    51.48891781970311
                  ],
                  [
                    -0.14114352828892296,
                    51.48893048916891
                  ]
                ]
              ],
              [
                [
                  [
                    -0.14115465580841596,
                    51.48830968534503
                  ],
                  [
                    -0.14111396058314005,
                    51.48830940254652
                  ],
                  [
                    -0.1411141876753746,
                    51.48829673308072
                  ],
                  [
                    -0.14109384006273662,
                    51.48829659168147
                  ],
                  [
                    -0.14109406715497116,
                    51.48828392221568
                  ],
                  [
                    -0.1411347623802471,
                    51.48828420501419
                  ],
                  [
                    -0.14113453528801256,
                    51.488296874479985
                  ],
                  [
                    -0.14115488290065054,
                    51.48829701587924
                  ],
                  [
                    -0.14115465580841596,
                    51.48830968534503
                  ]
                ]
              ],
              [
                [
                  [
                    -0.14109988086459785,
                    51.48909490942571
                  ],
                  [
                    -0.14107953325195988,
                    51.489094768026455
                  ],
                  [
                    -0.14107930615972533,
                    51.489107437492244
                  ],
                  [
                    -0.14105895854708736,
                    51.48910729609299
                  ],
                  [
                    -0.14105873145485281,
                    51.489119965558785
                  ],
                  [
                    -0.14103838384221484,
                    51.48911982415952
                  ],
                  [
                    -0.1410381567499803,
                    51.48913249362532
                  ],
                  [
                    -0.14101780913734233,
                    51.489132352226065
                  ],
                  [
                    -0.14101803622957687,
                    51.48911968276027
                  ],
                  [
                    -0.1409976886169389,
                    51.48911954136101
                  ],
                  [
                    -0.14099791570917347,
                    51.48910687189522
                  ],
                  [
                    -0.1410386109344494,
                    51.489107154693734
                  ],
                  [
                    -0.14103883802668396,
                    51.48909448522794
                  ],
                  [
                    -0.141018490414046,
                    51.48909434382868
                  ],
                  [
                    -0.14101894459851508,
                    51.4890690048971
                  ],
                  [
                    -0.14103929221115305,
                    51.48906914629635
                  ],
                  [
                    -0.1410390651189185,
                    51.48908181576215
                  ],
                  [
                    -0.1411001079568324,
                    51.48908223995991
                  ],
                  [
                    -0.14109988086459785,
                    51.48909490942571
                  ]
                ]
              ],
              [
                [
                  [
                    -0.14110374143258522,
                    51.48887952850722
                  ],
                  [
                    -0.14108339381994725,
                    51.488879387107964
                  ],
                  [
                    -0.1410831667277127,
                    51.48889205657376
                  ],
                  [
                    -0.14106281911507473,
                    51.4888919151745
                  ],
                  [
                    -0.14106327329954385,
                    51.48886657624291
                  ],
                  [
                    -0.14104292568690588,
                    51.48886643484366
                  ],
                  [
                    -0.14104315277914042,
                    51.48885376537787
                  ],
                  [
                    -0.14108384800441637,
                    51.48885404817638
                  ],
                  [
                    -0.1410836209121818,
                    51.488866717642175
                  ],
                  [
                    -0.14110396852481977,
                    51.48886685904143
                  ],
                  [
                    -0.14110374143258522,
                    51.48887952850722
                  ]
                ]
              ],
              [
                [
                  [
                    -0.14111373349090547,
                    51.488322072012316
                  ],
                  [
                    -0.14105269065299159,
                    51.488321647814544
                  ],
                  [
                    -0.14105314483746068,
                    51.48829630888296
                  ],
                  [
                    -0.14109384006273662,
                    51.48829659168147
                  ],
                  [
                    -0.14109361297050207,
                    51.488309261147265
                  ],
                  [
                    -0.14111396058314005,
                    51.48830940254652
                  ],
                  [
                    -0.14111373349090547,
                    51.488322072012316
                  ]
                ]
              ],
              [
                [
                  [
                    -0.1411164585977201,
                    51.488170038422794
                  ],
                  [
                    -0.14107576337244418,
                    51.48816975562428
                  ],
                  [
                    -0.14107621755691327,
                    51.48814441669269
                  ],
                  [
                    -0.14109656516955124,
                    51.48814455809195
                  ],
                  [
                    -0.1410963380773167,
                    51.48815722755774
                  ],
                  [
                    -0.14111668568995464,
                    51.488157368957
                  ],
                  [
                    -0.1411164585977201,
                    51.488170038422794
                  ]
                ]
              ],
              [
                [
                  [
                    -0.14108566474229278,
                    51.488752692450035
                  ],
                  [
                    -0.14104496951701684,
                    51.48875240965152
                  ],
                  [
                    -0.14104519660925138,
                    51.48873974018573
                  ],
                  [
                    -0.1410248489966134,
                    51.488739598786466
                  ],
                  [
                    -0.14102507608884798,
                    51.48872692932068
                  ],
                  [
                    -0.14108611892676187,
                    51.48872735351844
                  ],
                  [
                    -0.14108566474229278,
                    51.488752692450035
                  ]
                ]
              ],
              [
                [
                  [
                    -0.14109452133944028,
                    51.48825858328409
                  ],
                  [
                    -0.1410741737268023,
                    51.48825844188483
                  ],
                  [
                    -0.14107394663456777,
                    51.48827111135063
                  ],
                  [
                    -0.14095186095873996,
                    51.48827026295509
                  ],
                  [
                    -0.14095231514320905,
                    51.488244924023505
                  ],
                  [
                    -0.14097266275584702,
                    51.48824506542276
                  ],
                  [
                    -0.14097288984808157,
                    51.48823239595696
                  ],
                  [
                    -0.1409525422354436,
                    51.48823225455771
                  ],
                  [
                    -0.14095276932767817,
                    51.48821958509191
                  ],
                  [
                    -0.1409324217150402,
                    51.48821944369266
                  ],
                  [
                    -0.14093219462280565,
                    51.48823211315845
                  ],
                  [
                    -0.14087115178489173,
                    51.48823168896068
                  ],
                  [
                    -0.1408718330615954,
                    51.4881936805633
                  ],
                  [
                    -0.14089218067423337,
                    51.48819382196256
                  ],
                  [
                    -0.1408919535819988,
                    51.48820649142835
                  ],
                  [
                    -0.14093264880727474,
                    51.48820677422687
                  ],
                  [
                    -0.14093287589950929,
                    51.48819410476107
                  ],
                  [
                    -0.14095322351214726,
                    51.488194246160326
                  ],
                  [
                    -0.1409529964199127,
                    51.48820691562612
                  ],
                  [
                    -0.14099369164518866,
                    51.48820719842463
                  ],
                  [
                    -0.14099346455295408,
                    51.48821986789043
                  ],
                  [
                    -0.14101381216559206,
                    51.488220009289684
                  ],
                  [
                    -0.1410135850733575,
                    51.48823267875548
                  ],
                  [
                    -0.1410746279112714,
                    51.488233102953245
                  ],
                  [
                    -0.14107440081903685,
                    51.48824577241904
                  ],
                  [
                    -0.14109474843167483,
                    51.4882459138183
                  ],
                  [
                    -0.14109452133944028,
                    51.48825858328409
                  ]
                ],
                [
                  [
                    -0.1410131308888884,
                    51.488258017687066
                  ],
                  [
                    -0.14101335798112297,
                    51.48824534822127
                  ],
                  [
                    -0.140993010368485,
                    51.488245206822015
                  ],
                  [
                    -0.14099278327625045,
                    51.48825787628781
                  ],
                  [
                    -0.1410131308888884,
                    51.488258017687066
                  ]
                ]
              ],
              [
                [
                  [
                    -0.14109565680061303,
                    51.488195235955125
                  ],
                  [
                    -0.1410549615753371,
                    51.48819495315661
                  ],
                  [
                    -0.14105518866757166,
                    51.48818228369082
                  ],
                  [
                    -0.1410348410549337,
                    51.48818214229156
                  ],
                  [
                    -0.14103506814716824,
                    51.48816947282577
                  ],
                  [
                    -0.14101472053453026,
                    51.48816933142651
                  ],
                  [
                    -0.1410149476267648,
                    51.488156661960716
                  ],
                  [
                    -0.14105564285204075,
                    51.48815694475923
                  ],
                  [
                    -0.1410554157598062,
                    51.48816961422502
                  ],
                  [
                    -0.14107576337244418,
                    51.48816975562428
                  ],
                  [
                    -0.1410755362802096,
                    51.48818242509007
                  ],
                  [
                    -0.14109588389284758,
                    51.48818256648933
                  ],
                  [
                    -0.14109565680061303,
                    51.488195235955125
                  ]
                ]
              ],
              [
                [
                  [
                    -0.14105532507133453,
                    51.48931000754568
                  ],
                  [
                    -0.14099428223342064,
                    51.48930958334791
                  ],
                  [
                    -0.1409945093256552,
                    51.48929691388212
                  ],
                  [
                    -0.14095381410037924,
                    51.489296631083604
                  ],
                  [
                    -0.14095404119261382,
                    51.489283961617815
                  ],
                  [
                    -0.14093369357997584,
                    51.48928382021856
                  ],
                  [
                    -0.1409339206722104,
                    51.489271150752764
                  ],
                  [
                    -0.1409949635101243,
                    51.489271574950536
                  ],
                  [
                    -0.14099473641788973,
                    51.489284244416325
                  ],
                  [
                    -0.14103543164316568,
                    51.48928452721484
                  ],
                  [
                    -0.14103520455093113,
                    51.48929719668063
                  ],
                  [
                    -0.1410555521635691,
                    51.489297338079886
                  ],
                  [
                    -0.14105532507133453,
                    51.48931000754568
                  ]
                ]
              ],
              [
                [
                  [
                    -0.14107031315881494,
                    51.48847382280332
                  ],
                  [
                    -0.141029617933539,
                    51.48847354000481
                  ],
                  [
                    -0.14102939084130445,
                    51.4884862094706
                  ],
                  [
                    -0.14104973845394242,
                    51.488486350869856
                  ],
                  [
                    -0.14104951136170787,
                    51.48849902033565
                  ],
                  [
                    -0.1410291637490699,
                    51.4884988789364
                  ],
                  [
                    -0.14102893665683536,
                    51.48851154840219
                  ],
                  [
                    -0.14100858904419739,
                    51.48851140700293
                  ],
                  [
                    -0.14100881613643193,
                    51.488498737537135
                  ],
                  [
                    -0.14098846852379396,
                    51.48849859613788
                  ],
                  [
                    -0.1409882414315594,
                    51.48851126560368
                  ],
                  [
                    -0.14096789381892144,
                    51.48851112420442
                  ],
                  [
                    -0.14096743963445235,
                    51.48853646313601
                  ],
                  [
                    -0.14094709202181438,
                    51.488536321736746
                  ],
                  [
                    -0.14094777329851801,
                    51.48849831333937
                  ],
                  [
                    -0.140968120911156,
                    51.488498454738625
                  ],
                  [
                    -0.1409685750956251,
                    51.48847311580704
                  ],
                  [
                    -0.14094822748298713,
                    51.488472974407784
                  ],
                  [
                    -0.1409480003907526,
                    51.488485643873574
                  ],
                  [
                    -0.14092765277811461,
                    51.48848550247432
                  ],
                  [
                    -0.14092742568588007,
                    51.488498171940115
                  ],
                  [
                    -0.14088673046060413,
                    51.4884978891416
                  ],
                  [
                    -0.14088718464507322,
                    51.48847255021001
                  ],
                  [
                    -0.1409075322577112,
                    51.48847269160927
                  ],
                  [
                    -0.14090775934994576,
                    51.48846002214348
                  ],
                  [
                    -0.1408874117373078,
                    51.48845988074422
                  ],
                  [
                    -0.14088809301401142,
                    51.48842187234684
                  ],
                  [
                    -0.1409084406266494,
                    51.488422013746096
                  ],
                  [
                    -0.14090821353441485,
                    51.48843468321189
                  ],
                  [
                    -0.1409489087596908,
                    51.4884349660104
                  ],
                  [
                    -0.14094936294415988,
                    51.488409627078816
                  ],
                  [
                    -0.14099005816943583,
                    51.488409909877326
                  ],
                  [
                    -0.1409896039849667,
                    51.48843524880891
                  ],
                  [
                    -0.14100995159760468,
                    51.488435390208174
                  ],
                  [
                    -0.14100972450537014,
                    51.48844805967396
                  ],
                  [
                    -0.1410300721180081,
                    51.48844820107322
                  ],
                  [
                    -0.14102984502577354,
                    51.488460870539015
                  ],
                  [
                    -0.14107054025104948,
                    51.488461153337525
                  ],
                  [
                    -0.14107031315881494,
                    51.48847382280332
                  ]
                ],
                [
                  [
                    -0.14100972450537014,
                    51.48844805967396
                  ],
                  [
                    -0.1409690292800942,
                    51.488447776875454
                  ],
                  [
                    -0.14096880218785965,
                    51.48846044634124
                  ],
                  [
                    -0.14098914980049762,
                    51.488460587740505
                  ],
                  [
                    -0.1409886956160285,
                    51.48848592667209
                  ],
                  [
                    -0.14100904322866648,
                    51.488486068071346
                  ],
                  [
                    -0.14100972450537014,
                    51.48844805967396
                  ]
                ],
                [
                  [
                    -0.14094845457522168,
                    51.48846030494199
                  ],
                  [
                    -0.14094868166745622,
                    51.4884476354762
                  ],
                  [
                    -0.14092833405481828,
                    51.48844749407694
                  ],
                  [
                    -0.1409281069625837,
                    51.48846016354273
                  ],
                  [
                    -0.14094845457522168,
                    51.48846030494199
                  ]
                ]
              ],
              [
                [
                  [
                    -0.1410395193033876,
                    51.48905647683056
                  ],
                  [
                    -0.14101917169074962,
                    51.4890563354313
                  ],
                  [
                    -0.14101894459851508,
                    51.4890690048971
                  ],
                  [
                    -0.1409985969858771,
                    51.48906886349784
                  ],
                  [
                    -0.14099836989364256,
                    51.48908153296363
                  ],
                  [
                    -0.1409780222810046,
                    51.489081391564376
                  ],
                  [
                    -0.1409784764654737,
                    51.48905605263279
                  ],
                  [
                    -0.14099882407811168,
                    51.489056194032045
                  ],
                  [
                    -0.14099927826258077,
                    51.48903085510046
                  ],
                  [
                    -0.14101962587521874,
                    51.489030996499714
                  ],
                  [
                    -0.1410193987829842,
                    51.48904366596551
                  ],
                  [
                    -0.14103974639562217,
                    51.489043807364766
                  ],
                  [
                    -0.1410395193033876,
                    51.48905647683056
                  ]
                ]
              ],
              [
                [
                  [
                    -0.141023032258737,
                    51.48884095451282
                  ],
                  [
                    -0.14098233703346108,
                    51.4888406717143
                  ],
                  [
                    -0.14098279121793017,
                    51.488815332782714
                  ],
                  [
                    -0.14102348644320611,
                    51.48881561558123
                  ],
                  [
                    -0.141023032258737,
                    51.48884095451282
                  ]
                ]
              ],
              [
                [
                  [
                    -0.14102802828789715,
                    51.48856222626536
                  ],
                  [
                    -0.1409873330626212,
                    51.48856194346685
                  ],
                  [
                    -0.14098756015485575,
                    51.48854927400105
                  ],
                  [
                    -0.14100790776749372,
                    51.488549415400314
                  ],
                  [
                    -0.14100813485972827,
                    51.48853674593452
                  ],
                  [
                    -0.14102848247236624,
                    51.48853688733377
                  ],
                  [
                    -0.14102802828789715,
                    51.48856222626536
                  ]
                ]
              ],
              [
                [
                  [
                    -0.14099791570917347,
                    51.48910687189522
                  ],
                  [
                    -0.1409775680965355,
                    51.48910673049596
                  ],
                  [
                    -0.14097734100430095,
                    51.48911939996176
                  ],
                  [
                    -0.14095699339166298,
                    51.4891192585625
                  ],
                  [
                    -0.14095676629942844,
                    51.48913192802829
                  ],
                  [
                    -0.14093641868679047,
                    51.48913178662904
                  ],
                  [
                    -0.14093687287125956,
                    51.48910644769745
                  ],
                  [
                    -0.14095722048389753,
                    51.48910658909671
                  ],
                  [
                    -0.14095767466836662,
                    51.48908125016512
                  ],
                  [
                    -0.1409780222810046,
                    51.489081391564376
                  ],
                  [
                    -0.14097779518877004,
                    51.48909406103017
                  ],
                  [
                    -0.14099814280140802,
                    51.48909420242943
                  ],
                  [
                    -0.14099791570917347,
                    51.48910687189522
                  ]
                ]
              ],
              [
                [
                  [
                    -0.1410149476267648,
                    51.488156661960716
                  ],
                  [
                    -0.1409742524014889,
                    51.488156379162206
                  ],
                  [
                    -0.14097447949372344,
                    51.48814370969641
                  ],
                  [
                    -0.14095413188108546,
                    51.488143568297154
                  ],
                  [
                    -0.14095435897332,
                    51.488130898831365
                  ],
                  [
                    -0.14093401136068204,
                    51.4881307574321
                  ],
                  [
                    -0.1409342384529166,
                    51.48811808796631
                  ],
                  [
                    -0.14091389084027864,
                    51.48811794656706
                  ],
                  [
                    -0.14091411793251318,
                    51.48810527710126
                  ],
                  [
                    -0.14093446554515116,
                    51.48810541850052
                  ],
                  [
                    -0.1409346926373857,
                    51.48809274903473
                  ],
                  [
                    -0.14095504025002367,
                    51.48809289043398
                  ],
                  [
                    -0.14095458606555458,
                    51.48811822936557
                  ],
                  [
                    -0.1409952812908305,
                    51.48811851216408
                  ],
                  [
                    -0.1409948271063614,
                    51.488143851095664
                  ],
                  [
                    -0.14101517471899938,
                    51.488143992494926
                  ],
                  [
                    -0.1410149476267648,
                    51.488156661960716
                  ]
                ]
              ],
              [
                [
                  [
                    -0.1409784764654737,
                    51.48905605263279
                  ],
                  [
                    -0.14095812885283573,
                    51.489055911233535
                  ],
                  [
                    -0.1409579017606012,
                    51.489068580699325
                  ],
                  [
                    -0.14093755414796322,
                    51.48906843930007
                  ],
                  [
                    -0.14093778124019776,
                    51.48905576983428
                  ],
                  [
                    -0.14087673840228387,
                    51.48905534563651
                  ],
                  [
                    -0.14087696549451842,
                    51.48904267617071
                  ],
                  [
                    -0.14095835594507028,
                    51.48904324176774
                  ],
                  [
                    -0.14095858303730482,
                    51.48903057230195
                  ],
                  [
                    -0.1409789306499428,
                    51.489030713701204
                  ],
                  [
                    -0.1409784764654737,
                    51.48905605263279
                  ]
                ]
              ],
              [
                [
                  [
                    -0.14097915774217734,
                    51.48901804423541
                  ],
                  [
                    -0.14093846251690142,
                    51.4890177614369
                  ],
                  [
                    -0.14093891670137051,
                    51.48899242250531
                  ],
                  [
                    -0.1409592643140085,
                    51.48899256390457
                  ],
                  [
                    -0.14095903722177394,
                    51.48900523337036
                  ],
                  [
                    -0.1409793848344119,
                    51.48900537476962
                  ],
                  [
                    -0.14097915774217734,
                    51.48901804423541
                  ]
                ]
              ],
              [
                [
                  [
                    -0.14099550838306504,
                    51.48810584269829
                  ],
                  [
                    -0.1409751607704271,
                    51.488105701299034
                  ],
                  [
                    -0.14097538786266164,
                    51.48809303183324
                  ],
                  [
                    -0.14099573547529962,
                    51.48809317323249
                  ],
                  [
                    -0.14099550838306504,
                    51.48810584269829
                  ]
                ]
              ],
              [
                [
                  [
                    -0.14096403325093407,
                    51.488726505122905
                  ],
                  [
                    -0.14092333802565812,
                    51.488726222324395
                  ],
                  [
                    -0.1409235651178927,
                    51.4887135528586
                  ],
                  [
                    -0.14090321750525472,
                    51.488713411459344
                  ],
                  [
                    -0.14090344459748927,
                    51.48870074199355
                  ],
                  [
                    -0.1408830969848513,
                    51.48870060059429
                  ],
                  [
                    -0.14088332407708584,
                    51.4886879311285
                  ],
                  [
                    -0.1408629764644479,
                    51.48868778972924
                  ],
                  [
                    -0.14086320355668244,
                    51.48867512026345
                  ],
                  [
                    -0.14084285594404447,
                    51.488674978864196
                  ],
                  [
                    -0.14084308303627902,
                    51.4886623093984
                  ],
                  [
                    -0.140863430648917,
                    51.488662450797655
                  ],
                  [
                    -0.14086365774115153,
                    51.488649781331866
                  ],
                  [
                    -0.14090435296642748,
                    51.488650064130375
                  ],
                  [
                    -0.14090412587419293,
                    51.48866273359617
                  ],
                  [
                    -0.1409244734868309,
                    51.48866287499543
                  ],
                  [
                    -0.14092424639459633,
                    51.488675544461216
                  ],
                  [
                    -0.1409445940072343,
                    51.48867568586048
                  ],
                  [
                    -0.14094391273053064,
                    51.488713694257854
                  ],
                  [
                    -0.1409642603431686,
                    51.488713835657116
                  ],
                  [
                    -0.14096403325093407,
                    51.488726505122905
                  ]
                ],
                [
                  [
                    -0.14092424639459633,
                    51.488675544461216
                  ],
                  [
                    -0.1409038987819584,
                    51.48867540306196
                  ],
                  [
                    -0.14090367168972381,
                    51.48868807252776
                  ],
                  [
                    -0.14092401930236179,
                    51.48868821392701
                  ],
                  [
                    -0.14092424639459633,
                    51.488675544461216
                  ]
                ]
              ],
              [
                [
                  [
                    -0.1409339206722104,
                    51.489271150752764
                  ],
                  [
                    -0.14089322544693444,
                    51.489270867954254
                  ],
                  [
                    -0.14089345253916902,
                    51.48925819848846
                  ],
                  [
                    -0.14087310492653105,
                    51.4892580570892
                  ],
                  [
                    -0.1408733320187656,
                    51.489245387623406
                  ],
                  [
                    -0.14089367963140356,
                    51.48924552902267
                  ],
                  [
                    -0.1408939067236381,
                    51.48923285955687
                  ],
                  [
                    -0.14091425433627608,
                    51.489233000956126
                  ],
                  [
                    -0.140913800151807,
                    51.48925833988771
                  ],
                  [
                    -0.14093414776444493,
                    51.489258481286974
                  ],
                  [
                    -0.1409339206722104,
                    51.489271150752764
                  ]
                ]
              ],
              [
                [
                  [
                    -0.14093823542466688,
                    51.48903043090269
                  ],
                  [
                    -0.140856844974115,
                    51.48902986530567
                  ],
                  [
                    -0.14085661788188045,
                    51.48904253477146
                  ],
                  [
                    -0.14083627026924248,
                    51.4890423933722
                  ],
                  [
                    -0.1408367244537116,
                    51.489017054440616
                  ],
                  [
                    -0.14085707206634956,
                    51.48901719583987
                  ],
                  [
                    -0.14085752625081865,
                    51.488991856908285
                  ],
                  [
                    -0.14087787386345663,
                    51.48899199830754
                  ],
                  [
                    -0.14087764677122208,
                    51.48900466777334
                  ],
                  [
                    -0.14089799438386003,
                    51.48900480917259
                  ],
                  [
                    -0.14089844856832914,
                    51.488979470241006
                  ],
                  [
                    -0.14091879618096712,
                    51.48897961164026
                  ],
                  [
                    -0.14091811490426345,
                    51.48901762003764
                  ],
                  [
                    -0.14093846251690142,
                    51.4890177614369
                  ],
                  [
                    -0.14093823542466688,
                    51.48903043090269
                  ]
                ]
              ],
              [
                [
                  [
                    -0.14094936294415988,
                    51.488409627078816
                  ],
                  [
                    -0.14090866771888394,
                    51.4884093442803
                  ],
                  [
                    -0.1409088948111185,
                    51.48839667481451
                  ],
                  [
                    -0.14092924242375648,
                    51.488396816213765
                  ],
                  [
                    -0.14093015079269466,
                    51.48834613835059
                  ],
                  [
                    -0.14095049840533264,
                    51.48834627974985
                  ],
                  [
                    -0.14094936294415988,
                    51.488409627078816
                  ]
                ]
              ],
              [
                [
                  [
                    -0.14091311887510333,
                    51.489296348285094
                  ],
                  [
                    -0.14087242364982738,
                    51.489296065486585
                  ],
                  [
                    -0.1408728778342965,
                    51.48927072655499
                  ],
                  [
                    -0.14089322544693444,
                    51.489270867954254
                  ],
                  [
                    -0.1408929983546999,
                    51.48928353742004
                  ],
                  [
                    -0.14091334596733787,
                    51.4892836788193
                  ],
                  [
                    -0.14091311887510333,
                    51.489296348285094
                  ]
                ]
              ],
              [
                [
                  [
                    -0.14091675235085616,
                    51.4890936368324
                  ],
                  [
                    -0.14089640473821818,
                    51.489093495433146
                  ],
                  [
                    -0.14089617764598364,
                    51.489106164898935
                  ],
                  [
                    -0.14087583003334567,
                    51.48910602349968
                  ],
                  [
                    -0.14087628421781476,
                    51.489080684568094
                  ],
                  [
                    -0.14089663183045273,
                    51.48908082596735
                  ],
                  [
                    -0.14089685892268727,
                    51.48906815650156
                  ],
                  [
                    -0.14091720653532525,
                    51.489068297900815
                  ],
                  [
                    -0.14091675235085616,
                    51.4890936368324
                  ]
                ]
              ],
              [
                [
                  [
                    -0.1409125282868713,
                    51.488193963361816
                  ],
                  [
                    -0.14089218067423337,
                    51.48819382196256
                  ],
                  [
                    -0.14089240776646791,
                    51.488181152496765
                  ],
                  [
                    -0.14085171254119197,
                    51.488180869698255
                  ],
                  [
                    -0.14085103126448834,
                    51.48821887809563
                  ],
                  [
                    -0.14083068365185036,
                    51.488218736696375
                  ],
                  [
                    -0.1408304565596158,
                    51.48823140616217
                  ],
                  [
                    -0.14081010894697785,
                    51.488231264762916
                  ],
                  [
                    -0.14080965476250873,
                    51.4882566036945
                  ],
                  [
                    -0.14078930714987076,
                    51.48825646229524
                  ],
                  [
                    -0.14078953424210533,
                    51.48824379282945
                  ],
                  [
                    -0.14076918662946736,
                    51.488243651430196
                  ],
                  [
                    -0.1407694137217019,
                    51.4882309819644
                  ],
                  [
                    -0.14074906610906393,
                    51.488230840565144
                  ],
                  [
                    -0.14074952029353305,
                    51.48820550163356
                  ],
                  [
                    -0.14079021551880896,
                    51.48820578443207
                  ],
                  [
                    -0.14079066970327808,
                    51.48818044550048
                  ],
                  [
                    -0.14081101731591605,
                    51.48818058689974
                  ],
                  [
                    -0.14081079022368148,
                    51.488193256365534
                  ],
                  [
                    -0.14083113783631945,
                    51.48819339776479
                  ],
                  [
                    -0.14083159202078857,
                    51.4881680588332
                  ],
                  [
                    -0.14091298247134043,
                    51.48816862443023
                  ],
                  [
                    -0.1409125282868713,
                    51.488193963361816
                  ]
                ],
                [
                  [
                    -0.1407694137217019,
                    51.4882309819644
                  ],
                  [
                    -0.14078976133433987,
                    51.488231123363654
                  ],
                  [
                    -0.14078998842657442,
                    51.488218453897865
                  ],
                  [
                    -0.14076964081393645,
                    51.48821831249861
                  ],
                  [
                    -0.1407694137217019,
                    51.4882309819644
                  ]
                ]
              ],
              [
                [
                  [
                    -0.1408733320187656,
                    51.489245387623406
                  ],
                  [
                    -0.14083263679348965,
                    51.489245104824896
                  ],
                  [
                    -0.14083286388572422,
                    51.4892324353591
                  ],
                  [
                    -0.14081251627308625,
                    51.489232293959844
                  ],
                  [
                    -0.1408127433653208,
                    51.489219624494055
                  ],
                  [
                    -0.14079239575268282,
                    51.48921948309479
                  ],
                  [
                    -0.14079262284491736,
                    51.489206813629
                  ],
                  [
                    -0.1408333180701933,
                    51.48920709642751
                  ],
                  [
                    -0.14083309097795876,
                    51.48921976589331
                  ],
                  [
                    -0.14085343859059674,
                    51.489219907292565
                  ],
                  [
                    -0.1408532114983622,
                    51.48923257675836
                  ],
                  [
                    -0.14087355911100014,
                    51.489232718157616
                  ],
                  [
                    -0.1408733320187656,
                    51.489245387623406
                  ]
                ]
              ],
              [
                [
                  [
                    -0.14088196152367854,
                    51.48876394792326
                  ],
                  [
                    -0.14086161391104057,
                    51.488763806524005
                  ],
                  [
                    -0.14086115972657148,
                    51.48878914545559
                  ],
                  [
                    -0.1408408121139335,
                    51.488789004056336
                  ],
                  [
                    -0.14084103920616806,
                    51.48877633459054
                  ],
                  [
                    -0.14082069159353008,
                    51.488776193191285
                  ],
                  [
                    -0.14082091868576466,
                    51.48876352372549
                  ],
                  [
                    -0.1407802234604887,
                    51.48876324092698
                  ],
                  [
                    -0.14078045055272326,
                    51.48875057146118
                  ],
                  [
                    -0.1408211457779992,
                    51.4887508542597
                  ],
                  [
                    -0.14082137287023375,
                    51.4887381847939
                  ],
                  [
                    -0.14084172048287172,
                    51.48873832619316
                  ],
                  [
                    -0.14084149339063717,
                    51.488750995658954
                  ],
                  [
                    -0.1408821886159131,
                    51.488751278457464
                  ],
                  [
                    -0.14088196152367854,
                    51.48876394792326
                  ]
                ]
              ],
              [
                [
                  [
                    -0.14088809301401142,
                    51.48842187234684
                  ],
                  [
                    -0.14086774540137348,
                    51.488421730947586
                  ],
                  [
                    -0.1408675183091389,
                    51.488434400413375
                  ],
                  [
                    -0.14084717069650096,
                    51.48843425901412
                  ],
                  [
                    -0.1408473977887355,
                    51.488421589548324
                  ],
                  [
                    -0.14082705017609753,
                    51.48842144814907
                  ],
                  [
                    -0.14082727726833208,
                    51.48840877868328
                  ],
                  [
                    -0.1408069296556941,
                    51.48840863728402
                  ],
                  [
                    -0.14080715674792868,
                    51.48839596781823
                  ],
                  [
                    -0.1408478519732046,
                    51.48839625061674
                  ],
                  [
                    -0.14084807906543914,
                    51.48838358115095
                  ],
                  [
                    -0.1408684266780771,
                    51.4883837225502
                  ],
                  [
                    -0.14086797249360802,
                    51.48840906148179
                  ],
                  [
                    -0.140888320106246,
                    51.488409202881044
                  ],
                  [
                    -0.14088809301401142,
                    51.48842187234684
                  ]
                ]
              ],
              [
                [
                  [
                    -0.14086706412466982,
                    51.48845973934496
                  ],
                  [
                    -0.14084671651203184,
                    51.488459597945706
                  ],
                  [
                    -0.1408464894197973,
                    51.4884722674115
                  ],
                  [
                    -0.14082614180715933,
                    51.48847212601224
                  ],
                  [
                    -0.14082591471492478,
                    51.48848479547804
                  ],
                  [
                    -0.1408055671022868,
                    51.48848465407878
                  ],
                  [
                    -0.14080579419452136,
                    51.488471984612985
                  ],
                  [
                    -0.14078544658188338,
                    51.48847184321373
                  ],
                  [
                    -0.14078567367411796,
                    51.488459173747934
                  ],
                  [
                    -0.1408060212867559,
                    51.488459315147196
                  ],
                  [
                    -0.14080624837899047,
                    51.4884466456814
                  ],
                  [
                    -0.14086729121690436,
                    51.48844706987917
                  ],
                  [
                    -0.14086706412466982,
                    51.48845973934496
                  ]
                ]
              ],
              [
                [
                  [
                    -0.1408376328226498,
                    51.488966376577444
                  ],
                  [
                    -0.14079693759737386,
                    51.48896609377893
                  ],
                  [
                    -0.14079739178184295,
                    51.48894075484734
                  ],
                  [
                    -0.14081773939448092,
                    51.488940896246596
                  ],
                  [
                    -0.14081751230224637,
                    51.48895356571239
                  ],
                  [
                    -0.14083785991488434,
                    51.48895370711165
                  ],
                  [
                    -0.1408376328226498,
                    51.488966376577444
                  ]
                ]
              ],
              [
                [
                  [
                    -0.14084308303627902,
                    51.4886623093984
                  ],
                  [
                    -0.1408023878110031,
                    51.48866202659989
                  ],
                  [
                    -0.14080261490323764,
                    51.48864935713409
                  ],
                  [
                    -0.14078226729059967,
                    51.48864921573484
                  ],
                  [
                    -0.14078249438283422,
                    51.48863654626904
                  ],
                  [
                    -0.14076214677019624,
                    51.48863640486979
                  ],
                  [
                    -0.14076237386243082,
                    51.488623735404
                  ],
                  [
                    -0.14074202624979285,
                    51.488623594004736
                  ],
                  [
                    -0.1407422533420274,
                    51.488610924538946
                  ],
                  [
                    -0.14078294856730333,
                    51.488611207337456
                  ],
                  [
                    -0.14078272147506876,
                    51.48862387680325
                  ],
                  [
                    -0.14080306908770673,
                    51.48862401820251
                  ],
                  [
                    -0.1408028419954722,
                    51.488636687668304
                  ],
                  [
                    -0.14084353722074813,
                    51.488636970466814
                  ],
                  [
                    -0.14084308303627902,
                    51.4886623093984
                  ]
                ]
              ],
              [
                [
                  [
                    -0.14077727126143955,
                    51.48892794398229
                  ],
                  [
                    -0.14069588081088769,
                    51.48892737838526
                  ],
                  [
                    -0.14069610790312223,
                    51.488914708919474
                  ],
                  [
                    -0.1407164555157602,
                    51.48891485031873
                  ],
                  [
                    -0.14071668260799475,
                    51.48890218085294
                  ],
                  [
                    -0.14073703022063272,
                    51.488902322252194
                  ],
                  [
                    -0.14073680312839815,
                    51.488914991717984
                  ],
                  [
                    -0.14075715074103612,
                    51.48891513311724
                  ],
                  [
                    -0.14075737783327066,
                    51.48890246365145
                  ],
                  [
                    -0.14077772544590864,
                    51.488902605050704
                  ],
                  [
                    -0.14077727126143955,
                    51.48892794398229
                  ]
                ]
              ],
              [
                [
                  [
                    -0.14078090473719237,
                    51.488725232529596
                  ],
                  [
                    -0.1407605571245544,
                    51.48872509113034
                  ],
                  [
                    -0.14076033003231986,
                    51.48873776059614
                  ],
                  [
                    -0.14071963480704391,
                    51.48873747779762
                  ],
                  [
                    -0.14072031608374758,
                    51.488699469400245
                  ],
                  [
                    -0.1406999684711096,
                    51.48869932800098
                  ],
                  [
                    -0.14070019556334415,
                    51.488686658535194
                  ],
                  [
                    -0.14067984795070618,
                    51.48868651713594
                  ],
                  [
                    -0.14068007504294072,
                    51.48867384767014
                  ],
                  [
                    -0.1407614654934926,
                    51.48867441326717
                  ],
                  [
                    -0.1407610113090235,
                    51.488699752198755
                  ],
                  [
                    -0.14078135892166146,
                    51.48869989359801
                  ],
                  [
                    -0.14078090473719237,
                    51.488725232529596
                  ]
                ],
                [
                  [
                    -0.1407605571245544,
                    51.48872509113034
                  ],
                  [
                    -0.14076078421678895,
                    51.488712421664545
                  ],
                  [
                    -0.14074043660415098,
                    51.48871228026529
                  ],
                  [
                    -0.14074020951191643,
                    51.488724949731086
                  ],
                  [
                    -0.1407605571245544,
                    51.48872509113034
                  ]
                ]
              ],
              [
                [
                  [
                    -0.14078317565953788,
                    51.48859853787167
                  ],
                  [
                    -0.14074248043426194,
                    51.48859825507315
                  ],
                  [
                    -0.1407422533420274,
                    51.488610924538946
                  ],
                  [
                    -0.14070155811675145,
                    51.48861064174043
                  ],
                  [
                    -0.14070178520898602,
                    51.48859797227464
                  ],
                  [
                    -0.14066108998371007,
                    51.48859768947612
                  ],
                  [
                    -0.14066154416817916,
                    51.48857235054454
                  ],
                  [
                    -0.14062084894290325,
                    51.48857206774603
                  ],
                  [
                    -0.1406210760351378,
                    51.48855939828023
                  ],
                  [
                    -0.14066177126041374,
                    51.48855968107875
                  ],
                  [
                    -0.14066199835264828,
                    51.48854701161295
                  ],
                  [
                    -0.1406416507400103,
                    51.488546870213696
                  ],
                  [
                    -0.14064187783224485,
                    51.4885342007479
                  ],
                  [
                    -0.14062153021960688,
                    51.488534059348645
                  ],
                  [
                    -0.14062175731184146,
                    51.488521389882855
                  ],
                  [
                    -0.14066245253711737,
                    51.488521672681365
                  ],
                  [
                    -0.14066222544488283,
                    51.48853434214716
                  ],
                  [
                    -0.1406825730575208,
                    51.48853448354642
                  ],
                  [
                    -0.14068234596528625,
                    51.488547153012206
                  ],
                  [
                    -0.14070269357792423,
                    51.48854729441147
                  ],
                  [
                    -0.14070246648568965,
                    51.48855996387726
                  ],
                  [
                    -0.1406821188730517,
                    51.488559822478
                  ],
                  [
                    -0.14068189178081714,
                    51.48857249194379
                  ],
                  [
                    -0.1407022393934551,
                    51.488572633343054
                  ],
                  [
                    -0.14070201230122056,
                    51.48858530280884
                  ],
                  [
                    -0.14072235991385854,
                    51.4885854442081
                  ],
                  [
                    -0.14072258700609308,
                    51.48857277474231
                  ],
                  [
                    -0.14074293461873105,
                    51.488572916141564
                  ],
                  [
                    -0.1407427075264965,
                    51.48858558560736
                  ],
                  [
                    -0.14078340275177242,
                    51.48858586840587
                  ],
                  [
                    -0.14078317565953788,
                    51.48859853787167
                  ]
                ]
              ],
              [
                [
                  [
                    -0.14075238180411054,
                    51.4891811918989
                  ],
                  [
                    -0.14071168657883462,
                    51.48918090910039
                  ],
                  [
                    -0.14071191367106917,
                    51.489168239634594
                  ],
                  [
                    -0.1406915660584312,
                    51.48916809823534
                  ],
                  [
                    -0.14069179315066574,
                    51.48915542876955
                  ],
                  [
                    -0.1407121407633037,
                    51.489155570168805
                  ],
                  [
                    -0.14071236785553826,
                    51.48914290070301
                  ],
                  [
                    -0.14073271546817623,
                    51.48914304210226
                  ],
                  [
                    -0.14073226128370714,
                    51.489168381033856
                  ],
                  [
                    -0.1407526088963451,
                    51.48916852243311
                  ],
                  [
                    -0.14075238180411054,
                    51.4891811918989
                  ]
                ]
              ],
              [
                [
                  [
                    -0.14077100336734377,
                    51.488142295703845
                  ],
                  [
                    -0.14073030814206783,
                    51.488142012905335
                  ],
                  [
                    -0.14073076232653692,
                    51.48811667397375
                  ],
                  [
                    -0.14071041471389897,
                    51.48811653257449
                  ],
                  [
                    -0.14071086889836806,
                    51.4880911936429
                  ],
                  [
                    -0.140751564123644,
                    51.48809147644142
                  ],
                  [
                    -0.1407511099391749,
                    51.488116815373004
                  ],
                  [
                    -0.14077145755181286,
                    51.48811695677226
                  ],
                  [
                    -0.14077100336734377,
                    51.488142295703845
                  ]
                ]
              ],
              [
                [
                  [
                    -0.14074134497308918,
                    51.48866160240212
                  ],
                  [
                    -0.1407209973604512,
                    51.48866146100286
                  ],
                  [
                    -0.14072167863715487,
                    51.48862345260548
                  ],
                  [
                    -0.14074202624979285,
                    51.488623594004736
                  ],
                  [
                    -0.14074134497308918,
                    51.48866160240212
                  ]
                ]
              ],
              [
                [
                  [
                    -0.14074815774012572,
                    51.488281518428316
                  ],
                  [
                    -0.14072781012748775,
                    51.48828137702906
                  ],
                  [
                    -0.1407275830352532,
                    51.48829404649486
                  ],
                  [
                    -0.14070723542261523,
                    51.488293905095595
                  ],
                  [
                    -0.14070678123814614,
                    51.48831924402718
                  ],
                  [
                    -0.14068643362550817,
                    51.488319102627926
                  ],
                  [
                    -0.14068620653327363,
                    51.48833177209372
                  ],
                  [
                    -0.14066585892063566,
                    51.48833163069447
                  ],
                  [
                    -0.1406656318284011,
                    51.48834430016026
                  ],
                  [
                    -0.14062493660312517,
                    51.48834401736175
                  ],
                  [
                    -0.14062470951089062,
                    51.48835668682754
                  ],
                  [
                    -0.14060436189825265,
                    51.48835654542828
                  ],
                  [
                    -0.1406041348060181,
                    51.48836921489408
                  ],
                  [
                    -0.14062448241865608,
                    51.48836935629333
                  ],
                  [
                    -0.14062402823418696,
                    51.48839469522492
                  ],
                  [
                    -0.140603680621549,
                    51.488394553825664
                  ],
                  [
                    -0.14060390771378353,
                    51.48838188435987
                  ],
                  [
                    -0.1405835601011456,
                    51.48838174296061
                  ],
                  [
                    -0.14058333300891102,
                    51.48839441242641
                  ],
                  [
                    -0.14056298539627307,
                    51.48839427102715
                  ],
                  [
                    -0.1405623041195694,
                    51.48843227942453
                  ],
                  [
                    -0.1405012612816555,
                    51.48843185522676
                  ],
                  [
                    -0.14050148837389007,
                    51.48841918576097
                  ],
                  [
                    -0.140521835986528,
                    51.48841932716022
                  ],
                  [
                    -0.14052229017099713,
                    51.48839398822864
                  ],
                  [
                    -0.1405426377836351,
                    51.48839412962789
                  ],
                  [
                    -0.14054286487586964,
                    51.4883814601621
                  ],
                  [
                    -0.14056321248850762,
                    51.48838160156136
                  ],
                  [
                    -0.14056343958074216,
                    51.48836893209556
                  ],
                  [
                    -0.14058378719338013,
                    51.488369073494816
                  ],
                  [
                    -0.14058424137784922,
                    51.48834373456323
                  ],
                  [
                    -0.1405435461525733,
                    51.48834345176472
                  ],
                  [
                    -0.1405440003370424,
                    51.488318112833134
                  ],
                  [
                    -0.14052365272440442,
                    51.48831797143388
                  ],
                  [
                    -0.14052319853993533,
                    51.488343310365465
                  ],
                  [
                    -0.1404825033146594,
                    51.48834302756695
                  ],
                  [
                    -0.14048273040689394,
                    51.48833035810116
                  ],
                  [
                    -0.1405030780195319,
                    51.488330499500414
                  ],
                  [
                    -0.14050398638847011,
                    51.48827982163724
                  ],
                  [
                    -0.1405243340011081,
                    51.4882799630365
                  ],
                  [
                    -0.14052410690887354,
                    51.48829263250229
                  ],
                  [
                    -0.1405444545215115,
                    51.48829277390155
                  ],
                  [
                    -0.14054513579821515,
                    51.488254765504166
                  ],
                  [
                    -0.14056548341085312,
                    51.48825490690342
                  ],
                  [
                    -0.14056525631861858,
                    51.48826757636922
                  ],
                  [
                    -0.14058560393125655,
                    51.48826771776847
                  ],
                  [
                    -0.14058605811572564,
                    51.48824237883689
                  ],
                  [
                    -0.1406064057283636,
                    51.48824252023614
                  ],
                  [
                    -0.14060617863612906,
                    51.48825518970194
                  ],
                  [
                    -0.140646873861405,
                    51.48825547250045
                  ],
                  [
                    -0.14064664676917044,
                    51.488268141966245
                  ],
                  [
                    -0.14060595154389452,
                    51.48826785916773
                  ],
                  [
                    -0.14060572445165995,
                    51.488280528633524
                  ],
                  [
                    -0.14062607206429792,
                    51.48828067003278
                  ],
                  [
                    -0.14062561787982883,
                    51.488306008964365
                  ],
                  [
                    -0.1406459654924668,
                    51.48830615036362
                  ],
                  [
                    -0.14064619258470135,
                    51.48829348089783
                  ],
                  [
                    -0.14066654019733932,
                    51.488293622297086
                  ],
                  [
                    -0.1406669943818084,
                    51.4882682833655
                  ],
                  [
                    -0.14068734199444638,
                    51.488268424764755
                  ],
                  [
                    -0.14068756908668092,
                    51.48825575529896
                  ],
                  [
                    -0.1407079166993189,
                    51.48825589669822
                  ],
                  [
                    -0.14070814379155344,
                    51.488243227232424
                  ],
                  [
                    -0.1407284914041914,
                    51.48824336863168
                  ],
                  [
                    -0.14072803721972232,
                    51.488268707563265
                  ],
                  [
                    -0.14074838483236027,
                    51.48826884896253
                  ],
                  [
                    -0.14074815774012572,
                    51.488281518428316
                  ]
                ],
                [
                  [
                    -0.14068643362550817,
                    51.488319102627926
                  ],
                  [
                    -0.14068666071774272,
                    51.48830643316214
                  ],
                  [
                    -0.14066631310510475,
                    51.488306291762875
                  ],
                  [
                    -0.1406660860128702,
                    51.48831896122867
                  ],
                  [
                    -0.14068643362550817,
                    51.488319102627926
                  ]
                ],
                [
                  [
                    -0.14060572445165995,
                    51.488280528633524
                  ],
                  [
                    -0.140585376839022,
                    51.48828038723427
                  ],
                  [
                    -0.14058514974678743,
                    51.48829305670006
                  ],
                  [
                    -0.1406054973594254,
                    51.48829319809931
                  ],
                  [
                    -0.14060572445165995,
                    51.488280528633524
                  ]
                ]
              ],
              [
                [
                  [
                    -0.14071145948660005,
                    51.48919357856618
                  ],
                  [
                    -0.14067076426132413,
                    51.48919329576767
                  ],
                  [
                    -0.14067099135355868,
                    51.489180626301874
                  ],
                  [
                    -0.1406506437409207,
                    51.48918048490262
                  ],
                  [
                    -0.14065087083315525,
                    51.48916781543683
                  ],
                  [
                    -0.1406915660584312,
                    51.48916809823534
                  ],
                  [
                    -0.14069133896619665,
                    51.489180767701136
                  ],
                  [
                    -0.14071168657883462,
                    51.48918090910039
                  ],
                  [
                    -0.14071145948660005,
                    51.48919357856618
                  ]
                ]
              ],
              [
                [
                  [
                    -0.14072962686536417,
                    51.48818002130271
                  ],
                  [
                    -0.1407092792527262,
                    51.488179879903456
                  ],
                  [
                    -0.14070905216049165,
                    51.48819254936925
                  ],
                  [
                    -0.14068870454785368,
                    51.48819240797
                  ],
                  [
                    -0.14068847745561913,
                    51.48820507743579
                  ],
                  [
                    -0.14066812984298116,
                    51.48820493603653
                  ],
                  [
                    -0.14066790275074662,
                    51.48821760550233
                  ],
                  [
                    -0.14064755513810864,
                    51.488217464103066
                  ],
                  [
                    -0.1406473280458741,
                    51.48823013356886
                  ],
                  [
                    -0.14062698043323613,
                    51.48822999216961
                  ],
                  [
                    -0.14062743461770524,
                    51.48820465323802
                  ],
                  [
                    -0.1406477822303432,
                    51.48820479463728
                  ],
                  [
                    -0.14064800932257776,
                    51.48819212517148
                  ],
                  [
                    -0.14066835693521573,
                    51.488192266570735
                  ],
                  [
                    -0.14066903821191937,
                    51.48815425817336
                  ],
                  [
                    -0.1406486905992814,
                    51.488154116774105
                  ],
                  [
                    -0.14064891769151597,
                    51.48814144730831
                  ],
                  [
                    -0.14068961291679188,
                    51.48814173010682
                  ],
                  [
                    -0.14068938582455734,
                    51.488154399572615
                  ],
                  [
                    -0.14073008104983328,
                    51.488154682371125
                  ],
                  [
                    -0.14072962686536417,
                    51.48818002130271
                  ]
                ]
              ],
              [
                [
                  [
                    -0.14069610790312223,
                    51.488914708919474
                  ],
                  [
                    -0.14067576029048426,
                    51.48891456752022
                  ],
                  [
                    -0.1406759873827188,
                    51.48890189805442
                  ],
                  [
                    -0.14065563977008083,
                    51.48890175665517
                  ],
                  [
                    -0.14065609395454995,
                    51.48887641772358
                  ],
                  [
                    -0.14067644156718792,
                    51.488876559122836
                  ],
                  [
                    -0.14067621447495335,
                    51.48888922858863
                  ],
                  [
                    -0.14069656208759132,
                    51.48888936998789
                  ],
                  [
                    -0.14069610790312223,
                    51.488914708919474
                  ]
                ]
              ],
              [
                [
                  [
                    -0.1406684933389786,
                    51.48931999042561
                  ],
                  [
                    -0.14062779811370268,
                    51.48931970762709
                  ],
                  [
                    -0.14062802520593723,
                    51.4893070381613
                  ],
                  [
                    -0.14060767759329926,
                    51.48930689676204
                  ],
                  [
                    -0.14060813177776837,
                    51.48928155783045
                  ],
                  [
                    -0.14062847939040632,
                    51.489281699229714
                  ],
                  [
                    -0.14062825229817177,
                    51.489294368695504
                  ],
                  [
                    -0.14064859991080975,
                    51.48929451009476
                  ],
                  [
                    -0.1406483728185752,
                    51.489307179560555
                  ],
                  [
                    -0.14066872043121317,
                    51.48930732095981
                  ],
                  [
                    -0.1406684933389786,
                    51.48931999042561
                  ]
                ]
              ],
              [
                [
                  [
                    -0.14067167263026234,
                    51.4891426179045
                  ],
                  [
                    -0.1406309774049864,
                    51.48914233510598
                  ],
                  [
                    -0.14063120449722094,
                    51.48912966564019
                  ],
                  [
                    -0.1406515521098589,
                    51.48912980703945
                  ],
                  [
                    -0.14065177920209346,
                    51.48911713757365
                  ],
                  [
                    -0.14067212681473143,
                    51.48911727897291
                  ],
                  [
                    -0.14067167263026234,
                    51.4891426179045
                  ]
                ]
              ],
              [
                [
                  [
                    -0.14068007504294072,
                    51.48867384767014
                  ],
                  [
                    -0.14065972743030278,
                    51.48867370627089
                  ],
                  [
                    -0.1406595003380682,
                    51.48868637573668
                  ],
                  [
                    -0.14063915272543026,
                    51.48868623433742
                  ],
                  [
                    -0.14063960690989935,
                    51.488660895405836
                  ],
                  [
                    -0.1406803021351753,
                    51.488661178204346
                  ],
                  [
                    -0.14068007504294072,
                    51.48867384767014
                  ]
                ]
              ],
              [
                [
                  [
                    -0.140690067101261,
                    51.48811639117523
                  ],
                  [
                    -0.14064937187598506,
                    51.48811610837672
                  ],
                  [
                    -0.14064982606045418,
                    51.48809076944514
                  ],
                  [
                    -0.14067017367309212,
                    51.48809091084439
                  ],
                  [
                    -0.14066994658085757,
                    51.48810358031018
                  ],
                  [
                    -0.14069029419349555,
                    51.48810372170944
                  ],
                  [
                    -0.140690067101261,
                    51.48811639117523
                  ]
                ]
              ],
              [
                [
                  [
                    -0.14065087083315525,
                    51.48916781543683
                  ],
                  [
                    -0.14061017560787933,
                    51.48916753263831
                  ],
                  [
                    -0.14061040270011388,
                    51.48915486317252
                  ],
                  [
                    -0.1405900550874759,
                    51.48915472177326
                  ],
                  [
                    -0.14059028217971045,
                    51.48914205230747
                  ],
                  [
                    -0.14054958695443454,
                    51.48914176950896
                  ],
                  [
                    -0.14054981404666908,
                    51.489129100043165
                  ],
                  [
                    -0.14059050927194502,
                    51.489129382841675
                  ],
                  [
                    -0.14059096345641411,
                    51.48910404391009
                  ],
                  [
                    -0.1406113110690521,
                    51.489104185309344
                  ],
                  [
                    -0.14061108397681754,
                    51.48911685477514
                  ],
                  [
                    -0.1406314315894555,
                    51.489116996174396
                  ],
                  [
                    -0.14063120449722094,
                    51.48912966564019
                  ],
                  [
                    -0.14061085688458297,
                    51.48912952424094
                  ],
                  [
                    -0.14061062979234842,
                    51.489142193706726
                  ],
                  [
                    -0.1406309774049864,
                    51.48914233510598
                  ],
                  [
                    -0.14063075031275185,
                    51.48915500457178
                  ],
                  [
                    -0.14065109792538982,
                    51.48915514597103
                  ],
                  [
                    -0.14065087083315525,
                    51.48916781543683
                  ]
                ]
              ],
              [
                [
                  [
                    -0.14063960690989935,
                    51.488660895405836
                  ],
                  [
                    -0.14061925929726138,
                    51.48866075400658
                  ],
                  [
                    -0.14061903220502683,
                    51.48867342347237
                  ],
                  [
                    -0.14059868459238886,
                    51.488673282073115
                  ],
                  [
                    -0.1405989116846234,
                    51.488660612607326
                  ],
                  [
                    -0.14057856407198543,
                    51.488660471208064
                  ],
                  [
                    -0.14057879116422,
                    51.488647801742275
                  ],
                  [
                    -0.14059913877685798,
                    51.48864794314153
                  ],
                  [
                    -0.14059936586909252,
                    51.48863527367573
                  ],
                  [
                    -0.14064006109436844,
                    51.48863555647425
                  ],
                  [
                    -0.14063960690989935,
                    51.488660895405836
                  ]
                ]
              ],
              [
                [
                  [
                    -0.14060722340883017,
                    51.48933223569363
                  ],
                  [
                    -0.14056652818355422,
                    51.489331952895114
                  ],
                  [
                    -0.14056675527578877,
                    51.489319283429325
                  ],
                  [
                    -0.14058710288842674,
                    51.48931942482858
                  ],
                  [
                    -0.14058732998066129,
                    51.48930675536278
                  ],
                  [
                    -0.14060767759329926,
                    51.48930689676204
                  ],
                  [
                    -0.14060722340883017,
                    51.48933223569363
                  ]
                ]
              ],
              [
                [
                  [
                    -0.14060813177776837,
                    51.48928155783045
                  ],
                  [
                    -0.14054708893985446,
                    51.48928113363269
                  ],
                  [
                    -0.140547316032089,
                    51.48926846416689
                  ],
                  [
                    -0.14052696841945106,
                    51.489268322767636
                  ],
                  [
                    -0.1405271955116856,
                    51.48925565330184
                  ],
                  [
                    -0.14050684789904763,
                    51.489255511902584
                  ],
                  [
                    -0.14050707499128218,
                    51.489242842436795
                  ],
                  [
                    -0.1404867273786442,
                    51.48924270103753
                  ],
                  [
                    -0.14048695447087878,
                    51.48923003157174
                  ],
                  [
                    -0.1404666068582408,
                    51.48922989017249
                  ],
                  [
                    -0.14046683395047535,
                    51.48921722070669
                  ],
                  [
                    -0.1405075291757513,
                    51.4892175035052
                  ],
                  [
                    -0.14050730208351672,
                    51.489230172971
                  ],
                  [
                    -0.14054799730879267,
                    51.48923045576951
                  ],
                  [
                    -0.14054777021655812,
                    51.489243125235305
                  ],
                  [
                    -0.1405681178291961,
                    51.48924326663456
                  ],
                  [
                    -0.14056789073696152,
                    51.489255936100356
                  ],
                  [
                    -0.1405882383495995,
                    51.48925607749961
                  ],
                  [
                    -0.14058801125736495,
                    51.48926874696541
                  ],
                  [
                    -0.14060835887000292,
                    51.48926888836466
                  ],
                  [
                    -0.14060813177776837,
                    51.48928155783045
                  ]
                ]
              ],
              [
                [
                  [
                    -0.1406210760351378,
                    51.48855939828023
                  ],
                  [
                    -0.14060072842249982,
                    51.488559256880976
                  ],
                  [
                    -0.14060095551473437,
                    51.488546587415186
                  ],
                  [
                    -0.14058060790209642,
                    51.488546446015924
                  ],
                  [
                    -0.14058083499433097,
                    51.488533776550135
                  ],
                  [
                    -0.14051979215641705,
                    51.48853335235236
                  ],
                  [
                    -0.14052001924865162,
                    51.48852068288657
                  ],
                  [
                    -0.14054036686128957,
                    51.48852082428583
                  ],
                  [
                    -0.14054059395352414,
                    51.48850815482003
                  ],
                  [
                    -0.14056094156616208,
                    51.48850829621929
                  ],
                  [
                    -0.14056071447392754,
                    51.48852096568508
                  ],
                  [
                    -0.14060140969920348,
                    51.48852124848359
                  ],
                  [
                    -0.14060118260696894,
                    51.48853391794939
                  ],
                  [
                    -0.14062153021960688,
                    51.488534059348645
                  ],
                  [
                    -0.1406210760351378,
                    51.48855939828023
                  ]
                ]
              ],
              [
                [
                  [
                    -0.14059096345641411,
                    51.48910404391009
                  ],
                  [
                    -0.14050957300586225,
                    51.48910347831306
                  ],
                  [
                    -0.1405098000980968,
                    51.48909080884727
                  ],
                  [
                    -0.14053014771073477,
                    51.48909095024653
                  ],
                  [
                    -0.14053037480296932,
                    51.48907828078073
                  ],
                  [
                    -0.1405507224156073,
                    51.48907842217999
                  ],
                  [
                    -0.14055049532337274,
                    51.48909109164578
                  ],
                  [
                    -0.14059119054864866,
                    51.4890913744443
                  ],
                  [
                    -0.14059096345641411,
                    51.48910404391009
                  ]
                ]
              ],
              [
                [
                  [
                    -0.14059936586909252,
                    51.48863527367573
                  ],
                  [
                    -0.14055867064381658,
                    51.48863499087722
                  ],
                  [
                    -0.14055889773605112,
                    51.48862232141143
                  ],
                  [
                    -0.14053855012341318,
                    51.48862218001217
                  ],
                  [
                    -0.14053877721564773,
                    51.48860951054638
                  ],
                  [
                    -0.14051842960300975,
                    51.48860936914712
                  ],
                  [
                    -0.1405186566952443,
                    51.48859669968133
                  ],
                  [
                    -0.14049830908260633,
                    51.488596558282076
                  ],
                  [
                    -0.1404985361748409,
                    51.48858388881628
                  ],
                  [
                    -0.14053923140011682,
                    51.4885841716148
                  ],
                  [
                    -0.14053900430788227,
                    51.488596841080586
                  ],
                  [
                    -0.14055935192052024,
                    51.48859698247984
                  ],
                  [
                    -0.1405591248282857,
                    51.48860965194564
                  ],
                  [
                    -0.14057947244092364,
                    51.48860979334489
                  ],
                  [
                    -0.1405792453486891,
                    51.48862246281069
                  ],
                  [
                    -0.14059959296132707,
                    51.488622604209944
                  ],
                  [
                    -0.14059936586909252,
                    51.48863527367573
                  ]
                ]
              ],
              [
                [
                  [
                    -0.14057969953315821,
                    51.4885971238791
                  ],
                  [
                    -0.14055935192052024,
                    51.48859698247984
                  ],
                  [
                    -0.1405595790127548,
                    51.48858431301405
                  ],
                  [
                    -0.14053923140011682,
                    51.4885841716148
                  ],
                  [
                    -0.14053945849235136,
                    51.488571502149
                  ],
                  [
                    -0.1405801537176273,
                    51.48857178494751
                  ],
                  [
                    -0.14057969953315821,
                    51.4885971238791
                  ]
                ]
              ],
              [
                [
                  [
                    -0.14054663475538537,
                    51.48930647256427
                  ],
                  [
                    -0.1405262871427474,
                    51.48930633116502
                  ],
                  [
                    -0.14052651423498194,
                    51.48929366169922
                  ],
                  [
                    -0.14050616662234397,
                    51.48929352029997
                  ],
                  [
                    -0.14050639371457851,
                    51.48928085083417
                  ],
                  [
                    -0.14048604610194057,
                    51.489280709434915
                  ],
                  [
                    -0.1404853648252369,
                    51.4893187178323
                  ],
                  [
                    -0.14046501721259894,
                    51.48931857643304
                  ],
                  [
                    -0.1404647901203644,
                    51.48933124589883
                  ],
                  [
                    -0.14042409489508845,
                    51.48933096310032
                  ],
                  [
                    -0.14042454907955756,
                    51.489305624168736
                  ],
                  [
                    -0.1404042014669196,
                    51.489305482769474
                  ],
                  [
                    -0.14040397437468505,
                    51.48931815223527
                  ],
                  [
                    -0.14038362676204708,
                    51.489318010836016
                  ],
                  [
                    -0.14038339966981253,
                    51.489330680301805
                  ],
                  [
                    -0.14036305205717456,
                    51.48933053890255
                  ],
                  [
                    -0.14036350624164365,
                    51.489305199970964
                  ],
                  [
                    -0.14038385385428162,
                    51.48930534137022
                  ],
                  [
                    -0.14038408094651617,
                    51.48929267190443
                  ],
                  [
                    -0.14040442855915414,
                    51.489292813303685
                  ],
                  [
                    -0.14040465565138868,
                    51.48928014383789
                  ],
                  [
                    -0.14042500326402665,
                    51.48928028523714
                  ],
                  [
                    -0.1404252303562612,
                    51.489267615771354
                  ],
                  [
                    -0.14048627319417512,
                    51.489268039969126
                  ],
                  [
                    -0.14048650028640966,
                    51.48925537050333
                  ],
                  [
                    -0.14050684789904763,
                    51.489255511902584
                  ],
                  [
                    -0.1405066208068131,
                    51.48926818136838
                  ],
                  [
                    -0.14052696841945106,
                    51.489268322767636
                  ],
                  [
                    -0.1405267413272165,
                    51.489280992233425
                  ],
                  [
                    -0.14054708893985446,
                    51.48928113363269
                  ],
                  [
                    -0.14054663475538537,
                    51.48930647256427
                  ]
                ],
                [
                  [
                    -0.14046501721259894,
                    51.48931857643304
                  ],
                  [
                    -0.14046547139706805,
                    51.48929323750145
                  ],
                  [
                    -0.14044512378443008,
                    51.489293096102195
                  ],
                  [
                    -0.14044466959996096,
                    51.48931843503378
                  ],
                  [
                    -0.14046501721259894,
                    51.48931857643304
                  ]
                ]
              ],
              [
                [
                  [
                    -0.14054059395352414,
                    51.48850815482003
                  ],
                  [
                    -0.1404998987282482,
                    51.48850787202152
                  ],
                  [
                    -0.14050012582048274,
                    51.488495202555725
                  ],
                  [
                    -0.14047977820784477,
                    51.48849506115647
                  ],
                  [
                    -0.1404802323923139,
                    51.488469722224885
                  ],
                  [
                    -0.14045988477967591,
                    51.48846958082563
                  ],
                  [
                    -0.14046011187191046,
                    51.48845691135983
                  ],
                  [
                    -0.14048045948454843,
                    51.48845705275909
                  ],
                  [
                    -0.14048091366901755,
                    51.4884317138275
                  ],
                  [
                    -0.1405012612816555,
                    51.48843185522676
                  ],
                  [
                    -0.1405008070971864,
                    51.48845719415835
                  ],
                  [
                    -0.14054150232246235,
                    51.48845747695686
                  ],
                  [
                    -0.14054104813799323,
                    51.488482815888446
                  ],
                  [
                    -0.14052070052535526,
                    51.48848267448919
                  ],
                  [
                    -0.1405204734331207,
                    51.48849534395498
                  ],
                  [
                    -0.14054082104575868,
                    51.48849548535424
                  ],
                  [
                    -0.14054059395352414,
                    51.48850815482003
                  ]
                ],
                [
                  [
                    -0.14052070052535526,
                    51.48848267448919
                  ],
                  [
                    -0.14052092761758983,
                    51.488470005023395
                  ],
                  [
                    -0.14050058000495186,
                    51.48846986362414
                  ],
                  [
                    -0.14050035291271729,
                    51.488482533089936
                  ],
                  [
                    -0.14052070052535526,
                    51.48848267448919
                  ]
                ]
              ],
              [
                [
                  [
                    -0.1405098000980968,
                    51.48909080884727
                  ],
                  [
                    -0.14048945248545883,
                    51.48909066744802
                  ],
                  [
                    -0.14048922539322428,
                    51.48910333691381
                  ],
                  [
                    -0.1404688777805863,
                    51.48910319551455
                  ],
                  [
                    -0.14046910487282085,
                    51.489090526048756
                  ],
                  [
                    -0.1404487572601829,
                    51.4890903846495
                  ],
                  [
                    -0.14044898435241746,
                    51.48907771518371
                  ],
                  [
                    -0.14042863673977948,
                    51.48907757378445
                  ],
                  [
                    -0.14042886383201403,
                    51.48906490431866
                  ],
                  [
                    -0.14038816860673808,
                    51.48906462152014
                  ],
                  [
                    -0.14038839569897266,
                    51.48905195205435
                  ],
                  [
                    -0.14036804808633468,
                    51.4890518106551
                  ],
                  [
                    -0.14036827517856923,
                    51.4890391411893
                  ],
                  [
                    -0.14034792756593126,
                    51.48903899979005
                  ],
                  [
                    -0.14034815465816583,
                    51.48902633032425
                  ],
                  [
                    -0.14040919749607972,
                    51.48902675452202
                  ],
                  [
                    -0.14040874331161063,
                    51.48905209345361
                  ],
                  [
                    -0.14044943853688655,
                    51.489052376252125
                  ],
                  [
                    -0.140449211444652,
                    51.489065045717915
                  ],
                  [
                    -0.14046955905728997,
                    51.48906518711717
                  ],
                  [
                    -0.14046933196505543,
                    51.489077856582966
                  ],
                  [
                    -0.14051002719033134,
                    51.489078139381476
                  ],
                  [
                    -0.1405098000980968,
                    51.48909080884727
                  ]
                ]
              ],
              [
                [
                  [
                    -0.14048740865534787,
                    51.48920469264016
                  ],
                  [
                    -0.1404670610427099,
                    51.489204551240896
                  ],
                  [
                    -0.14046683395047535,
                    51.48921722070669
                  ],
                  [
                    -0.1404261387251994,
                    51.48921693790818
                  ],
                  [
                    -0.14042636581743398,
                    51.489204268442386
                  ],
                  [
                    -0.14044671343007192,
                    51.48920440984164
                  ],
                  [
                    -0.1404469405223065,
                    51.48919174037585
                  ],
                  [
                    -0.1404876357475824,
                    51.48919202317436
                  ],
                  [
                    -0.14048740865534787,
                    51.48920469264016
                  ]
                ]
              ],
              [
                [
                  [
                    -0.14049467560685353,
                    51.48879926973477
                  ],
                  [
                    -0.14047432799421555,
                    51.488799128335515
                  ],
                  [
                    -0.14047523636315376,
                    51.488748450472336
                  ],
                  [
                    -0.1404548887505158,
                    51.48874830907308
                  ],
                  [
                    -0.14045534293498488,
                    51.488722970141495
                  ],
                  [
                    -0.14047569054762285,
                    51.48872311154075
                  ],
                  [
                    -0.1404754634553883,
                    51.48873578100655
                  ],
                  [
                    -0.14049581106802628,
                    51.4887359224058
                  ],
                  [
                    -0.14049467560685353,
                    51.48879926973477
                  ]
                ]
              ],
              [
                [
                  [
                    -0.1404661526737717,
                    51.489255229104074
                  ],
                  [
                    -0.14042545744849577,
                    51.48925494630556
                  ],
                  [
                    -0.1404252303562612,
                    51.489267615771354
                  ],
                  [
                    -0.14040488274362325,
                    51.4892674743721
                  ],
                  [
                    -0.14040465565138868,
                    51.48928014383789
                  ],
                  [
                    -0.1403843080387507,
                    51.48928000243863
                  ],
                  [
                    -0.14038476222321983,
                    51.48925466350705
                  ],
                  [
                    -0.1404051098358578,
                    51.4892548049063
                  ],
                  [
                    -0.14040533692809234,
                    51.48924213544051
                  ],
                  [
                    -0.14042568454073032,
                    51.48924227683977
                  ],
                  [
                    -0.14042591163296486,
                    51.48922960737397
                  ],
                  [
                    -0.14044625924560283,
                    51.489229748773226
                  ],
                  [
                    -0.1404460321533683,
                    51.48924241823902
                  ],
                  [
                    -0.14046637976600626,
                    51.48924255963828
                  ],
                  [
                    -0.1404661526737717,
                    51.489255229104074
                  ]
                ]
              ],
              [
                [
                  [
                    -0.14047841565443747,
                    51.48857107795123
                  ],
                  [
                    -0.14043772042916153,
                    51.48857079515272
                  ],
                  [
                    -0.1404379475213961,
                    51.48855812568692
                  ],
                  [
                    -0.14041759990875813,
                    51.48855798428767
                  ],
                  [
                    -0.14041737281652356,
                    51.48857065375346
                  ],
                  [
                    -0.14037667759124764,
                    51.488570370954946
                  ],
                  [
                    -0.14037690468348218,
                    51.48855770148916
                  ],
                  [
                    -0.14039725229612016,
                    51.48855784288841
                  ],
                  [
                    -0.1403974793883547,
                    51.488545173422615
                  ],
                  [
                    -0.14045852222626862,
                    51.48854559762039
                  ],
                  [
                    -0.14045829513403404,
                    51.488558267086184
                  ],
                  [
                    -0.14047864274667202,
                    51.48855840848544
                  ],
                  [
                    -0.14047841565443747,
                    51.48857107795123
                  ]
                ]
              ],
              [
                [
                  [
                    -0.1404820491301903,
                    51.488368366498534
                  ],
                  [
                    -0.14046170151755233,
                    51.48836822509928
                  ],
                  [
                    -0.1404612473330832,
                    51.488393564030865
                  ],
                  [
                    -0.14044089972044527,
                    51.48839342263161
                  ],
                  [
                    -0.1404402184437416,
                    51.48843143102899
                  ],
                  [
                    -0.14041987083110363,
                    51.48843128962974
                  ],
                  [
                    -0.1404196437388691,
                    51.48844395909553
                  ],
                  [
                    -0.14046033896414503,
                    51.488444241894044
                  ],
                  [
                    -0.14046011187191046,
                    51.48845691135983
                  ],
                  [
                    -0.14041941664663454,
                    51.48845662856132
                  ],
                  [
                    -0.14041918955439997,
                    51.48846929802711
                  ],
                  [
                    -0.14039884194176203,
                    51.48846915662786
                  ],
                  [
                    -0.14039861484952745,
                    51.488481826093654
                  ],
                  [
                    -0.14033757201161356,
                    51.48848140189588
                  ],
                  [
                    -0.14033802619608265,
                    51.488456062964296
                  ],
                  [
                    -0.14029733097080674,
                    51.48845578016578
                  ],
                  [
                    -0.14029755806304128,
                    51.48844311069999
                  ],
                  [
                    -0.14031790567567926,
                    51.488443252099245
                  ],
                  [
                    -0.1403181327679138,
                    51.488430582633455
                  ],
                  [
                    -0.14033848038055177,
                    51.48843072403271
                  ],
                  [
                    -0.14033825328831723,
                    51.4884433934985
                  ],
                  [
                    -0.14035860090095517,
                    51.48844353489776
                  ],
                  [
                    -0.14035837380872063,
                    51.48845620436355
                  ],
                  [
                    -0.1403787214213586,
                    51.488456345762806
                  ],
                  [
                    -0.1403791756058277,
                    51.48843100683122
                  ],
                  [
                    -0.14039952321846566,
                    51.488431148230475
                  ],
                  [
                    -0.1403997503107002,
                    51.488418478764686
                  ],
                  [
                    -0.14037940269806226,
                    51.48841833736543
                  ],
                  [
                    -0.1403796297902968,
                    51.488405667899634
                  ],
                  [
                    -0.14039997740293478,
                    51.48840580929889
                  ],
                  [
                    -0.14040020449516932,
                    51.4883931398331
                  ],
                  [
                    -0.14037985688253135,
                    51.48839299843384
                  ],
                  [
                    -0.1403800839747659,
                    51.48838032896805
                  ],
                  [
                    -0.14042077920004184,
                    51.48838061176656
                  ],
                  [
                    -0.14042100629227638,
                    51.48836794230077
                  ],
                  [
                    -0.14044135390491436,
                    51.488368083700024
                  ],
                  [
                    -0.14044180808938347,
                    51.48834274476844
                  ],
                  [
                    -0.1404825033146594,
                    51.48834302756695
                  ],
                  [
                    -0.1404820491301903,
                    51.488368366498534
                  ]
                ]
              ],
              [
                [
                  [
                    -0.1404496656291211,
                    51.48903970678633
                  ],
                  [
                    -0.14042931801648315,
                    51.489039565387074
                  ],
                  [
                    -0.1404295451087177,
                    51.48902689592128
                  ],
                  [
                    -0.14040919749607972,
                    51.48902675452202
                  ],
                  [
                    -0.14040942458831426,
                    51.489014085056226
                  ],
                  [
                    -0.1404501198135902,
                    51.48901436785474
                  ],
                  [
                    -0.1404496656291211,
                    51.48903970678633
                  ]
                ]
              ],
              [
                [
                  [
                    -0.14045420747381213,
                    51.48878631747046
                  ],
                  [
                    -0.14043385986117415,
                    51.48878617607121
                  ],
                  [
                    -0.1404336327689396,
                    51.488798845537
                  ],
                  [
                    -0.14041328515630164,
                    51.48879870413774
                  ],
                  [
                    -0.14041373934077075,
                    51.48877336520616
                  ],
                  [
                    -0.14045443456604667,
                    51.48877364800467
                  ],
                  [
                    -0.14045420747381213,
                    51.48878631747046
                  ]
                ]
              ],
              [
                [
                  [
                    -0.14041283097183255,
                    51.48882404306933
                  ],
                  [
                    -0.14039248335919458,
                    51.488823901670074
                  ],
                  [
                    -0.14039225626696003,
                    51.48883657113586
                  ],
                  [
                    -0.14037190865432206,
                    51.48883642973661
                  ],
                  [
                    -0.14037236283879115,
                    51.48881109080502
                  ],
                  [
                    -0.14039271045142912,
                    51.48881123220428
                  ],
                  [
                    -0.14039293754366367,
                    51.48879856273849
                  ],
                  [
                    -0.14041328515630164,
                    51.48879870413774
                  ],
                  [
                    -0.14041283097183255,
                    51.48882404306933
                  ]
                ]
              ],
              [
                [
                  [
                    -0.14042395849132555,
                    51.48820323924545
                  ],
                  [
                    -0.14040361087868758,
                    51.488203097846196
                  ],
                  [
                    -0.14040383797092215,
                    51.488190428380406
                  ],
                  [
                    -0.14038349035828418,
                    51.488190286981144
                  ],
                  [
                    -0.14038303617381506,
                    51.48821562591274
                  ],
                  [
                    -0.14036268856117712,
                    51.488215484513475
                  ],
                  [
                    -0.14036291565341166,
                    51.488202815047686
                  ],
                  [
                    -0.1403425680407737,
                    51.48820267364843
                  ],
                  [
                    -0.140343930594181,
                    51.488126656853666
                  ],
                  [
                    -0.14036427820681896,
                    51.48812679825292
                  ],
                  [
                    -0.14036405111458441,
                    51.48813946771872
                  ],
                  [
                    -0.1403843987272224,
                    51.48813960911797
                  ],
                  [
                    -0.14038417163498784,
                    51.48815227858377
                  ],
                  [
                    -0.1404045192476258,
                    51.488152419983024
                  ],
                  [
                    -0.1404040650631567,
                    51.48817775891461
                  ],
                  [
                    -0.14042441267579467,
                    51.488177900313865
                  ],
                  [
                    -0.14042395849132555,
                    51.48820323924545
                  ]
                ],
                [
                  [
                    -0.14038371745051872,
                    51.488177617515355
                  ],
                  [
                    -0.14038394454275327,
                    51.48816494804956
                  ],
                  [
                    -0.14036359693011533,
                    51.4881648066503
                  ],
                  [
                    -0.14036336983788075,
                    51.4881774761161
                  ],
                  [
                    -0.14038371745051872,
                    51.488177617515355
                  ]
                ]
              ],
              [
                [
                  [
                    -0.14036350624164365,
                    51.489305199970964
                  ],
                  [
                    -0.14034315862900568,
                    51.48930505857171
                  ],
                  [
                    -0.14034293153677113,
                    51.4893177280375
                  ],
                  [
                    -0.14032258392413316,
                    51.48931758663824
                  ],
                  [
                    -0.14032235683189861,
                    51.48933025610404
                  ],
                  [
                    -0.14026131399398473,
                    51.48932983190627
                  ],
                  [
                    -0.14026176817845382,
                    51.48930449297468
                  ],
                  [
                    -0.14030246340372976,
                    51.48930477577319
                  ],
                  [
                    -0.14030291758819885,
                    51.489279436841606
                  ],
                  [
                    -0.14032326520083682,
                    51.48927957824086
                  ],
                  [
                    -0.14032303810860228,
                    51.48929224770666
                  ],
                  [
                    -0.1403637333338782,
                    51.48929253050517
                  ],
                  [
                    -0.14036350624164365,
                    51.489305199970964
                  ]
                ]
              ],
              [
                [
                  [
                    -0.14037690468348218,
                    51.48855770148916
                  ],
                  [
                    -0.1403565570708442,
                    51.4885575600899
                  ],
                  [
                    -0.14035632997860967,
                    51.48857022955569
                  ],
                  [
                    -0.1403359823659717,
                    51.488570088156436
                  ],
                  [
                    -0.14033575527373715,
                    51.488582757622225
                  ],
                  [
                    -0.14031540766109918,
                    51.48858261622297
                  ],
                  [
                    -0.1403158618455683,
                    51.488557277291385
                  ],
                  [
                    -0.14033620945820624,
                    51.48855741869064
                  ],
                  [
                    -0.1403364365504408,
                    51.48854474922485
                  ],
                  [
                    -0.14037713177571673,
                    51.48854503202336
                  ],
                  [
                    -0.14037690468348218,
                    51.48855770148916
                  ]
                ]
              ],
              [
                [
                  [
                    -0.1403449753668821,
                    51.48920370284536
                  ],
                  [
                    -0.14032462775424412,
                    51.489203561446104
                  ],
                  [
                    -0.14032440066200957,
                    51.4892162309119
                  ],
                  [
                    -0.14026335782409569,
                    51.48921580671413
                  ],
                  [
                    -0.1402631307318611,
                    51.489228476179925
                  ],
                  [
                    -0.14024278311922317,
                    51.48922833478066
                  ],
                  [
                    -0.1402425560269886,
                    51.48924100424646
                  ],
                  [
                    -0.14022220841435065,
                    51.489240862847204
                  ],
                  [
                    -0.14022266259881974,
                    51.48921552391562
                  ],
                  [
                    -0.1402430102114577,
                    51.48921566531487
                  ],
                  [
                    -0.14024323730369226,
                    51.48920299584908
                  ],
                  [
                    -0.14030428014160617,
                    51.48920342004685
                  ],
                  [
                    -0.14030473432607526,
                    51.48917808111526
                  ],
                  [
                    -0.14026403910079932,
                    51.489177798316746
                  ],
                  [
                    -0.1402642661930339,
                    51.489165128850956
                  ],
                  [
                    -0.14022357096775795,
                    51.48916484605244
                  ],
                  [
                    -0.1402237980599925,
                    51.48915217658665
                  ],
                  [
                    -0.14020345044735452,
                    51.489152035187395
                  ],
                  [
                    -0.1402036775395891,
                    51.4891393657216
                  ],
                  [
                    -0.14026472037750298,
                    51.48913978991937
                  ],
                  [
                    -0.14026449328526844,
                    51.48915245938516
                  ],
                  [
                    -0.1402848408979064,
                    51.489152600784415
                  ],
                  [
                    -0.14028461380567184,
                    51.48916527025021
                  ],
                  [
                    -0.14032530903094778,
                    51.48916555304872
                  ],
                  [
                    -0.14032508193871324,
                    51.48917822251452
                  ],
                  [
                    -0.1403454295513512,
                    51.48917836391377
                  ],
                  [
                    -0.1403449753668821,
                    51.48920370284536
                  ]
                ]
              ],
              [
                [
                  [
                    -0.14034815465816583,
                    51.48902633032425
                  ],
                  [
                    -0.14030745943288989,
                    51.48902604752574
                  ],
                  [
                    -0.14030791361735898,
                    51.489000708594155
                  ],
                  [
                    -0.14032826122999695,
                    51.48900084999341
                  ],
                  [
                    -0.1403280341377624,
                    51.489013519459206
                  ],
                  [
                    -0.14034838175040038,
                    51.48901366085846
                  ],
                  [
                    -0.14034815465816583,
                    51.48902633032425
                  ]
                ]
              ],
              [
                [
                  [
                    -0.1403289425067006,
                    51.48896284159603
                  ],
                  [
                    -0.1402678996687867,
                    51.48896241739826
                  ],
                  [
                    -0.14026812676102127,
                    51.488949747932466
                  ],
                  [
                    -0.14032916959893516,
                    51.48895017213024
                  ],
                  [
                    -0.1403289425067006,
                    51.48896284159603
                  ]
                ]
              ],
              [
                [
                  [
                    -0.14033870747278632,
                    51.488418054566914
                  ],
                  [
                    -0.14029801224751037,
                    51.488417771768404
                  ],
                  [
                    -0.1402984664319795,
                    51.48839243283682
                  ],
                  [
                    -0.14031881404461746,
                    51.48839257423607
                  ],
                  [
                    -0.1403185869523829,
                    51.48840524370186
                  ],
                  [
                    -0.14033893456502086,
                    51.488405385101125
                  ],
                  [
                    -0.14033870747278632,
                    51.488418054566914
                  ]
                ]
              ],
              [
                [
                  [
                    -0.14031449929216097,
                    51.48863329408615
                  ],
                  [
                    -0.14027380406688505,
                    51.48863301128763
                  ],
                  [
                    -0.14027357697465048,
                    51.48864568075343
                  ],
                  [
                    -0.1402532293620125,
                    51.48864553935417
                  ],
                  [
                    -0.14025254808530888,
                    51.48868354775155
                  ],
                  [
                    -0.1402322004726709,
                    51.488683406352294
                  ],
                  [
                    -0.14023242756490545,
                    51.4886707368865
                  ],
                  [
                    -0.14021207995226748,
                    51.48867059548724
                  ],
                  [
                    -0.1402116257677984,
                    51.48869593441883
                  ],
                  [
                    -0.14019127815516041,
                    51.48869579301957
                  ],
                  [
                    -0.14019105106292587,
                    51.48870846248537
                  ],
                  [
                    -0.1401707034502879,
                    51.48870832108611
                  ],
                  [
                    -0.14017047635805335,
                    51.488720990551904
                  ],
                  [
                    -0.14015012874541538,
                    51.48872084915265
                  ],
                  [
                    -0.14015058292988447,
                    51.48869551022106
                  ],
                  [
                    -0.14017093054252244,
                    51.48869565162032
                  ],
                  [
                    -0.140171157634757,
                    51.48868298215452
                  ],
                  [
                    -0.14019150524739496,
                    51.488683123553784
                  ],
                  [
                    -0.14019195943186408,
                    51.48865778462219
                  ],
                  [
                    -0.14021230704450205,
                    51.48865792602145
                  ],
                  [
                    -0.1402125341367366,
                    51.48864525655566
                  ],
                  [
                    -0.14023288174937457,
                    51.48864539795491
                  ],
                  [
                    -0.1402331088416091,
                    51.48863272848912
                  ],
                  [
                    -0.14025345645424708,
                    51.48863286988838
                  ],
                  [
                    -0.14025368354648163,
                    51.48862020042258
                  ],
                  [
                    -0.1402740311591196,
                    51.48862034182184
                  ],
                  [
                    -0.1402744853435887,
                    51.48859500289025
                  ],
                  [
                    -0.14029483295622666,
                    51.48859514428951
                  ],
                  [
                    -0.14029437877175757,
                    51.4886204832211
                  ],
                  [
                    -0.14031472638439552,
                    51.48862062462035
                  ],
                  [
                    -0.14031449929216097,
                    51.48863329408615
                  ]
                ]
              ],
              [
                [
                  [
                    -0.14032290170483938,
                    51.48816452385179
                  ],
                  [
                    -0.1403025540922014,
                    51.48816438245254
                  ],
                  [
                    -0.14030232699996686,
                    51.48817705191833
                  ],
                  [
                    -0.1402819793873289,
                    51.48817691051907
                  ],
                  [
                    -0.14028243357179798,
                    51.48815157158749
                  ],
                  [
                    -0.14026208595916004,
                    51.48815143018823
                  ],
                  [
                    -0.14026163177469092,
                    51.48817676911982
                  ],
                  [
                    -0.14024128416205295,
                    51.488176627720556
                  ],
                  [
                    -0.14024173834652207,
                    51.48815128878897
                  ],
                  [
                    -0.1402213907338841,
                    51.488151147389715
                  ],
                  [
                    -0.14022252619505685,
                    51.48808780006075
                  ],
                  [
                    -0.1402632214203328,
                    51.488088082859264
                  ],
                  [
                    -0.14026231305139458,
                    51.488138760722435
                  ],
                  [
                    -0.14028266066403255,
                    51.48813890212169
                  ],
                  [
                    -0.1402833419407362,
                    51.488100893724315
                  ],
                  [
                    -0.14030368955337416,
                    51.48810103512357
                  ],
                  [
                    -0.14030346246113962,
                    51.48811370458936
                  ],
                  [
                    -0.1403238100737776,
                    51.488113845988615
                  ],
                  [
                    -0.14032335588930847,
                    51.48813918492021
                  ],
                  [
                    -0.14030300827667053,
                    51.488139043520945
                  ],
                  [
                    -0.14030278118443595,
                    51.48815171298674
                  ],
                  [
                    -0.14032312879707393,
                    51.488151854386
                  ],
                  [
                    -0.14032290170483938,
                    51.48816452385179
                  ]
                ]
              ],
              [
                [
                  [
                    -0.14028756600472103,
                    51.4890005671949
                  ],
                  [
                    -0.14026721839208306,
                    51.48900042579564
                  ],
                  [
                    -0.1402674454843176,
                    51.48898775632985
                  ],
                  [
                    -0.14022675025904166,
                    51.48898747353133
                  ],
                  [
                    -0.1402269773512762,
                    51.48897480406554
                  ],
                  [
                    -0.14020662973863826,
                    51.48897466266629
                  ],
                  [
                    -0.1402068568308728,
                    51.48896199320049
                  ],
                  [
                    -0.14016616160559686,
                    51.48896171040198
                  ],
                  [
                    -0.14016661579006598,
                    51.488936371470395
                  ],
                  [
                    -0.14012592056479004,
                    51.48893608867188
                  ],
                  [
                    -0.14012614765702458,
                    51.48892341920609
                  ],
                  [
                    -0.14008545243174866,
                    51.48892313640757
                  ],
                  [
                    -0.14008590661621775,
                    51.488897797475985
                  ],
                  [
                    -0.14006555900357978,
                    51.48889765607673
                  ],
                  [
                    -0.14006578609581435,
                    51.488884986610934
                  ],
                  [
                    -0.14010648132109027,
                    51.48888526940945
                  ],
                  [
                    -0.14010625422885573,
                    51.48889793887524
                  ],
                  [
                    -0.1401266018414937,
                    51.488898080274495
                  ],
                  [
                    -0.14012637474925915,
                    51.48891074974029
                  ],
                  [
                    -0.1401467223618971,
                    51.48891089113955
                  ],
                  [
                    -0.14014649526966255,
                    51.48892356060534
                  ],
                  [
                    -0.1401871904949385,
                    51.48892384340385
                  ],
                  [
                    -0.14018696340270395,
                    51.48893651286965
                  ],
                  [
                    -0.1402073110153419,
                    51.488936654268905
                  ],
                  [
                    -0.14020708392310735,
                    51.4889493237347
                  ],
                  [
                    -0.14022743153574532,
                    51.488949465133956
                  ],
                  [
                    -0.14022720444351078,
                    51.488962134599745
                  ],
                  [
                    -0.14024755205614875,
                    51.48896227599901
                  ],
                  [
                    -0.14024732496391418,
                    51.4889749454648
                  ],
                  [
                    -0.14028802018919012,
                    51.48897522826331
                  ],
                  [
                    -0.14028756600472103,
                    51.4890005671949
                  ]
                ]
              ],
              [
                [
                  [
                    -0.14029619550963396,
                    51.48851912749475
                  ],
                  [
                    -0.14023515267172007,
                    51.48851870329698
                  ],
                  [
                    -0.14023492557948553,
                    51.48853137276277
                  ],
                  [
                    -0.14019423035420958,
                    51.48853108996426
                  ],
                  [
                    -0.1401946845386787,
                    51.488505751032676
                  ],
                  [
                    -0.14021503215131664,
                    51.48850589243193
                  ],
                  [
                    -0.14021525924355122,
                    51.488493222966135
                  ],
                  [
                    -0.14025595446882713,
                    51.48849350576465
                  ],
                  [
                    -0.14025640865329625,
                    51.488468166833066
                  ],
                  [
                    -0.14023606104065828,
                    51.488468025433804
                  ],
                  [
                    -0.14023628813289282,
                    51.488455355968014
                  ],
                  [
                    -0.14027698335816877,
                    51.488455638766524
                  ],
                  [
                    -0.14027652917369965,
                    51.48848097769811
                  ],
                  [
                    -0.14029687678633762,
                    51.48848111909737
                  ],
                  [
                    -0.14029619550963396,
                    51.48851912749475
                  ]
                ]
              ],
              [
                [
                  [
                    -0.1402984664319795,
                    51.48839243283682
                  ],
                  [
                    -0.14025777120670355,
                    51.4883921500383
                  ],
                  [
                    -0.1402579982989381,
                    51.48837948057251
                  ],
                  [
                    -0.14023765068630015,
                    51.48837933917325
                  ],
                  [
                    -0.1402378777785347,
                    51.48836666970746
                  ],
                  [
                    -0.14021753016589672,
                    51.488366528308205
                  ],
                  [
                    -0.14021775725813126,
                    51.48835385884241
                  ],
                  [
                    -0.14023810487076924,
                    51.488354000241664
                  ],
                  [
                    -0.14023833196300378,
                    51.488341330775874
                  ],
                  [
                    -0.1402179843503658,
                    51.48834118937662
                  ],
                  [
                    -0.14021821144260038,
                    51.48832851991082
                  ],
                  [
                    -0.1401978638299624,
                    51.48832837851157
                  ],
                  [
                    -0.14019763673772787,
                    51.48834104797736
                  ],
                  [
                    -0.1401772891250899,
                    51.4883409065781
                  ],
                  [
                    -0.14017751621732444,
                    51.48832823711231
                  ],
                  [
                    -0.1401368209920485,
                    51.488327954313796
                  ],
                  [
                    -0.14013704808428307,
                    51.48831528484801
                  ],
                  [
                    -0.1401167004716451,
                    51.488315143448744
                  ],
                  [
                    -0.14011647337941055,
                    51.48832781291454
                  ],
                  [
                    -0.1400757781541346,
                    51.48832753011603
                  ],
                  [
                    -0.14007600524636915,
                    51.488314860650235
                  ],
                  [
                    -0.14009635285900712,
                    51.48831500204949
                  ],
                  [
                    -0.14009657995124167,
                    51.4883023325837
                  ],
                  [
                    -0.14003553711332778,
                    51.48830190838593
                  ],
                  [
                    -0.14003576420556232,
                    51.48828923892013
                  ],
                  [
                    -0.14001541659292435,
                    51.48828909752088
                  ],
                  [
                    -0.14001587077739347,
                    51.48826375858929
                  ],
                  [
                    -0.1399955231647555,
                    51.488263617190036
                  ],
                  [
                    -0.13999575025699004,
                    51.48825094772424
                  ],
                  [
                    -0.13997540264435207,
                    51.488250806324984
                  ],
                  [
                    -0.13997562973658662,
                    51.488238136859195
                  ],
                  [
                    -0.1399349345113107,
                    51.48823785406068
                  ],
                  [
                    -0.13993516160354524,
                    51.48822518459489
                  ],
                  [
                    -0.1398944663782693,
                    51.48822490179637
                  ],
                  [
                    -0.13989469347050387,
                    51.48821223233058
                  ],
                  [
                    -0.1398743458578659,
                    51.48821209093132
                  ],
                  [
                    -0.13987457295010045,
                    51.48819942146553
                  ],
                  [
                    -0.13985422533746247,
                    51.488199280066276
                  ],
                  [
                    -0.1398546795219316,
                    51.48817394113469
                  ],
                  [
                    -0.13987502713456954,
                    51.488174082533945
                  ],
                  [
                    -0.1398752542268041,
                    51.48816141306815
                  ],
                  [
                    -0.13989560183944205,
                    51.4881615544674
                  ],
                  [
                    -0.13989514765497296,
                    51.48818689339899
                  ],
                  [
                    -0.1399358428802489,
                    51.488187176197506
                  ],
                  [
                    -0.1399353886957798,
                    51.48821251512909
                  ],
                  [
                    -0.1399964315336937,
                    51.488212939326864
                  ],
                  [
                    -0.13999620444145913,
                    51.48822560879265
                  ],
                  [
                    -0.1400165520540971,
                    51.48822575019191
                  ],
                  [
                    -0.14001609786962801,
                    51.4882510891235
                  ],
                  [
                    -0.140036445482266,
                    51.488251230522756
                  ],
                  [
                    -0.14003621839003141,
                    51.488263899988546
                  ],
                  [
                    -0.14005656600266939,
                    51.48826404138781
                  ],
                  [
                    -0.14005679309490393,
                    51.48825137192201
                  ],
                  [
                    -0.1400771407075419,
                    51.488251513321266
                  ],
                  [
                    -0.14007691361530736,
                    51.48826418278706
                  ],
                  [
                    -0.14009726122794533,
                    51.48826432418632
                  ],
                  [
                    -0.1400968070434762,
                    51.488289663117904
                  ],
                  [
                    -0.14011715465611418,
                    51.48828980451716
                  ],
                  [
                    -0.14011692756387964,
                    51.488302473982955
                  ],
                  [
                    -0.1401372751765176,
                    51.48830261538221
                  ],
                  [
                    -0.14013750226875216,
                    51.488289945916414
                  ],
                  [
                    -0.14015784988139013,
                    51.488290087315676
                  ],
                  [
                    -0.14015762278915558,
                    51.488302756781465
                  ],
                  [
                    -0.14021866562706947,
                    51.48830318097924
                  ],
                  [
                    -0.14021843853483493,
                    51.48831585044503
                  ],
                  [
                    -0.1402387861474729,
                    51.48831599184429
                  ],
                  [
                    -0.14023855905523835,
                    51.48832866131008
                  ],
                  [
                    -0.1402589066678763,
                    51.48832880270933
                  ],
                  [
                    -0.14025822539117266,
                    51.488366811106715
                  ],
                  [
                    -0.14029892061644858,
                    51.48836709390523
                  ],
                  [
                    -0.1402984664319795,
                    51.48839243283682
                  ]
                ],
                [
                  [
                    -0.14003576420556232,
                    51.48828923892013
                  ],
                  [
                    -0.1400561118182003,
                    51.488289380319394
                  ],
                  [
                    -0.14005633891043484,
                    51.4882767108536
                  ],
                  [
                    -0.14003599129779687,
                    51.48827656945434
                  ],
                  [
                    -0.14003576420556232,
                    51.48828923892013
                  ]
                ],
                [
                  [
                    -0.13989469347050387,
                    51.48821223233058
                  ],
                  [
                    -0.13991504108314182,
                    51.48821237372984
                  ],
                  [
                    -0.1399152681753764,
                    51.48819970426404
                  ],
                  [
                    -0.13989492056273842,
                    51.488199562864786
                  ],
                  [
                    -0.13989469347050387,
                    51.48821223233058
                  ]
                ]
              ],
              [
                [
                  [
                    -0.1403002831698559,
                    51.48829107711047
                  ],
                  [
                    -0.14025958794457996,
                    51.48829079431196
                  ],
                  [
                    -0.1402598150368145,
                    51.48827812484616
                  ],
                  [
                    -0.14023946742417653,
                    51.488277983446906
                  ],
                  [
                    -0.1402396945164111,
                    51.48826531398111
                  ],
                  [
                    -0.14028038974168702,
                    51.48826559677963
                  ],
                  [
                    -0.14028016264945248,
                    51.488278266245416
                  ],
                  [
                    -0.14030051026209045,
                    51.48827840764468
                  ],
                  [
                    -0.1403002831698559,
                    51.48829107711047
                  ]
                ]
              ],
              [
                [
                  [
                    -0.1402651745619721,
                    51.48911445098778
                  ],
                  [
                    -0.14020413172405818,
                    51.48911402679001
                  ],
                  [
                    -0.14020390463182364,
                    51.4891266962558
                  ],
                  [
                    -0.14018355701918567,
                    51.48912655485655
                  ],
                  [
                    -0.14018332992695112,
                    51.489139224322344
                  ],
                  [
                    -0.14016298231431315,
                    51.48913908292309
                  ],
                  [
                    -0.1401636635910168,
                    51.489101074525706
                  ],
                  [
                    -0.14018401120365476,
                    51.48910121592496
                  ],
                  [
                    -0.14018423829588933,
                    51.48908854645917
                  ],
                  [
                    -0.14024528113380322,
                    51.48908897065694
                  ],
                  [
                    -0.14024505404156867,
                    51.48910164012273
                  ],
                  [
                    -0.14026540165420665,
                    51.48910178152199
                  ],
                  [
                    -0.1402651745619721,
                    51.48911445098778
                  ]
                ]
              ],
              [
                [
                  [
                    -0.14027221442124319,
                    51.488721697548186
                  ],
                  [
                    -0.14021117158332927,
                    51.488721273350414
                  ],
                  [
                    -0.14021139867556384,
                    51.488708603884625
                  ],
                  [
                    -0.14027244151347773,
                    51.48870902808239
                  ],
                  [
                    -0.14027221442124319,
                    51.488721697548186
                  ]
                ]
              ],
              [
                [
                  [
                    -0.14027516662029235,
                    51.488556994492875
                  ],
                  [
                    -0.1402344713950164,
                    51.48855671169436
                  ],
                  [
                    -0.14023424430278186,
                    51.488569381160154
                  ],
                  [
                    -0.14025459191541984,
                    51.48856952255941
                  ],
                  [
                    -0.1402543648231853,
                    51.488582192025206
                  ],
                  [
                    -0.14019332198527137,
                    51.488581767827434
                  ],
                  [
                    -0.14019354907750592,
                    51.48856909836164
                  ],
                  [
                    -0.14017320146486797,
                    51.48856895696238
                  ],
                  [
                    -0.14017342855710252,
                    51.48855628749659
                  ],
                  [
                    -0.14021412378237844,
                    51.4885565702951
                  ],
                  [
                    -0.140214350874613,
                    51.48854390082931
                  ],
                  [
                    -0.14023469848725095,
                    51.48854404222857
                  ],
                  [
                    -0.14023492557948553,
                    51.48853137276277
                  ],
                  [
                    -0.1402552731921235,
                    51.48853151416203
                  ],
                  [
                    -0.14025504609988892,
                    51.48854418362782
                  ],
                  [
                    -0.1402753937125269,
                    51.48854432502708
                  ],
                  [
                    -0.14027516662029235,
                    51.488556994492875
                  ]
                ]
              ],
              [
                [
                  [
                    -0.1402815252028598,
                    51.48820224945066
                  ],
                  [
                    -0.14024082997758386,
                    51.48820196665215
                  ],
                  [
                    -0.1402406028853493,
                    51.48821463611794
                  ],
                  [
                    -0.14022025527271134,
                    51.48821449471868
                  ],
                  [
                    -0.14022070945718043,
                    51.4881891557871
                  ],
                  [
                    -0.14026140468245638,
                    51.48818943858561
                  ],
                  [
                    -0.14026163177469092,
                    51.48817676911982
                  ],
                  [
                    -0.1402819793873289,
                    51.48817691051907
                  ],
                  [
                    -0.1402815252028598,
                    51.48820224945066
                  ]
                ]
              ],
              [
                [
                  [
                    -0.14022130004541244,
                    51.489291540710376
                  ],
                  [
                    -0.14020095243277447,
                    51.48929139931112
                  ],
                  [
                    -0.14020072534053993,
                    51.48930406877691
                  ],
                  [
                    -0.14018037772790196,
                    51.489303927377655
                  ],
                  [
                    -0.1401806048201365,
                    51.489291257911866
                  ],
                  [
                    -0.14016025720749853,
                    51.489291116512604
                  ],
                  [
                    -0.1401609384842022,
                    51.48925310811523
                  ],
                  [
                    -0.1402016337094781,
                    51.48925339091374
                  ],
                  [
                    -0.14020140661724356,
                    51.489266060379535
                  ],
                  [
                    -0.1401810590046056,
                    51.48926591898027
                  ],
                  [
                    -0.14018083191237105,
                    51.48927858844607
                  ],
                  [
                    -0.140221527137647,
                    51.48927887124458
                  ],
                  [
                    -0.14022130004541244,
                    51.489291540710376
                  ]
                ]
              ],
              [
                [
                  [
                    -0.1402228896910543,
                    51.48920285444982
                  ],
                  [
                    -0.14020254207841631,
                    51.48920271305057
                  ],
                  [
                    -0.14020186080171268,
                    51.48924072144794
                  ],
                  [
                    -0.1401815131890747,
                    51.48924058004869
                  ],
                  [
                    -0.14018174028130925,
                    51.4892279105829
                  ],
                  [
                    -0.14016139266867128,
                    51.489227769183636
                  ],
                  [
                    -0.1401609384842022,
                    51.48925310811523
                  ],
                  [
                    -0.14014059087156422,
                    51.489252966715966
                  ],
                  [
                    -0.14014036377932967,
                    51.48926563618176
                  ],
                  [
                    -0.1401200161666917,
                    51.48926549478251
                  ],
                  [
                    -0.14012024325892625,
                    51.48925282531671
                  ],
                  [
                    -0.14007954803365033,
                    51.4892525425182
                  ],
                  [
                    -0.14007977512588488,
                    51.489239873052405
                  ],
                  [
                    -0.1400594275132469,
                    51.48923973165315
                  ],
                  [
                    -0.140059881697716,
                    51.489214392721564
                  ],
                  [
                    -0.14008022931035397,
                    51.48921453412082
                  ],
                  [
                    -0.14008000221811942,
                    51.489227203586616
                  ],
                  [
                    -0.1401003498307574,
                    51.48922734498587
                  ],
                  [
                    -0.14010057692299194,
                    51.489214675520074
                  ],
                  [
                    -0.1401209245356299,
                    51.489214816919336
                  ],
                  [
                    -0.14012115162786445,
                    51.48920214745354
                  ],
                  [
                    -0.1401618468531404,
                    51.48920243025205
                  ],
                  [
                    -0.14016252812984403,
                    51.489164421854674
                  ],
                  [
                    -0.140182875742482,
                    51.48916456325393
                  ],
                  [
                    -0.14018310283471658,
                    51.48915189378813
                  ],
                  [
                    -0.14020345044735452,
                    51.489152035187395
                  ],
                  [
                    -0.14020322335511998,
                    51.489164704653184
                  ],
                  [
                    -0.14022357096775795,
                    51.48916484605244
                  ],
                  [
                    -0.1402228896910543,
                    51.48920285444982
                  ]
                ]
              ],
              [
                [
                  [
                    -0.14023628813289282,
                    51.488455355968014
                  ],
                  [
                    -0.14021594052025485,
                    51.48845521456876
                  ],
                  [
                    -0.1402157134280203,
                    51.48846788403455
                  ],
                  [
                    -0.14017501820274436,
                    51.48846760123604
                  ],
                  [
                    -0.14017524529497893,
                    51.48845493177024
                  ],
                  [
                    -0.14019559290761688,
                    51.4884550731695
                  ],
                  [
                    -0.14019581999985145,
                    51.48844240370371
                  ],
                  [
                    -0.14017547238721348,
                    51.48844226230445
                  ],
                  [
                    -0.14017569947944802,
                    51.488429592838656
                  ],
                  [
                    -0.140196047092086,
                    51.48842973423791
                  ],
                  [
                    -0.14019650127655509,
                    51.488404395306326
                  ],
                  [
                    -0.14021684888919306,
                    51.48840453670558
                  ],
                  [
                    -0.1402170759814276,
                    51.48839186723979
                  ],
                  [
                    -0.14023742359406557,
                    51.488392008639046
                  ],
                  [
                    -0.14023674231736194,
                    51.48843001703643
                  ],
                  [
                    -0.14021639470472397,
                    51.488429875637166
                  ],
                  [
                    -0.14021616761248942,
                    51.48844254510296
                  ],
                  [
                    -0.14023651522512737,
                    51.48844268650222
                  ],
                  [
                    -0.14023628813289282,
                    51.488455355968014
                  ]
                ]
              ],
              [
                [
                  [
                    -0.14020481300076185,
                    51.48907601839263
                  ],
                  [
                    -0.14018446538812387,
                    51.489075876993375
                  ],
                  [
                    -0.14018423829588933,
                    51.48908854645917
                  ],
                  [
                    -0.14014354307061339,
                    51.489088263660655
                  ],
                  [
                    -0.14014331597837884,
                    51.48910093312645
                  ],
                  [
                    -0.14008227314046492,
                    51.48910050892868
                  ],
                  [
                    -0.14008272732493404,
                    51.48907516999709
                  ],
                  [
                    -0.14010307493757201,
                    51.48907531139635
                  ],
                  [
                    -0.14010330202980656,
                    51.48906264193056
                  ],
                  [
                    -0.14012364964244453,
                    51.489062783329814
                  ],
                  [
                    -0.14012387673467908,
                    51.48905011386402
                  ],
                  [
                    -0.14014422434731705,
                    51.48905025526327
                  ],
                  [
                    -0.1401439972550825,
                    51.48906292472907
                  ],
                  [
                    -0.1402050400929964,
                    51.48906334892684
                  ],
                  [
                    -0.14020481300076185,
                    51.48907601839263
                  ]
                ],
                [
                  [
                    -0.14014354307061339,
                    51.489088263660655
                  ],
                  [
                    -0.14014377016284793,
                    51.489075594194865
                  ],
                  [
                    -0.14012342255020996,
                    51.4890754527956
                  ],
                  [
                    -0.1401231954579754,
                    51.4890881222614
                  ],
                  [
                    -0.14014354307061339,
                    51.489088263660655
                  ]
                ]
              ],
              [
                [
                  [
                    -0.14021321541344023,
                    51.488607248158274
                  ],
                  [
                    -0.1401725201881643,
                    51.488606965359764
                  ],
                  [
                    -0.14017229309592977,
                    51.48861963482556
                  ],
                  [
                    -0.1401519454832918,
                    51.4886194934263
                  ],
                  [
                    -0.14015149129882268,
                    51.488644832357885
                  ],
                  [
                    -0.14011079607354676,
                    51.488644549559375
                  ],
                  [
                    -0.1401110231657813,
                    51.48863188009358
                  ],
                  [
                    -0.14009067555314333,
                    51.48863173869432
                  ],
                  [
                    -0.14009090264537788,
                    51.488619069228534
                  ],
                  [
                    -0.14013159787065382,
                    51.488619352027044
                  ],
                  [
                    -0.14013182496288837,
                    51.488606682561255
                  ],
                  [
                    -0.14015217257552634,
                    51.48860682396051
                  ],
                  [
                    -0.14015239966776089,
                    51.48859415449471
                  ],
                  [
                    -0.14017274728039886,
                    51.48859429589397
                  ],
                  [
                    -0.1401729743726334,
                    51.48858162642818
                  ],
                  [
                    -0.14019332198527137,
                    51.488581767827434
                  ],
                  [
                    -0.14019309489303683,
                    51.48859443729323
                  ],
                  [
                    -0.1402134425056748,
                    51.488594578692485
                  ],
                  [
                    -0.14021321541344023,
                    51.488607248158274
                  ]
                ]
              ],
              [
                [
                  [
                    -0.14021980108824222,
                    51.48823983365027
                  ],
                  [
                    -0.14019945347560425,
                    51.488239692251014
                  ],
                  [
                    -0.14019877219890062,
                    51.488277700648396
                  ],
                  [
                    -0.14017842458626265,
                    51.488277559249134
                  ],
                  [
                    -0.1401786516784972,
                    51.488264889783345
                  ],
                  [
                    -0.14015830406585922,
                    51.48826474838409
                  ],
                  [
                    -0.14015875825032834,
                    51.4882394094525
                  ],
                  [
                    -0.1401791058629663,
                    51.48823955085176
                  ],
                  [
                    -0.14017933295520085,
                    51.48822688138596
                  ],
                  [
                    -0.14019968056783882,
                    51.48822702278522
                  ],
                  [
                    -0.14019990766007337,
                    51.48821435331943
                  ],
                  [
                    -0.14022025527271134,
                    51.48821449471868
                  ],
                  [
                    -0.14021980108824222,
                    51.48823983365027
                  ]
                ]
              ],
              [
                [
                  [
                    -0.14022116364164955,
                    51.48816381685551
                  ],
                  [
                    -0.1401804684163736,
                    51.488163534056994
                  ],
                  [
                    -0.14018114969307727,
                    51.48812552565962
                  ],
                  [
                    -0.1401608020804393,
                    51.48812538426036
                  ],
                  [
                    -0.14016057498820475,
                    51.48813805372615
                  ],
                  [
                    -0.14014022737556678,
                    51.4881379123269
                  ],
                  [
                    -0.14014068156003587,
                    51.48811257339531
                  ],
                  [
                    -0.14016102917267384,
                    51.48811271479457
                  ],
                  [
                    -0.14016125626490838,
                    51.48810004532877
                  ],
                  [
                    -0.14012056103963247,
                    51.48809976253026
                  ],
                  [
                    -0.140120788131867,
                    51.488087093064465
                  ],
                  [
                    -0.1401818309697809,
                    51.48808751726224
                  ],
                  [
                    -0.14018160387754636,
                    51.488100186728026
                  ],
                  [
                    -0.14020195149018433,
                    51.48810032812729
                  ],
                  [
                    -0.14020104312124612,
                    51.48815100599046
                  ],
                  [
                    -0.1402213907338841,
                    51.488151147389715
                  ],
                  [
                    -0.14022116364164955,
                    51.48816381685551
                  ]
                ]
              ],
              [
                [
                  [
                    -0.14017992354343284,
                    51.48932926630924
                  ],
                  [
                    -0.14013922831815692,
                    51.48932898351073
                  ],
                  [
                    -0.14013945541039147,
                    51.489316314044935
                  ],
                  [
                    -0.14015980302302944,
                    51.48931645544419
                  ],
                  [
                    -0.14016003011526398,
                    51.4893037859784
                  ],
                  [
                    -0.14018037772790196,
                    51.489303927377655
                  ],
                  [
                    -0.14017992354343284,
                    51.48932926630924
                  ]
                ]
              ],
              [
                [
                  [
                    -0.14019014269398766,
                    51.48875914034854
                  ],
                  [
                    -0.1401697950813497,
                    51.48875899894929
                  ],
                  [
                    -0.14016956798911515,
                    51.488771668415076
                  ],
                  [
                    -0.14014922037647717,
                    51.48877152701582
                  ],
                  [
                    -0.14014967456094626,
                    51.488746188084235
                  ],
                  [
                    -0.14017002217358424,
                    51.48874632948349
                  ],
                  [
                    -0.14017024926581878,
                    51.4887336600177
                  ],
                  [
                    -0.14019059687845675,
                    51.488733801416956
                  ],
                  [
                    -0.14019014269398766,
                    51.48875914034854
                  ]
                ]
              ],
              [
                [
                  [
                    -0.14020013475230791,
                    51.48820168385363
                  ],
                  [
                    -0.14017978713966994,
                    51.48820154245438
                  ],
                  [
                    -0.14017933295520085,
                    51.48822688138596
                  ],
                  [
                    -0.14015898534256288,
                    51.48822673998671
                  ],
                  [
                    -0.14015875825032834,
                    51.4882394094525
                  ],
                  [
                    -0.14013841063769036,
                    51.48823926805324
                  ],
                  [
                    -0.14013818354545582,
                    51.48825193751904
                  ],
                  [
                    -0.14011783593281785,
                    51.48825179611978
                  ],
                  [
                    -0.1401180630250524,
                    51.48823912665399
                  ],
                  [
                    -0.14009771541241442,
                    51.48823898525473
                  ],
                  [
                    -0.14009816959688354,
                    51.488213646323146
                  ],
                  [
                    -0.1401185172095215,
                    51.4882137877224
                  ],
                  [
                    -0.14011874430175605,
                    51.488201118256605
                  ],
                  [
                    -0.14013909191439403,
                    51.48820125965587
                  ],
                  [
                    -0.14013931900662857,
                    51.48818859019007
                  ],
                  [
                    -0.14020036184454246,
                    51.48818901438784
                  ],
                  [
                    -0.14020013475230791,
                    51.48820168385363
                  ]
                ]
              ],
              [
                [
                  [
                    -0.14016252812984403,
                    51.489164421854674
                  ],
                  [
                    -0.1401421805172061,
                    51.48916428045541
                  ],
                  [
                    -0.14014195342497152,
                    51.48917694992121
                  ],
                  [
                    -0.14012160581233357,
                    51.489176808521954
                  ],
                  [
                    -0.140121378720099,
                    51.48918947798774
                  ],
                  [
                    -0.14010103110746105,
                    51.48918933658849
                  ],
                  [
                    -0.14010057692299194,
                    51.489214675520074
                  ],
                  [
                    -0.14008022931035397,
                    51.48921453412082
                  ],
                  [
                    -0.1400804564025885,
                    51.48920186465503
                  ],
                  [
                    -0.1400397611773126,
                    51.48920158185651
                  ],
                  [
                    -0.14003930699284348,
                    51.4892269207881
                  ],
                  [
                    -0.13999861176756756,
                    51.48922663798959
                  ],
                  [
                    -0.139998384675333,
                    51.48923930745538
                  ],
                  [
                    -0.13997803706269504,
                    51.48923916605612
                  ],
                  [
                    -0.13997849124716413,
                    51.48921382712454
                  ],
                  [
                    -0.14001918647244008,
                    51.48921410992305
                  ],
                  [
                    -0.14001964065690917,
                    51.48918877099146
                  ],
                  [
                    -0.1400603358821851,
                    51.48918905378998
                  ],
                  [
                    -0.14006101715888877,
                    51.489151045392596
                  ],
                  [
                    -0.1401017123841647,
                    51.489151328191106
                  ],
                  [
                    -0.14010239366086835,
                    51.48911331979373
                  ],
                  [
                    -0.14012274127350632,
                    51.489113461192986
                  ],
                  [
                    -0.14012251418127178,
                    51.48912613065878
                  ],
                  [
                    -0.14014286179390972,
                    51.48912627205804
                  ],
                  [
                    -0.14014263470167518,
                    51.48913894152383
                  ],
                  [
                    -0.14016298231431315,
                    51.48913908292309
                  ],
                  [
                    -0.14016252812984403,
                    51.489164421854674
                  ]
                ]
              ],
              [
                [
                  [
                    -0.14017569947944802,
                    51.488429592838656
                  ],
                  [
                    -0.14015535186681005,
                    51.4884294514394
                  ],
                  [
                    -0.1401551247745755,
                    51.48844212090519
                  ],
                  [
                    -0.14013477716193753,
                    51.488441979505936
                  ],
                  [
                    -0.140134550069703,
                    51.48845464897173
                  ],
                  [
                    -0.14011420245706502,
                    51.48845450757248
                  ],
                  [
                    -0.14011465664153414,
                    51.488429168640884
                  ],
                  [
                    -0.14013500425417208,
                    51.488429310040146
                  ],
                  [
                    -0.14013523134640665,
                    51.48841664057435
                  ],
                  [
                    -0.14017592657168257,
                    51.48841692337287
                  ],
                  [
                    -0.14017569947944802,
                    51.488429592838656
                  ]
                ]
              ],
              [
                [
                  [
                    -0.14017660784838623,
                    51.488378914975485
                  ],
                  [
                    -0.14011556501047234,
                    51.48837849077771
                  ],
                  [
                    -0.1401157921027069,
                    51.48836582131192
                  ],
                  [
                    -0.1401564873279828,
                    51.48836610411043
                  ],
                  [
                    -0.14015671442021738,
                    51.488353434644644
                  ],
                  [
                    -0.14017706203285535,
                    51.4883535760439
                  ],
                  [
                    -0.14017660784838623,
                    51.488378914975485
                  ]
                ]
              ],
              [
                [
                  [
                    -0.14014967456094626,
                    51.488746188084235
                  ],
                  [
                    -0.14012932694830832,
                    51.48874604668498
                  ],
                  [
                    -0.14012909985607375,
                    51.48875871615077
                  ],
                  [
                    -0.1401087522434358,
                    51.488758574751515
                  ],
                  [
                    -0.14010852515120123,
                    51.48877124421731
                  ],
                  [
                    -0.14008817753856326,
                    51.48877110281805
                  ],
                  [
                    -0.1400879504463287,
                    51.488783772283846
                  ],
                  [
                    -0.14010829805896668,
                    51.4887839136831
                  ],
                  [
                    -0.14010807096673214,
                    51.4887965831489
                  ],
                  [
                    -0.1401284185793701,
                    51.48879672454815
                  ],
                  [
                    -0.14012819148713554,
                    51.48880939401395
                  ],
                  [
                    -0.1401078438744976,
                    51.488809252614686
                  ],
                  [
                    -0.14010761678226302,
                    51.48882192208048
                  ],
                  [
                    -0.1400669215569871,
                    51.488821639281966
                  ],
                  [
                    -0.14006669446475253,
                    51.48883430874776
                  ],
                  [
                    -0.1400870420773905,
                    51.48883445014702
                  ],
                  [
                    -0.14008658789292142,
                    51.4888597890786
                  ],
                  [
                    -0.14004589266764547,
                    51.48885950628009
                  ],
                  [
                    -0.14004566557541093,
                    51.48887217574589
                  ],
                  [
                    -0.1400660131880489,
                    51.488872317145145
                  ],
                  [
                    -0.14006578609581435,
                    51.488884986610934
                  ],
                  [
                    -0.1400250908705384,
                    51.488884703812424
                  ],
                  [
                    -0.14002531796277295,
                    51.48887203434663
                  ],
                  [
                    -0.14000497035013498,
                    51.48887189294737
                  ],
                  [
                    -0.14000610581130774,
                    51.488808545618404
                  ],
                  [
                    -0.1400264534239457,
                    51.48880868701766
                  ],
                  [
                    -0.14002690760841482,
                    51.48878334808607
                  ],
                  [
                    -0.1400472552210528,
                    51.488783489485336
                  ],
                  [
                    -0.14004748231328734,
                    51.48877082001954
                  ],
                  [
                    -0.1400678299259253,
                    51.488770961418794
                  ],
                  [
                    -0.14006805701815986,
                    51.488758291953005
                  ],
                  [
                    -0.14008840463079783,
                    51.48875843335226
                  ],
                  [
                    -0.14008863172303238,
                    51.48874576388646
                  ],
                  [
                    -0.14010897933567035,
                    51.488745905285725
                  ],
                  [
                    -0.1401092064279049,
                    51.48873323581993
                  ],
                  [
                    -0.14012955404054286,
                    51.488733377219184
                  ],
                  [
                    -0.1401297811327774,
                    51.488720707753394
                  ],
                  [
                    -0.14015012874541538,
                    51.48872084915265
                  ],
                  [
                    -0.14014967456094626,
                    51.488746188084235
                  ]
                ],
                [
                  [
                    -0.1400879504463287,
                    51.488783772283846
                  ],
                  [
                    -0.14006760283369074,
                    51.48878363088459
                  ],
                  [
                    -0.1400673757414562,
                    51.48879630035038
                  ],
                  [
                    -0.14008772335409417,
                    51.48879644174964
                  ],
                  [
                    -0.1400879504463287,
                    51.488783772283846
                  ]
                ],
                [
                  [
                    -0.14004589266764547,
                    51.48885950628009
                  ],
                  [
                    -0.14004657394434913,
                    51.48882149788271
                  ],
                  [
                    -0.14002622633171116,
                    51.488821356483456
                  ],
                  [
                    -0.1400255450550075,
                    51.48885936488084
                  ],
                  [
                    -0.14004589266764547,
                    51.48885950628009
                  ]
                ]
              ],
              [
                [
                  [
                    -0.14011956198222258,
                    51.489290833714094
                  ],
                  [
                    -0.14009921436958464,
                    51.48929069231484
                  ],
                  [
                    -0.14009898727735007,
                    51.48930336178063
                  ],
                  [
                    -0.14007863966471212,
                    51.48930322038137
                  ],
                  [
                    -0.14007886675694667,
                    51.48929055091558
                  ],
                  [
                    -0.1400585191443087,
                    51.48929040951632
                  ],
                  [
                    -0.14005874623654324,
                    51.48927774005053
                  ],
                  [
                    -0.14003839862390527,
                    51.48927759865127
                  ],
                  [
                    -0.14003862571613984,
                    51.48926492918548
                  ],
                  [
                    -0.14005897332877779,
                    51.489265070584736
                  ],
                  [
                    -0.14005920042101236,
                    51.48925240111895
                  ],
                  [
                    -0.14007954803365033,
                    51.4892525425182
                  ],
                  [
                    -0.14007932094141576,
                    51.48926521198399
                  ],
                  [
                    -0.1401200161666917,
                    51.48926549478251
                  ],
                  [
                    -0.14011956198222258,
                    51.489290833714094
                  ]
                ]
              ],
              [
                [
                  [
                    -0.14012387673467908,
                    51.48905011386402
                  ],
                  [
                    -0.1401035291220411,
                    51.48904997246476
                  ],
                  [
                    -0.14010330202980656,
                    51.48906264193056
                  ],
                  [
                    -0.1400829544171686,
                    51.4890625005313
                  ],
                  [
                    -0.14008318150940313,
                    51.48904983106551
                  ],
                  [
                    -0.14006283389676516,
                    51.48904968966625
                  ],
                  [
                    -0.14006306098899973,
                    51.489037020200456
                  ],
                  [
                    -0.14004271337636176,
                    51.4890368788012
                  ],
                  [
                    -0.14004248628412722,
                    51.48904954826699
                  ],
                  [
                    -0.14002213867148924,
                    51.489049406867736
                  ],
                  [
                    -0.1400219115792547,
                    51.48906207633353
                  ],
                  [
                    -0.14000156396661673,
                    51.48906193493428
                  ],
                  [
                    -0.14000224524332036,
                    51.489023926536895
                  ],
                  [
                    -0.14002259285595833,
                    51.48902406793615
                  ],
                  [
                    -0.14002281994819288,
                    51.48901139847035
                  ],
                  [
                    -0.13998212472291696,
                    51.48901111567184
                  ],
                  [
                    -0.13998257890738605,
                    51.48898577674026
                  ],
                  [
                    -0.13996223129474808,
                    51.488985635341
                  ],
                  [
                    -0.139961777110279,
                    51.48901097427259
                  ],
                  [
                    -0.13992108188500305,
                    51.48901069147407
                  ],
                  [
                    -0.13992130897723762,
                    51.48899802200828
                  ],
                  [
                    -0.1398602661393237,
                    51.48899759781051
                  ],
                  [
                    -0.13986049323155825,
                    51.48898492834472
                  ],
                  [
                    -0.13988084084419622,
                    51.488985069743975
                  ],
                  [
                    -0.13988106793643076,
                    51.48897240027818
                  ],
                  [
                    -0.13990141554906874,
                    51.48897254167744
                  ],
                  [
                    -0.1399011884568342,
                    51.48898521114323
                  ],
                  [
                    -0.13994188368211014,
                    51.48898549394175
                  ],
                  [
                    -0.13994211077434468,
                    51.48897282447595
                  ],
                  [
                    -0.1399217631617067,
                    51.488972683076696
                  ],
                  [
                    -0.13992199025394125,
                    51.4889600136109
                  ],
                  [
                    -0.13986094741602736,
                    51.488959589413135
                  ],
                  [
                    -0.1398611745082619,
                    51.48894691994734
                  ],
                  [
                    -0.13988152212089988,
                    51.48894706134659
                  ],
                  [
                    -0.13988174921313443,
                    51.488934391880804
                  ],
                  [
                    -0.13992244443841037,
                    51.488934674679314
                  ],
                  [
                    -0.13992221734617583,
                    51.48894734414511
                  ],
                  [
                    -0.13996291257145174,
                    51.48894762694362
                  ],
                  [
                    -0.13996245838698265,
                    51.488972965875206
                  ],
                  [
                    -0.14000315361225857,
                    51.48897324867372
                  ],
                  [
                    -0.14000292652002402,
                    51.48898591813951
                  ],
                  [
                    -0.140023274132662,
                    51.48898605953877
                  ],
                  [
                    -0.14002304704042745,
                    51.488998729004564
                  ],
                  [
                    -0.14004339465306542,
                    51.48899887040382
                  ],
                  [
                    -0.14004316756083085,
                    51.489011539869615
                  ],
                  [
                    -0.1400838627861068,
                    51.489011822668125
                  ],
                  [
                    -0.14008363569387225,
                    51.48902449213392
                  ],
                  [
                    -0.14010398330651022,
                    51.48902463353318
                  ],
                  [
                    -0.14010375621427565,
                    51.489037302998966
                  ],
                  [
                    -0.14012410382691362,
                    51.48903744439823
                  ],
                  [
                    -0.14012387673467908,
                    51.48905011386402
                  ]
                ]
              ],
              [
                [
                  [
                    -0.14012682893372824,
                    51.488885410808706
                  ],
                  [
                    -0.14010648132109027,
                    51.48888526940945
                  ],
                  [
                    -0.14010670841332482,
                    51.488872599943655
                  ],
                  [
                    -0.14008636080068687,
                    51.4888724585444
                  ],
                  [
                    -0.14008658789292142,
                    51.4888597890786
                  ],
                  [
                    -0.14012728311819733,
                    51.48886007187712
                  ],
                  [
                    -0.14012682893372824,
                    51.488885410808706
                  ]
                ]
              ],
              [
                [
                  [
                    -0.14013068950171562,
                    51.488670029890216
                  ],
                  [
                    -0.14011034188907764,
                    51.48866988849096
                  ],
                  [
                    -0.1401101147968431,
                    51.48868255795676
                  ],
                  [
                    -0.14008976718420513,
                    51.488682416557495
                  ],
                  [
                    -0.14008954009197058,
                    51.48869508602329
                  ],
                  [
                    -0.1400691924793326,
                    51.48869494462404
                  ],
                  [
                    -0.14006896538709807,
                    51.488707614089826
                  ],
                  [
                    -0.1400486177744601,
                    51.48870747269057
                  ],
                  [
                    -0.14004839068222555,
                    51.48872014215637
                  ],
                  [
                    -0.14002804306958758,
                    51.48872000075711
                  ],
                  [
                    -0.14002736179288391,
                    51.48875800915449
                  ],
                  [
                    -0.14000701418024594,
                    51.48875786775523
                  ],
                  [
                    -0.14000724127248051,
                    51.488745198289436
                  ],
                  [
                    -0.13998689365984254,
                    51.48874505689018
                  ],
                  [
                    -0.13998643947537343,
                    51.48877039582177
                  ],
                  [
                    -0.1399457442500975,
                    51.48877011302326
                  ],
                  [
                    -0.13994597134233205,
                    51.48875744355746
                  ],
                  [
                    -0.13996631895497003,
                    51.48875758495672
                  ],
                  [
                    -0.13996700023167366,
                    51.48871957655934
                  ],
                  [
                    -0.1400076954569496,
                    51.48871985935785
                  ],
                  [
                    -0.14000792254918415,
                    51.48870718989206
                  ],
                  [
                    -0.14002827016182212,
                    51.488707331291316
                  ],
                  [
                    -0.14002849725405667,
                    51.48869466182552
                  ],
                  [
                    -0.14004884486669464,
                    51.48869480322478
                  ],
                  [
                    -0.14004907195892918,
                    51.488682133758985
                  ],
                  [
                    -0.14002872434629124,
                    51.48868199235973
                  ],
                  [
                    -0.14002895143852578,
                    51.488669322893934
                  ],
                  [
                    -0.14006964666380173,
                    51.48866960569245
                  ],
                  [
                    -0.14006987375603627,
                    51.488656936226654
                  ],
                  [
                    -0.14009022136867424,
                    51.48865707762591
                  ],
                  [
                    -0.1400904484609088,
                    51.48864440816012
                  ],
                  [
                    -0.14011079607354676,
                    51.488644549559375
                  ],
                  [
                    -0.1401105689813122,
                    51.48865721902517
                  ],
                  [
                    -0.14013091659395016,
                    51.488657360424426
                  ],
                  [
                    -0.14013068950171562,
                    51.488670029890216
                  ]
                ]
              ],
              [
                [
                  [
                    -0.14013954609886312,
                    51.488175920724274
                  ],
                  [
                    -0.14011919848622514,
                    51.48817577932502
                  ],
                  [
                    -0.14011874430175605,
                    51.488201118256605
                  ],
                  [
                    -0.14009839668911808,
                    51.48820097685735
                  ],
                  [
                    -0.14009816959688354,
                    51.488213646323146
                  ],
                  [
                    -0.14007782198424557,
                    51.488213504923884
                  ],
                  [
                    -0.14007759489201102,
                    51.48822617438968
                  ],
                  [
                    -0.14003689966673508,
                    51.48822589159117
                  ],
                  [
                    -0.1400373538512042,
                    51.488200552659585
                  ],
                  [
                    -0.13999665862592825,
                    51.48820026986107
                  ],
                  [
                    -0.1399968857181628,
                    51.48818760039528
                  ],
                  [
                    -0.13997653810552482,
                    51.488187458996016
                  ],
                  [
                    -0.1399767651977594,
                    51.48817478953023
                  ],
                  [
                    -0.1400174604230353,
                    51.48817507232874
                  ],
                  [
                    -0.14001814169973897,
                    51.488137063931354
                  ],
                  [
                    -0.14003848931237695,
                    51.48813720533062
                  ],
                  [
                    -0.14003826222014237,
                    51.488149874796406
                  ],
                  [
                    -0.14005860983278035,
                    51.48815001619566
                  ],
                  [
                    -0.14005883692501492,
                    51.48813734672987
                  ],
                  [
                    -0.14007918453765286,
                    51.48813748812913
                  ],
                  [
                    -0.14007873035318377,
                    51.48816282706071
                  ],
                  [
                    -0.14013977319109766,
                    51.488163251258484
                  ],
                  [
                    -0.14013954609886312,
                    51.488175920724274
                  ]
                ],
                [
                  [
                    -0.14007873035318377,
                    51.48816282706071
                  ],
                  [
                    -0.1400583827405458,
                    51.48816268566146
                  ],
                  [
                    -0.14005815564831126,
                    51.488175355127254
                  ],
                  [
                    -0.14003780803567328,
                    51.48817521372799
                  ],
                  [
                    -0.14003758094343874,
                    51.48818788319379
                  ],
                  [
                    -0.14009862378135263,
                    51.48818830739156
                  ],
                  [
                    -0.1400988508735872,
                    51.488175637925764
                  ],
                  [
                    -0.14007850326094923,
                    51.48817549652651
                  ],
                  [
                    -0.14007873035318377,
                    51.48816282706071
                  ]
                ]
              ],
              [
                [
                  [
                    -0.14011465664153414,
                    51.488429168640884
                  ],
                  [
                    -0.1400739614162582,
                    51.488428885842374
                  ],
                  [
                    -0.14007441560072728,
                    51.48840354691079
                  ],
                  [
                    -0.14009476321336525,
                    51.48840368831004
                  ],
                  [
                    -0.1400945361211307,
                    51.48841635777584
                  ],
                  [
                    -0.14011488373376868,
                    51.488416499175095
                  ],
                  [
                    -0.14011465664153414,
                    51.488429168640884
                  ]
                ]
              ],
              [
                [
                  [
                    -0.14012033394739792,
                    51.48811243199605
                  ],
                  [
                    -0.14007963872212198,
                    51.48811214919754
                  ],
                  [
                    -0.14008009290659107,
                    51.488086810265955
                  ],
                  [
                    -0.14010044051922904,
                    51.48808695166521
                  ],
                  [
                    -0.1401002134269945,
                    51.488099621131006
                  ],
                  [
                    -0.14012056103963247,
                    51.48809976253026
                  ],
                  [
                    -0.14012033394739792,
                    51.48811243199605
                  ]
                ]
              ],
              [
                [
                  [
                    -0.140078185480243,
                    51.48932855931296
                  ],
                  [
                    -0.13999679502969115,
                    51.48932799371593
                  ],
                  [
                    -0.1399970221219257,
                    51.48931532425014
                  ],
                  [
                    -0.13997667450928772,
                    51.48931518285089
                  ],
                  [
                    -0.13997690160152226,
                    51.48930251338509
                  ],
                  [
                    -0.13999724921416024,
                    51.489302654784346
                  ],
                  [
                    -0.13999747630639478,
                    51.48928998531856
                  ],
                  [
                    -0.13997712869375684,
                    51.489289843919295
                  ],
                  [
                    -0.13997735578599138,
                    51.489277174453505
                  ],
                  [
                    -0.14003839862390527,
                    51.48927759865127
                  ],
                  [
                    -0.14003794443943618,
                    51.48930293758286
                  ],
                  [
                    -0.14007863966471212,
                    51.48930322038137
                  ],
                  [
                    -0.140078185480243,
                    51.48932855931296
                  ]
                ]
              ],
              [
                [
                  [
                    -0.14008181895599583,
                    51.489125847860265
                  ],
                  [
                    -0.14006147134335786,
                    51.48912570646101
                  ],
                  [
                    -0.14006101715888877,
                    51.489151045392596
                  ],
                  [
                    -0.1400406695462508,
                    51.48915090399334
                  ],
                  [
                    -0.14004044245401626,
                    51.48916357345913
                  ],
                  [
                    -0.14002009484137828,
                    51.489163432059875
                  ],
                  [
                    -0.1400198677491437,
                    51.48917610152567
                  ],
                  [
                    -0.13999952013650577,
                    51.48917596012642
                  ],
                  [
                    -0.1399997472287403,
                    51.48916329066062
                  ],
                  [
                    -0.13997939961610234,
                    51.489163149261366
                  ],
                  [
                    -0.1399791725238678,
                    51.489175818727155
                  ],
                  [
                    -0.13995882491122982,
                    51.4891756773279
                  ],
                  [
                    -0.13995859781899528,
                    51.489188346793696
                  ],
                  [
                    -0.1399382502063573,
                    51.48918820539444
                  ],
                  [
                    -0.13993802311412276,
                    51.48920087486023
                  ],
                  [
                    -0.1399176755014848,
                    51.489200733460976
                  ],
                  [
                    -0.13991835677818845,
                    51.48916272506359
                  ],
                  [
                    -0.1399387043908264,
                    51.48916286646285
                  ],
                  [
                    -0.13993893148306097,
                    51.48915019699706
                  ],
                  [
                    -0.1399592790956989,
                    51.489150338396314
                  ],
                  [
                    -0.13995950618793349,
                    51.48913766893052
                  ],
                  [
                    -0.13997985380057143,
                    51.48913781032978
                  ],
                  [
                    -0.13998030798504055,
                    51.489112471398194
                  ],
                  [
                    -0.14000065559767852,
                    51.48911261279745
                  ],
                  [
                    -0.14000088268991306,
                    51.48909994333165
                  ],
                  [
                    -0.14002123030255104,
                    51.48910008473091
                  ],
                  [
                    -0.14002168448702013,
                    51.48907474579932
                  ],
                  [
                    -0.1400420320996581,
                    51.489074887198576
                  ],
                  [
                    -0.140041577915189,
                    51.48910022613017
                  ],
                  [
                    -0.14008227314046492,
                    51.48910050892868
                  ],
                  [
                    -0.14008181895599583,
                    51.489125847860265
                  ]
                ]
              ],
              [
                [
                  [
                    -0.14008408987834134,
                    51.488999153202336
                  ],
                  [
                    -0.14006374226570337,
                    51.488999011803074
                  ],
                  [
                    -0.14006396935793794,
                    51.488986342337284
                  ],
                  [
                    -0.14004362174529997,
                    51.48898620093803
                  ],
                  [
                    -0.1400438488375345,
                    51.48897353147223
                  ],
                  [
                    -0.14008454406281046,
                    51.48897381427074
                  ],
                  [
                    -0.14008408987834134,
                    51.488999153202336
                  ]
                ]
              ],
              [
                [
                  [
                    -0.1400748697851964,
                    51.4883782079792
                  ],
                  [
                    -0.14005452217255843,
                    51.48837806657995
                  ],
                  [
                    -0.14005429508032388,
                    51.48839073604574
                  ],
                  [
                    -0.1400339474676859,
                    51.48839059464648
                  ],
                  [
                    -0.14003372037545136,
                    51.48840326411227
                  ],
                  [
                    -0.1400133727628134,
                    51.48840312271302
                  ],
                  [
                    -0.14001291857834428,
                    51.4884284616446
                  ],
                  [
                    -0.13999257096570633,
                    51.48842832024535
                  ],
                  [
                    -0.13999234387347176,
                    51.488440989711144
                  ],
                  [
                    -0.13997199626083381,
                    51.48844084831189
                  ],
                  [
                    -0.13997176916859924,
                    51.48845351777768
                  ],
                  [
                    -0.13991072633068535,
                    51.488453093579906
                  ],
                  [
                    -0.1399104992384508,
                    51.4884657630457
                  ],
                  [
                    -0.1398494564005369,
                    51.48846533884793
                  ],
                  [
                    -0.13984968349277144,
                    51.48845266938214
                  ],
                  [
                    -0.13989037871804738,
                    51.48845295218065
                  ],
                  [
                    -0.13989060581028193,
                    51.48844028271486
                  ],
                  [
                    -0.13993130103555787,
                    51.48844056551337
                  ],
                  [
                    -0.13993198231226153,
                    51.48840255711599
                  ],
                  [
                    -0.13987093947434762,
                    51.488402132918225
                  ],
                  [
                    -0.13987139365881673,
                    51.48837679398664
                  ],
                  [
                    -0.13989174127145468,
                    51.488376935385894
                  ],
                  [
                    -0.13989151417922013,
                    51.48838960485168
                  ],
                  [
                    -0.1399118617918581,
                    51.488389746250945
                  ],
                  [
                    -0.13991208888409265,
                    51.48837707678515
                  ],
                  [
                    -0.13993243649673062,
                    51.488377218184404
                  ],
                  [
                    -0.13993311777343428,
                    51.48833920978703
                  ],
                  [
                    -0.13995346538607226,
                    51.48833935118628
                  ],
                  [
                    -0.13995323829383768,
                    51.48835202065207
                  ],
                  [
                    -0.13997358590647566,
                    51.488352162051335
                  ],
                  [
                    -0.1399738129987102,
                    51.48833949258554
                  ],
                  [
                    -0.14003485583662412,
                    51.48833991678331
                  ],
                  [
                    -0.14003462874438957,
                    51.4883525862491
                  ],
                  [
                    -0.14005497635702754,
                    51.488352727648355
                  ],
                  [
                    -0.14005474926479297,
                    51.48836539711415
                  ],
                  [
                    -0.14007509687743094,
                    51.488365538513406
                  ],
                  [
                    -0.1400748697851964,
                    51.4883782079792
                  ]
                ],
                [
                  [
                    -0.14001405403951706,
                    51.48836511431564
                  ],
                  [
                    -0.14001382694728248,
                    51.48837778378143
                  ],
                  [
                    -0.14003417455992045,
                    51.488377925180686
                  ],
                  [
                    -0.140034401652155,
                    51.488365255714896
                  ],
                  [
                    -0.14001405403951706,
                    51.48836511431564
                  ]
                ],
                [
                  [
                    -0.13999370642687908,
                    51.48836497291638
                  ],
                  [
                    -0.14001405403951706,
                    51.48836511431564
                  ],
                  [
                    -0.1400142811317516,
                    51.488352444849845
                  ],
                  [
                    -0.13999393351911363,
                    51.48835230345059
                  ],
                  [
                    -0.13999370642687908,
                    51.48836497291638
                  ]
                ],
                [
                  [
                    -0.13995255701713405,
                    51.488390029049455
                  ],
                  [
                    -0.13997290462977202,
                    51.48839017044871
                  ],
                  [
                    -0.13997313172200657,
                    51.48837750098292
                  ],
                  [
                    -0.13999347933464454,
                    51.488377642382176
                  ],
                  [
                    -0.13999370642687908,
                    51.48836497291638
                  ],
                  [
                    -0.13995301120160314,
                    51.48836469011787
                  ],
                  [
                    -0.13995255701713405,
                    51.488390029049455
                  ]
                ],
                [
                  [
                    -0.13993198231226153,
                    51.48840255711599
                  ],
                  [
                    -0.13995232992489948,
                    51.48840269851525
                  ],
                  [
                    -0.13995255701713405,
                    51.488390029049455
                  ],
                  [
                    -0.13993220940449608,
                    51.4883898876502
                  ],
                  [
                    -0.13993198231226153,
                    51.48840255711599
                  ]
                ]
              ],
              [
                [
                  [
                    -0.140059291109484,
                    51.488112007798286
                  ],
                  [
                    -0.14003894349684604,
                    51.48811186639903
                  ],
                  [
                    -0.1400387164046115,
                    51.48812453586482
                  ],
                  [
                    -0.13999802117933555,
                    51.48812425306631
                  ],
                  [
                    -0.13999756699486646,
                    51.488149591997896
                  ],
                  [
                    -0.13997721938222848,
                    51.48814945059864
                  ],
                  [
                    -0.1399767651977594,
                    51.48817478953023
                  ],
                  [
                    -0.13995641758512142,
                    51.48817464813097
                  ],
                  [
                    -0.13995619049288685,
                    51.48818731759676
                  ],
                  [
                    -0.1399358428802489,
                    51.488187176197506
                  ],
                  [
                    -0.13993652415695254,
                    51.488149167800124
                  ],
                  [
                    -0.1399568717695905,
                    51.48814930919938
                  ],
                  [
                    -0.13995709886182506,
                    51.48813663973359
                  ],
                  [
                    -0.13991640363654914,
                    51.48813635693507
                  ],
                  [
                    -0.1399161765443146,
                    51.48814902640087
                  ],
                  [
                    -0.13989582893167662,
                    51.488148885001614
                  ],
                  [
                    -0.13989605602391117,
                    51.48813621553582
                  ],
                  [
                    -0.1398757084112732,
                    51.48813607413656
                  ],
                  [
                    -0.13987638968797686,
                    51.48809806573918
                  ],
                  [
                    -0.13989673730061483,
                    51.48809820713844
                  ],
                  [
                    -0.13989628311614571,
                    51.48812354607003
                  ],
                  [
                    -0.1399166307287837,
                    51.48812368746928
                  ],
                  [
                    -0.13991685782101823,
                    51.48811101800349
                  ],
                  [
                    -0.1399372054336562,
                    51.48811115940275
                  ],
                  [
                    -0.13993697834142166,
                    51.48812382886854
                  ],
                  [
                    -0.13997767356669757,
                    51.488124111667055
                  ],
                  [
                    -0.13997790065893215,
                    51.48811144220126
                  ],
                  [
                    -0.14001859588420806,
                    51.48811172499977
                  ],
                  [
                    -0.14001882297644264,
                    51.48809905553398
                  ],
                  [
                    -0.14005951820171855,
                    51.48809933833249
                  ],
                  [
                    -0.140059291109484,
                    51.488112007798286
                  ]
                ]
              ],
              [
                [
                  [
                    -0.14000133687438215,
                    51.48907460440007
                  ],
                  [
                    -0.1399809892617442,
                    51.48907446300081
                  ],
                  [
                    -0.13998076216950964,
                    51.4890871324666
                  ],
                  [
                    -0.1399604145568717,
                    51.489086991067346
                  ],
                  [
                    -0.13996018746463712,
                    51.48909966053314
                  ],
                  [
                    -0.1399805350772751,
                    51.4890998019324
                  ],
                  [
                    -0.13998030798504055,
                    51.489112471398194
                  ],
                  [
                    -0.13995996037240258,
                    51.48911232999893
                  ],
                  [
                    -0.13995973328016803,
                    51.48912499946473
                  ],
                  [
                    -0.13993938566753006,
                    51.48912485806547
                  ],
                  [
                    -0.1399391585752955,
                    51.48913752753126
                  ],
                  [
                    -0.13991881096265754,
                    51.48913738613201
                  ],
                  [
                    -0.1399190380548921,
                    51.48912471666621
                  ],
                  [
                    -0.13989869044225411,
                    51.489124575266956
                  ],
                  [
                    -0.13989846335001957,
                    51.48913724473275
                  ],
                  [
                    -0.1398781157373816,
                    51.4891371033335
                  ],
                  [
                    -0.13987788864514705,
                    51.48914977279929
                  ],
                  [
                    -0.13985754103250908,
                    51.48914963140003
                  ],
                  [
                    -0.13985731394027454,
                    51.48916230086583
                  ],
                  [
                    -0.13983696632763656,
                    51.48916215946657
                  ],
                  [
                    -0.13983742051210568,
                    51.48913682053498
                  ],
                  [
                    -0.13985776812474365,
                    51.489136961934236
                  ],
                  [
                    -0.1398579952169782,
                    51.489124292468446
                  ],
                  [
                    -0.13987834282961617,
                    51.4891244338677
                  ],
                  [
                    -0.13987879701408526,
                    51.489099094936115
                  ],
                  [
                    -0.13989914462672323,
                    51.48909923633537
                  ],
                  [
                    -0.13989937171895778,
                    51.48908656686958
                  ],
                  [
                    -0.13991971933159575,
                    51.489086708268836
                  ],
                  [
                    -0.13992017351606484,
                    51.48906136933725
                  ],
                  [
                    -0.13996086874134078,
                    51.48906165213576
                  ],
                  [
                    -0.1399613229258099,
                    51.489036313204174
                  ],
                  [
                    -0.13998167053844784,
                    51.48903645460343
                  ],
                  [
                    -0.13998121635397875,
                    51.489061793535015
                  ],
                  [
                    -0.14000156396661673,
                    51.48906193493428
                  ],
                  [
                    -0.14000133687438215,
                    51.48907460440007
                  ]
                ]
              ],
              [
                [
                  [
                    -0.13995746235782253,
                    51.489251694122665
                  ],
                  [
                    -0.1398964195199086,
                    51.48925126992489
                  ],
                  [
                    -0.13989619242767407,
                    51.48926393939068
                  ],
                  [
                    -0.13991654004031204,
                    51.489264080789944
                  ],
                  [
                    -0.13991631294807746,
                    51.48927675025573
                  ],
                  [
                    -0.13989596533543952,
                    51.48927660885648
                  ],
                  [
                    -0.13989528405873586,
                    51.48931461725386
                  ],
                  [
                    -0.1398749364460979,
                    51.489314475854606
                  ],
                  [
                    -0.139875390630567,
                    51.48928913692301
                  ],
                  [
                    -0.13985504301792903,
                    51.48928899552376
                  ],
                  [
                    -0.13985481592569446,
                    51.489301664989554
                  ],
                  [
                    -0.13983446831305651,
                    51.4893015235903
                  ],
                  [
                    -0.1398349224975256,
                    51.489276184658706
                  ],
                  [
                    -0.13987561772280155,
                    51.48927646745722
                  ],
                  [
                    -0.1398758448150361,
                    51.48926379799143
                  ],
                  [
                    -0.13983514958976015,
                    51.48926351519292
                  ],
                  [
                    -0.13983537668199472,
                    51.48925084572712
                  ],
                  [
                    -0.13987607190727064,
                    51.48925112852564
                  ],
                  [
                    -0.13987629899950518,
                    51.48923845905984
                  ],
                  [
                    -0.1399373418374191,
                    51.48923888325761
                  ],
                  [
                    -0.13993756892965364,
                    51.48922621379182
                  ],
                  [
                    -0.13995791654229162,
                    51.48922635519107
                  ],
                  [
                    -0.13995746235782253,
                    51.489251694122665
                  ]
                ]
              ],
              [
                [
                  [
                    -0.13996541058603182,
                    51.488808262819894
                  ],
                  [
                    -0.13994506297339385,
                    51.48880812142064
                  ],
                  [
                    -0.1399452900656284,
                    51.48879545195484
                  ],
                  [
                    -0.13992494245299042,
                    51.48879531055559
                  ],
                  [
                    -0.13992448826852133,
                    51.488820649487174
                  ],
                  [
                    -0.13990414065588336,
                    51.48882050808792
                  ],
                  [
                    -0.1399043677481179,
                    51.48880783862212
                  ],
                  [
                    -0.13984332491020401,
                    51.48880741442436
                  ],
                  [
                    -0.13984400618690768,
                    51.488769406026975
                  ],
                  [
                    -0.13986435379954562,
                    51.48876954742623
                  ],
                  [
                    -0.13986412670731108,
                    51.48878221689203
                  ],
                  [
                    -0.13988447431994905,
                    51.48878235829128
                  ],
                  [
                    -0.1398847014121836,
                    51.488769688825485
                  ],
                  [
                    -0.1399457442500975,
                    51.48877011302326
                  ],
                  [
                    -0.13994551715786294,
                    51.488782782489054
                  ],
                  [
                    -0.1399658647705009,
                    51.48878292388831
                  ],
                  [
                    -0.13996541058603182,
                    51.488808262819894
                  ]
                ],
                [
                  [
                    -0.13988447431994905,
                    51.48878235829128
                  ],
                  [
                    -0.1398842472277145,
                    51.48879502775707
                  ],
                  [
                    -0.13990459484035248,
                    51.48879516915633
                  ],
                  [
                    -0.13990482193258702,
                    51.48878249969054
                  ],
                  [
                    -0.13988447431994905,
                    51.48878235829128
                  ]
                ]
              ],
              [
                [
                  [
                    -0.13996995243072283,
                    51.48855487350403
                  ],
                  [
                    -0.1399292572054469,
                    51.48855459070551
                  ],
                  [
                    -0.13992857592874325,
                    51.488592599102894
                  ],
                  [
                    -0.13994892354138122,
                    51.48859274050215
                  ],
                  [
                    -0.13994869644914668,
                    51.488605409967946
                  ],
                  [
                    -0.13990800122387073,
                    51.48860512716943
                  ],
                  [
                    -0.13990913668504348,
                    51.48854177984046
                  ],
                  [
                    -0.1398887890724055,
                    51.488541638441205
                  ],
                  [
                    -0.13988833488793642,
                    51.48856697737279
                  ],
                  [
                    -0.13986798727529845,
                    51.488566835973536
                  ],
                  [
                    -0.139868214367533,
                    51.48855416650775
                  ],
                  [
                    -0.13984786675489505,
                    51.488554025108485
                  ],
                  [
                    -0.13984832093936414,
                    51.4885286861769
                  ],
                  [
                    -0.13988901616464008,
                    51.488528968975416
                  ],
                  [
                    -0.13988947034910917,
                    51.48850363004383
                  ],
                  [
                    -0.13990981796174715,
                    51.488503771443085
                  ],
                  [
                    -0.1399100450539817,
                    51.48849110197729
                  ],
                  [
                    -0.13986934982870577,
                    51.48849081917878
                  ],
                  [
                    -0.13986957692094032,
                    51.48847814971298
                  ],
                  [
                    -0.1399306197588542,
                    51.488478573910754
                  ],
                  [
                    -0.13993039266661966,
                    51.488491243376544
                  ],
                  [
                    -0.13995074027925763,
                    51.488491384775806
                  ],
                  [
                    -0.1399505131870231,
                    51.488504054241595
                  ],
                  [
                    -0.13993016557438512,
                    51.48850391284234
                  ],
                  [
                    -0.13992993848215057,
                    51.48851658230814
                  ],
                  [
                    -0.1399095908695126,
                    51.488516440908874
                  ],
                  [
                    -0.13990936377727803,
                    51.48852911037467
                  ],
                  [
                    -0.139929711389916,
                    51.488529251773926
                  ],
                  [
                    -0.13992948429768146,
                    51.48854192123972
                  ],
                  [
                    -0.1399701795229574,
                    51.48854220403823
                  ],
                  [
                    -0.13996995243072283,
                    51.48855487350403
                  ]
                ]
              ],
              [
                [
                  [
                    -0.1399781277511667,
                    51.48809877273546
                  ],
                  [
                    -0.13993743252589075,
                    51.48809848993695
                  ],
                  [
                    -0.13993765961812532,
                    51.488085820471156
                  ],
                  [
                    -0.13997835484340124,
                    51.48808610326967
                  ],
                  [
                    -0.1399781277511667,
                    51.48809877273546
                  ]
                ]
              ],
              [
                [
                  [
                    -0.13993756892965364,
                    51.48922621379182
                  ],
                  [
                    -0.13985617847910178,
                    51.48922564819479
                  ],
                  [
                    -0.13985640557133633,
                    51.489212978729
                  ],
                  [
                    -0.1398767531839743,
                    51.489213120128255
                  ],
                  [
                    -0.13987698027620885,
                    51.48920045066246
                  ],
                  [
                    -0.13989732788884682,
                    51.48920059206172
                  ],
                  [
                    -0.13989710079661227,
                    51.48921326152751
                  ],
                  [
                    -0.1399377960218882,
                    51.48921354432603
                  ],
                  [
                    -0.13993756892965364,
                    51.48922621379182
                  ]
                ]
              ],
              [
                [
                  [
                    -0.13994074822093736,
                    51.48904884127071
                  ],
                  [
                    -0.1399204006082994,
                    51.489048699871454
                  ],
                  [
                    -0.13992017351606484,
                    51.48906136933725
                  ],
                  [
                    -0.1398998259034269,
                    51.48906122793799
                  ],
                  [
                    -0.13989959881119232,
                    51.489073897403784
                  ],
                  [
                    -0.13987925119855438,
                    51.48907375600453
                  ],
                  [
                    -0.13987879701408526,
                    51.489099094936115
                  ],
                  [
                    -0.1398584494014473,
                    51.48909895353686
                  ],
                  [
                    -0.13985822230921274,
                    51.48911162300265
                  ],
                  [
                    -0.13983787469657477,
                    51.489111481603395
                  ],
                  [
                    -0.13983901015774752,
                    51.48904813427443
                  ],
                  [
                    -0.1398593577703855,
                    51.48904827567368
                  ],
                  [
                    -0.13985958486262004,
                    51.48903560620789
                  ],
                  [
                    -0.139879932475258,
                    51.48903574760715
                  ],
                  [
                    -0.13988038665972713,
                    51.48901040867556
                  ],
                  [
                    -0.1399007342723651,
                    51.489010550074816
                  ],
                  [
                    -0.13990050718013053,
                    51.48902321954061
                  ],
                  [
                    -0.13994120240540647,
                    51.48902350233912
                  ],
                  [
                    -0.13994074822093736,
                    51.48904884127071
                  ]
                ]
              ],
              [
                [
                  [
                    -0.13993311777343428,
                    51.48833920978703
                  ],
                  [
                    -0.13987207493552037,
                    51.48833878558926
                  ],
                  [
                    -0.13987252911998949,
                    51.48831344665767
                  ],
                  [
                    -0.13989287673262746,
                    51.488313588056926
                  ],
                  [
                    -0.139893103824862,
                    51.488300918591136
                  ],
                  [
                    -0.13985240859958606,
                    51.48830063579262
                  ],
                  [
                    -0.13985286278405518,
                    51.48827529686103
                  ],
                  [
                    -0.13987321039669315,
                    51.48827543826029
                  ],
                  [
                    -0.13987298330445858,
                    51.488288107726085
                  ],
                  [
                    -0.13991367852973452,
                    51.488288390524595
                  ],
                  [
                    -0.13991345143749997,
                    51.48830105999039
                  ],
                  [
                    -0.13993379905013795,
                    51.488301201389646
                  ],
                  [
                    -0.13993357195790337,
                    51.48831387085544
                  ],
                  [
                    -0.1399132243452654,
                    51.48831372945618
                  ],
                  [
                    -0.13991299725303086,
                    51.48832639892198
                  ],
                  [
                    -0.13993334486566883,
                    51.48832654032123
                  ],
                  [
                    -0.13993311777343428,
                    51.48833920978703
                  ]
                ]
              ],
              [
                [
                  [
                    -0.1399034593791797,
                    51.488858516485294
                  ],
                  [
                    -0.13988311176654175,
                    51.48885837508604
                  ],
                  [
                    -0.13988379304324539,
                    51.488820366688664
                  ],
                  [
                    -0.13990414065588336,
                    51.48882050808792
                  ],
                  [
                    -0.1399034593791797,
                    51.488858516485294
                  ]
                ]
              ],
              [
                [
                  [
                    -0.13991118051515444,
                    51.48842775464832
                  ],
                  [
                    -0.13985013767724055,
                    51.488427330450556
                  ],
                  [
                    -0.1398503647694751,
                    51.48841466098476
                  ],
                  [
                    -0.13991140760738902,
                    51.48841508518253
                  ],
                  [
                    -0.13991118051515444,
                    51.48842775464832
                  ]
                ]
              ],
              [
                [
                  [
                    -0.13988174921313443,
                    51.488934391880804
                  ],
                  [
                    -0.13984105398785848,
                    51.48893410908229
                  ],
                  [
                    -0.1398415081723276,
                    51.4889087701507
                  ],
                  [
                    -0.13986185578496557,
                    51.488908911549956
                  ],
                  [
                    -0.13986162869273103,
                    51.48892158101575
                  ],
                  [
                    -0.13988197630536897,
                    51.48892172241501
                  ],
                  [
                    -0.13988174921313443,
                    51.488934391880804
                  ]
                ]
              ],
              [
                [
                  [
                    -0.13985640557133633,
                    51.489212978729
                  ],
                  [
                    -0.13983605795869836,
                    51.489212837329745
                  ],
                  [
                    -0.13983673923540202,
                    51.48917482893236
                  ],
                  [
                    -0.13985708684804,
                    51.48917497033162
                  ],
                  [
                    -0.13985640557133633,
                    51.489212978729
                  ]
                ]
              ],
              [
                [
                  [
                    -0.13987139365881673,
                    51.48837679398664
                  ],
                  [
                    -0.13985104604617876,
                    51.48837665258738
                  ],
                  [
                    -0.13985172732288242,
                    51.48833864419
                  ],
                  [
                    -0.13987207493552037,
                    51.48833878558926
                  ],
                  [
                    -0.13987139365881673,
                    51.48837679398664
                  ]
                ]
              ],
              [
                [
                  [
                    -0.13987638968797686,
                    51.48809806573918
                  ],
                  [
                    -0.1398560420753389,
                    51.488097924339925
                  ],
                  [
                    -0.13985626916757343,
                    51.488085254874136
                  ],
                  [
                    -0.1398766167802114,
                    51.48808539627339
                  ],
                  [
                    -0.13987638968797686,
                    51.48809806573918
                  ]
                ]
              ]
            ]
          }
        },
        {
          "type": "Feature",
          "id": "region-4",
          "properties": {
            "category": "repairable"
          },
          "geometry": {
            "type": "MultiPolygon",
            "coordinates": [
              [
                [
                  [
                    -0.14212952447716198,
                    51.48841782823569
                  ],
                  [
                    -0.14208882925188607,
                    51.48841754543718
                  ],
                  [
                    -0.14208928343635516,
                    51.48839220650559
                  ],
                  [
                    -0.14210963104899313,
                    51.48839234790485
                  ],
                  [
                    -0.14210940395675858,
                    51.48840501737064
                  ],
                  [
                    -0.14212975156939653,
                    51.48840515876989
                  ],
                  [
                    -0.14212952447716198,
                    51.48841782823569
                  ]
                ]
              ],
              [
                [
                  [
                    -0.14206780036254443,
                    51.4884554124353
                  ],
                  [
                    -0.14204745274990646,
                    51.488455271036045
                  ],
                  [
                    -0.14204790693437558,
                    51.48842993210446
                  ],
                  [
                    -0.14200721170909963,
                    51.48842964930594
                  ],
                  [
                    -0.14200743880133418,
                    51.48841697984015
                  ],
                  [
                    -0.1419870911886962,
                    51.4884168384409
                  ],
                  [
                    -0.14198686409646166,
                    51.48842950790669
                  ],
                  [
                    -0.1419665164838237,
                    51.48842936650743
                  ],
                  [
                    -0.14196719776052735,
                    51.48839135811005
                  ],
                  [
                    -0.1420078929858033,
                    51.48839164090857
                  ],
                  [
                    -0.14200766589356872,
                    51.48840431037436
                  ],
                  [
                    -0.14206870873148264,
                    51.48840473457213
                  ],
                  [
                    -0.14206780036254443,
                    51.4884554124353
                  ]
                ]
              ],
              [
                [
                  [
                    -0.14204699856543737,
                    51.48848060996763
                  ],
                  [
                    -0.14198595572752346,
                    51.48848018576986
                  ],
                  [
                    -0.141986182819758,
                    51.48846751630407
                  ],
                  [
                    -0.14196583520712006,
                    51.488467374904815
                  ],
                  [
                    -0.1419660622993546,
                    51.48845470543902
                  ],
                  [
                    -0.14194571468671663,
                    51.48845456403976
                  ],
                  [
                    -0.14194594177895117,
                    51.48844189457397
                  ],
                  [
                    -0.14190524655367526,
                    51.48844161177546
                  ],
                  [
                    -0.1419054736459098,
                    51.48842894230966
                  ],
                  [
                    -0.14192582125854777,
                    51.488429083708915
                  ],
                  [
                    -0.14192604835078232,
                    51.488416414243126
                  ],
                  [
                    -0.1419463959634203,
                    51.48841655564238
                  ],
                  [
                    -0.14194616887118575,
                    51.48842922510818
                  ],
                  [
                    -0.1419665164838237,
                    51.48842936650743
                  ],
                  [
                    -0.14196628939158915,
                    51.48844203597322
                  ],
                  [
                    -0.14198663700422712,
                    51.488442177372484
                  ],
                  [
                    -0.14198640991199257,
                    51.48845484683827
                  ],
                  [
                    -0.14200675752463054,
                    51.48845498823753
                  ],
                  [
                    -0.14200653043239597,
                    51.488467657703325
                  ],
                  [
                    -0.14202687804503394,
                    51.48846779910258
                  ],
                  [
                    -0.1420271051372685,
                    51.48845512963679
                  ],
                  [
                    -0.14204745274990646,
                    51.488455271036045
                  ],
                  [
                    -0.14204699856543737,
                    51.48848060996763
                  ]
                ]
              ],
              [
                [
                  [
                    -0.14200562206345776,
                    51.488518335566496
                  ],
                  [
                    -0.14196492683818185,
                    51.488518052767986
                  ],
                  [
                    -0.14196447265371273,
                    51.48854339169957
                  ],
                  [
                    -0.14190342981579884,
                    51.4885429675018
                  ],
                  [
                    -0.1419036569080334,
                    51.48853029803601
                  ],
                  [
                    -0.14186296168275744,
                    51.488530015237494
                  ],
                  [
                    -0.14186341586722656,
                    51.48850467630591
                  ],
                  [
                    -0.14182272064195062,
                    51.4885043935074
                  ],
                  [
                    -0.14182294773418516,
                    51.4884917240416
                  ],
                  [
                    -0.14180260012154722,
                    51.48849158264235
                  ],
                  [
                    -0.14180282721378176,
                    51.48847891317655
                  ],
                  [
                    -0.14184352243905768,
                    51.48847919597507
                  ],
                  [
                    -0.14184329534682313,
                    51.48849186544086
                  ],
                  [
                    -0.14188399057209908,
                    51.488492148239374
                  ],
                  [
                    -0.14188353638762996,
                    51.48851748717096
                  ],
                  [
                    -0.14190388400026793,
                    51.488517628570214
                  ],
                  [
                    -0.14190433818473705,
                    51.48849228963863
                  ],
                  [
                    -0.14192468579737502,
                    51.48849243103788
                  ],
                  [
                    -0.14192491288960957,
                    51.488479761572094
                  ],
                  [
                    -0.14194526050224754,
                    51.48847990297135
                  ],
                  [
                    -0.14194503341001297,
                    51.48849257243714
                  ],
                  [
                    -0.14196538102265094,
                    51.4884927138364
                  ],
                  [
                    -0.1419651539304164,
                    51.48850538330219
                  ],
                  [
                    -0.14198550154305437,
                    51.488505524701445
                  ],
                  [
                    -0.1419857286352889,
                    51.488492855235656
                  ],
                  [
                    -0.14200607624792688,
                    51.48849299663491
                  ],
                  [
                    -0.14200562206345776,
                    51.488518335566496
                  ]
                ]
              ],
              [
                [
                  [
                    -0.14194662305565484,
                    51.48840388617659
                  ],
                  [
                    -0.14192627544301686,
                    51.48840374477733
                  ],
                  [
                    -0.14192604835078232,
                    51.488416414243126
                  ],
                  [
                    -0.14190570073814435,
                    51.48841627284387
                  ],
                  [
                    -0.1419054736459098,
                    51.48842894230966
                  ],
                  [
                    -0.14188512603327183,
                    51.488428800910405
                  ],
                  [
                    -0.1418858073099755,
                    51.48839079251302
                  ],
                  [
                    -0.14194685014788938,
                    51.488391216710795
                  ],
                  [
                    -0.14194662305565484,
                    51.48840388617659
                  ]
                ]
              ],
              [
                [
                  [
                    -0.14192491288960957,
                    51.488479761572094
                  ],
                  [
                    -0.1419045652769716,
                    51.48847962017283
                  ],
                  [
                    -0.14190479236920614,
                    51.48846695070704
                  ],
                  [
                    -0.14188444475656817,
                    51.48846680930779
                  ],
                  [
                    -0.14188421766433362,
                    51.48847947877358
                  ],
                  [
                    -0.14184352243905768,
                    51.48847919597507
                  ],
                  [
                    -0.1418439766235268,
                    51.48845385704348
                  ],
                  [
                    -0.14182362901088882,
                    51.488453715644226
                  ],
                  [
                    -0.14182340191865428,
                    51.488466385110016
                  ],
                  [
                    -0.1418030543060163,
                    51.48846624371076
                  ],
                  [
                    -0.14180328139825085,
                    51.488453574244964
                  ],
                  [
                    -0.14178293378561288,
                    51.48845343284571
                  ],
                  [
                    -0.14178270669337834,
                    51.488466102311506
                  ],
                  [
                    -0.14174201146810242,
                    51.48846581951299
                  ],
                  [
                    -0.14174223856033696,
                    51.4884531500472
                  ],
                  [
                    -0.141721890947699,
                    51.48845300864794
                  ],
                  [
                    -0.14172211803993354,
                    51.48844033918215
                  ],
                  [
                    -0.14168142281465762,
                    51.48844005638364
                  ],
                  [
                    -0.1416818769991267,
                    51.488414717452045
                  ],
                  [
                    -0.14170222461176468,
                    51.48841485885131
                  ],
                  [
                    -0.14170245170399923,
                    51.48840218938551
                  ],
                  [
                    -0.1417227993166372,
                    51.488402330784766
                  ],
                  [
                    -0.14172257222440265,
                    51.48841500025056
                  ],
                  [
                    -0.1417429198370406,
                    51.48841514164982
                  ],
                  [
                    -0.14174269274480605,
                    51.48842781111561
                  ],
                  [
                    -0.141783387970082,
                    51.48842809391412
                  ],
                  [
                    -0.14178361506231654,
                    51.48841542444833
                  ],
                  [
                    -0.14180396267495451,
                    51.48841556584759
                  ],
                  [
                    -0.1418044168594236,
                    51.488390226916
                  ],
                  [
                    -0.14184511208469955,
                    51.48839050971451
                  ],
                  [
                    -0.141844884992465,
                    51.4884031791803
                  ],
                  [
                    -0.14186523260510298,
                    51.488403320579565
                  ],
                  [
                    -0.14186477842063386,
                    51.48842865951115
                  ],
                  [
                    -0.14184443080799589,
                    51.488428518111895
                  ],
                  [
                    -0.14184420371576134,
                    51.488441187577685
                  ],
                  [
                    -0.1418645513283993,
                    51.48844132897694
                  ],
                  [
                    -0.14186432423616477,
                    51.488453998442736
                  ],
                  [
                    -0.14192536707407866,
                    51.48845442264051
                  ],
                  [
                    -0.14192491288960957,
                    51.488479761572094
                  ]
                ],
                [
                  [
                    -0.14184443080799589,
                    51.488428518111895
                  ],
                  [
                    -0.14184465790023046,
                    51.4884158486461
                  ],
                  [
                    -0.1418243102875925,
                    51.488415707246844
                  ],
                  [
                    -0.14182408319535794,
                    51.48842837671263
                  ],
                  [
                    -0.14184443080799589,
                    51.488428518111895
                  ]
                ]
              ],
              [
                [
                  [
                    -0.14178406924678566,
                    51.48839008551674
                  ],
                  [
                    -0.14174337402150972,
                    51.48838980271823
                  ],
                  [
                    -0.14174314692927517,
                    51.48840247218402
                  ],
                  [
                    -0.1417227993166372,
                    51.488402330784766
                  ],
                  [
                    -0.14172302640887174,
                    51.488389661318976
                  ],
                  [
                    -0.1416823311835958,
                    51.48838937852046
                  ],
                  [
                    -0.1416818769991267,
                    51.488414717452045
                  ],
                  [
                    -0.14164118177385077,
                    51.488414434653535
                  ],
                  [
                    -0.14164140886608534,
                    51.48840176518774
                  ],
                  [
                    -0.14162106125344737,
                    51.488401623788484
                  ],
                  [
                    -0.1416212883456819,
                    51.488388954322694
                  ],
                  [
                    -0.14164163595831988,
                    51.48838909572195
                  ],
                  [
                    -0.14164186305055443,
                    51.48837642625615
                  ],
                  [
                    -0.14168255827583037,
                    51.48837670905467
                  ],
                  [
                    -0.14168301246029946,
                    51.488351370123084
                  ],
                  [
                    -0.14170336007293743,
                    51.48835151152234
                  ],
                  [
                    -0.1417031329807029,
                    51.48836418098813
                  ],
                  [
                    -0.14172348059334086,
                    51.48836432238739
                  ],
                  [
                    -0.1417237076855754,
                    51.488351652921594
                  ],
                  [
                    -0.14176440291085132,
                    51.488351935720104
                  ],
                  [
                    -0.14176417581861678,
                    51.4883646051859
                  ],
                  [
                    -0.14178452343125475,
                    51.488364746585155
                  ],
                  [
                    -0.14178406924678566,
                    51.48839008551674
                  ]
                ]
              ],
              [
                [
                  [
                    -0.14174428239044792,
                    51.48833912485506
                  ],
                  [
                    -0.14172393477780995,
                    51.4883389834558
                  ],
                  [
                    -0.1417237076855754,
                    51.488351652921594
                  ],
                  [
                    -0.14170336007293743,
                    51.48835151152234
                  ],
                  [
                    -0.14170358716517198,
                    51.48833884205654
                  ],
                  [
                    -0.141683239552534,
                    51.48833870065729
                  ],
                  [
                    -0.14168301246029946,
                    51.488351370123084
                  ],
                  [
                    -0.1416626648476615,
                    51.48835122872382
                  ],
                  [
                    -0.14166243775542695,
                    51.48836389818962
                  ],
                  [
                    -0.14164209014278897,
                    51.48836375679036
                  ],
                  [
                    -0.14164186305055443,
                    51.48837642625615
                  ],
                  [
                    -0.14162151543791646,
                    51.4883762848569
                  ],
                  [
                    -0.1416212883456819,
                    51.488388954322694
                  ],
                  [
                    -0.14160094073304394,
                    51.48838881292343
                  ],
                  [
                    -0.14160116782527848,
                    51.48837614345764
                  ],
                  [
                    -0.14156047260000257,
                    51.488375860659126
                  ],
                  [
                    -0.14156092678447166,
                    51.48835052172754
                  ],
                  [
                    -0.14158127439710963,
                    51.4883506631268
                  ],
                  [
                    -0.14158104730487509,
                    51.48836333259259
                  ],
                  [
                    -0.14160139491751306,
                    51.488363473991846
                  ],
                  [
                    -0.1416020761942167,
                    51.48832546559447
                  ],
                  [
                    -0.14164277141949264,
                    51.48832574839298
                  ],
                  [
                    -0.1416425443272581,
                    51.48833841785878
                  ],
                  [
                    -0.14166289193989606,
                    51.48833855925803
                  ],
                  [
                    -0.1416631190321306,
                    51.488325889792236
                  ],
                  [
                    -0.14170381425740652,
                    51.48832617259075
                  ],
                  [
                    -0.1417040413496411,
                    51.48831350312496
                  ],
                  [
                    -0.141744736574917,
                    51.488313785923474
                  ],
                  [
                    -0.14174428239044792,
                    51.48833912485506
                  ]
                ]
              ],
              [
                [
                  [
                    -0.14168369373700312,
                    51.4883133617257
                  ],
                  [
                    -0.14166334612436515,
                    51.48831322032645
                  ],
                  [
                    -0.1416635732165997,
                    51.48830055086065
                  ],
                  [
                    -0.14164322560396173,
                    51.488300409461395
                  ],
                  [
                    -0.1416434526961963,
                    51.4882877399956
                  ],
                  [
                    -0.14168414792147221,
                    51.488288022794116
                  ],
                  [
                    -0.14168369373700312,
                    51.4883133617257
                  ]
                ]
              ],
              [
                [
                  [
                    -0.14164299851172718,
                    51.488313078927185
                  ],
                  [
                    -0.14154126044853735,
                    51.4883123719309
                  ],
                  [
                    -0.1415410333563028,
                    51.4883250413967
                  ],
                  [
                    -0.14152068574366483,
                    51.488324899997444
                  ],
                  [
                    -0.14152091283589938,
                    51.48831223053165
                  ],
                  [
                    -0.14148021761062346,
                    51.48831194773314
                  ],
                  [
                    -0.1414799905183889,
                    51.48832461719893
                  ],
                  [
                    -0.14145964290575094,
                    51.48832447579967
                  ],
                  [
                    -0.1414598699979855,
                    51.48831180633388
                  ],
                  [
                    -0.14143952238534752,
                    51.48831166493462
                  ],
                  [
                    -0.1414399765698166,
                    51.488286326003035
                  ],
                  [
                    -0.14146032418245458,
                    51.48828646740229
                  ],
                  [
                    -0.14146055127468912,
                    51.4882737979365
                  ],
                  [
                    -0.14152159411260304,
                    51.48827422213427
                  ],
                  [
                    -0.14152182120483758,
                    51.488261552668476
                  ],
                  [
                    -0.14154216881747556,
                    51.48826169406773
                  ],
                  [
                    -0.141541941725241,
                    51.48827436353353
                  ],
                  [
                    -0.14156228933787898,
                    51.48827450493278
                  ],
                  [
                    -0.1415620622456444,
                    51.48828717439858
                  ],
                  [
                    -0.14158240985828238,
                    51.488287315797834
                  ],
                  [
                    -0.14158218276604784,
                    51.48829998526362
                  ],
                  [
                    -0.14164322560396173,
                    51.488300409461395
                  ],
                  [
                    -0.14164299851172718,
                    51.488313078927185
                  ]
                ],
                [
                  [
                    -0.1415620622456444,
                    51.48828717439858
                  ],
                  [
                    -0.14154171463300647,
                    51.48828703299932
                  ],
                  [
                    -0.1415414875407719,
                    51.48829970246511
                  ],
                  [
                    -0.14156183515340987,
                    51.48829984386437
                  ],
                  [
                    -0.1415620622456444,
                    51.48828717439858
                  ]
                ]
              ],
              [
                [
                  [
                    -0.14162310508355833,
                    51.488287598596344
                  ],
                  [
                    -0.14160275747092035,
                    51.48828745719709
                  ],
                  [
                    -0.1416029845631549,
                    51.48827478773129
                  ],
                  [
                    -0.14158263695051693,
                    51.48827464633204
                  ],
                  [
                    -0.1415828640427515,
                    51.48826197686625
                  ],
                  [
                    -0.14162355926802742,
                    51.48826225966476
                  ],
                  [
                    -0.14162310508355833,
                    51.488287598596344
                  ]
                ]
              ],
              [
                [
                  [
                    -0.14158150148934417,
                    51.488337993661005
                  ],
                  [
                    -0.1415611538767062,
                    51.48833785226175
                  ],
                  [
                    -0.14156092678447166,
                    51.48835052172754
                  ],
                  [
                    -0.14152023155919574,
                    51.48835023892903
                  ],
                  [
                    -0.1415204586514303,
                    51.48833756946323
                  ],
                  [
                    -0.14154080626406826,
                    51.488337710862496
                  ],
                  [
                    -0.1415410333563028,
                    51.4883250413967
                  ],
                  [
                    -0.14158172858157872,
                    51.48832532419521
                  ],
                  [
                    -0.14158150148934417,
                    51.488337993661005
                  ]
                ]
              ],
              [
                [
                  [
                    -0.14130403826768118,
                    51.48905831502089
                  ],
                  [
                    -0.1412836906550432,
                    51.489058173621636
                  ],
                  [
                    -0.14128391774727775,
                    51.48904550415585
                  ],
                  [
                    -0.1412635701346398,
                    51.489045362756585
                  ],
                  [
                    -0.14126334304240523,
                    51.48905803222238
                  ],
                  [
                    -0.1412429954297673,
                    51.489057890823126
                  ],
                  [
                    -0.14124322252200183,
                    51.48904522135733
                  ],
                  [
                    -0.14122287490936386,
                    51.489045079958075
                  ],
                  [
                    -0.1412231020015984,
                    51.48903241049228
                  ],
                  [
                    -0.14120275438896043,
                    51.48903226909302
                  ],
                  [
                    -0.14120320857342955,
                    51.48900693016144
                  ],
                  [
                    -0.14118286096079158,
                    51.48900678876218
                  ],
                  [
                    -0.14118308805302612,
                    51.488994119296386
                  ],
                  [
                    -0.14116274044038815,
                    51.48899397789713
                  ],
                  [
                    -0.14116296753262272,
                    51.488981308431335
                  ],
                  [
                    -0.14124435798317458,
                    51.48898187402836
                  ],
                  [
                    -0.14124413089094004,
                    51.48899454349416
                  ],
                  [
                    -0.14128482611621596,
                    51.48899482629267
                  ],
                  [
                    -0.14128414483951232,
                    51.48903283469005
                  ],
                  [
                    -0.1413044924521503,
                    51.489032976089305
                  ],
                  [
                    -0.14130403826768118,
                    51.48905831502089
                  ]
                ],
                [
                  [
                    -0.1412231020015984,
                    51.48903241049228
                  ],
                  [
                    -0.14126379722687435,
                    51.489032693290795
                  ],
                  [
                    -0.1412640243191089,
                    51.489020023825
                  ],
                  [
                    -0.14122332909383295,
                    51.48901974102649
                  ],
                  [
                    -0.1412231020015984,
                    51.48903241049228
                  ]
                ]
              ],
              [
                [
                  [
                    -0.14116319462485727,
                    51.488968638965545
                  ],
                  [
                    -0.1411428470122193,
                    51.48896849756629
                  ],
                  [
                    -0.14114261991998475,
                    51.48898116703208
                  ],
                  [
                    -0.14112227230734678,
                    51.488981025632825
                  ],
                  [
                    -0.14112249939958132,
                    51.48896835616703
                  ],
                  [
                    -0.14110215178694335,
                    51.48896821476777
                  ],
                  [
                    -0.14110260597141247,
                    51.48894287583619
                  ],
                  [
                    -0.14114330119668841,
                    51.488943158634704
                  ],
                  [
                    -0.14114307410445384,
                    51.488955828100494
                  ],
                  [
                    -0.1411634217170918,
                    51.48895596949975
                  ],
                  [
                    -0.14116319462485727,
                    51.488968638965545
                  ]
                ]
              ],
              [
                [
                  [
                    -0.14115738091523058,
                    51.488157651755515
                  ],
                  [
                    -0.14111668568995464,
                    51.488157368957
                  ],
                  [
                    -0.1411169127821892,
                    51.48814469949121
                  ],
                  [
                    -0.14109656516955124,
                    51.48814455809195
                  ],
                  [
                    -0.14109701935402033,
                    51.48811921916036
                  ],
                  [
                    -0.14103597651610644,
                    51.488118794962595
                  ],
                  [
                    -0.14103643070057553,
                    51.48809345603101
                  ],
                  [
                    -0.1410567783132135,
                    51.488093597430264
                  ],
                  [
                    -0.14105655122097896,
                    51.488106266896054
                  ],
                  [
                    -0.14107689883361693,
                    51.488106408295316
                  ],
                  [
                    -0.14107712592585148,
                    51.48809373882952
                  ],
                  [
                    -0.14111782115112742,
                    51.48809402162803
                  ],
                  [
                    -0.1411173669666583,
                    51.48811936055962
                  ],
                  [
                    -0.14113771457929628,
                    51.48811950195888
                  ],
                  [
                    -0.14113748748706173,
                    51.48813217142467
                  ],
                  [
                    -0.1411578350996997,
                    51.48813231282393
                  ],
                  [
                    -0.14115738091523058,
                    51.488157651755515
                  ]
                ]
              ],
              [
                [
                  [
                    -0.14110260597141247,
                    51.48894287583619
                  ],
                  [
                    -0.1410822583587745,
                    51.48894273443693
                  ],
                  [
                    -0.1410818041743054,
                    51.48896807336852
                  ],
                  [
                    -0.14104110894902946,
                    51.48896779057001
                  ],
                  [
                    -0.14104065476456035,
                    51.488993129501594
                  ],
                  [
                    -0.14099995953928443,
                    51.48899284670308
                  ],
                  [
                    -0.14099973244704989,
                    51.489005516168874
                  ],
                  [
                    -0.1409793848344119,
                    51.48900537476962
                  ],
                  [
                    -0.140979839018881,
                    51.48898003583803
                  ],
                  [
                    -0.14102053424415695,
                    51.48898031863654
                  ],
                  [
                    -0.14102098842862604,
                    51.48895497970496
                  ],
                  [
                    -0.141041336041264,
                    51.48895512110421
                  ],
                  [
                    -0.14104156313349855,
                    51.48894245163842
                  ],
                  [
                    -0.14106191074613653,
                    51.48894259303768
                  ],
                  [
                    -0.14106213783837107,
                    51.48892992357188
                  ],
                  [
                    -0.14110283306364702,
                    51.4889302063704
                  ],
                  [
                    -0.14110260597141247,
                    51.48894287583619
                  ]
                ]
              ],
              [
                [
                  [
                    -0.14110306015588156,
                    51.4889175369046
                  ],
                  [
                    -0.1410216697053297,
                    51.488916971307574
                  ],
                  [
                    -0.14102144261309515,
                    51.48892964077337
                  ],
                  [
                    -0.14104179022573313,
                    51.488929782172626
                  ],
                  [
                    -0.14104156313349855,
                    51.48894245163842
                  ],
                  [
                    -0.1410212155208606,
                    51.48894231023916
                  ],
                  [
                    -0.14102098842862604,
                    51.48895497970496
                  ],
                  [
                    -0.14100064081598807,
                    51.4889548383057
                  ],
                  [
                    -0.14100041372375352,
                    51.48896750777149
                  ],
                  [
                    -0.1409597184984776,
                    51.48896722497298
                  ],
                  [
                    -0.1409601726829467,
                    51.488941886041395
                  ],
                  [
                    -0.14098052029558467,
                    51.48894202744065
                  ],
                  [
                    -0.14098097448005376,
                    51.488916688509065
                  ],
                  [
                    -0.14100132209269173,
                    51.48891682990832
                  ],
                  [
                    -0.14100154918492627,
                    51.48890416044252
                  ],
                  [
                    -0.14110328724811613,
                    51.488904867438805
                  ],
                  [
                    -0.14110306015588156,
                    51.4889175369046
                  ]
                ]
              ],
              [
                [
                  [
                    -0.14106032110049468,
                    51.48903127929823
                  ],
                  [
                    -0.14101962587521874,
                    51.489030996499714
                  ],
                  [
                    -0.14101985296745329,
                    51.489018327033925
                  ],
                  [
                    -0.14104020058009126,
                    51.48901846843318
                  ],
                  [
                    -0.1410404276723258,
                    51.48900579896738
                  ],
                  [
                    -0.14106077528496377,
                    51.489005940366646
                  ],
                  [
                    -0.14106032110049468,
                    51.48903127929823
                  ]
                ]
              ],
              [
                [
                  [
                    -0.1410221238897988,
                    51.48889163237599
                  ],
                  [
                    -0.1409610810518849,
                    51.48889120817822
                  ],
                  [
                    -0.14096176232858856,
                    51.48885319978084
                  ],
                  [
                    -0.14098210994122654,
                    51.488853341180096
                  ],
                  [
                    -0.14098165575675742,
                    51.48887868011168
                  ],
                  [
                    -0.14102235098203336,
                    51.4888789629102
                  ],
                  [
                    -0.1410221238897988,
                    51.48889163237599
                  ]
                ]
              ],
              [
                [
                  [
                    -0.1409601726829467,
                    51.488941886041395
                  ],
                  [
                    -0.14093982507030872,
                    51.48894174464213
                  ],
                  [
                    -0.14093937088583963,
                    51.488967083573726
                  ],
                  [
                    -0.14091902327320166,
                    51.488966942174464
                  ],
                  [
                    -0.14091970454990532,
                    51.48892893377709
                  ],
                  [
                    -0.14089935693726735,
                    51.488928792377834
                  ],
                  [
                    -0.1408995840295019,
                    51.48891612291204
                  ],
                  [
                    -0.14091993164213987,
                    51.48891626431129
                  ],
                  [
                    -0.14092038582660896,
                    51.48889092537971
                  ],
                  [
                    -0.1409610810518849,
                    51.48889120817822
                  ],
                  [
                    -0.1409606268674158,
                    51.48891654710981
                  ],
                  [
                    -0.14094027925477784,
                    51.48891640571055
                  ],
                  [
                    -0.14094005216254327,
                    51.488929075176344
                  ],
                  [
                    -0.14096039977518124,
                    51.4889292165756
                  ],
                  [
                    -0.1409601726829467,
                    51.488941886041395
                  ]
                ]
              ],
              [
                [
                  [
                    -0.14094096053148147,
                    51.48887839731317
                  ],
                  [
                    -0.14087991769356759,
                    51.4888779731154
                  ],
                  [
                    -0.14088037187803668,
                    51.488852634183814
                  ],
                  [
                    -0.14090071949067465,
                    51.48885277558307
                  ],
                  [
                    -0.1409009465829092,
                    51.48884010611728
                  ],
                  [
                    -0.14086025135763328,
                    51.48883982331876
                  ],
                  [
                    -0.1408595700809296,
                    51.488877831716145
                  ],
                  [
                    -0.14083922246829164,
                    51.48887769031689
                  ],
                  [
                    -0.1408389953760571,
                    51.48889035978268
                  ],
                  [
                    -0.14079830015078115,
                    51.48889007698417
                  ],
                  [
                    -0.14079852724301573,
                    51.48887740751837
                  ],
                  [
                    -0.14077817963037775,
                    51.48887726611912
                  ],
                  [
                    -0.14077772544590864,
                    51.488902605050704
                  ],
                  [
                    -0.14075737783327066,
                    51.48890246365145
                  ],
                  [
                    -0.14075760492550524,
                    51.48888979418565
                  ],
                  [
                    -0.14073725731286726,
                    51.4888896527864
                  ],
                  [
                    -0.1407374844051018,
                    51.48887698332061
                  ],
                  [
                    -0.14075783201773978,
                    51.48887712471986
                  ],
                  [
                    -0.14075805910997433,
                    51.48886445525407
                  ],
                  [
                    -0.1407173638846984,
                    51.48886417245556
                  ],
                  [
                    -0.14071759097693295,
                    51.48885150298976
                  ],
                  [
                    -0.14077863381484684,
                    51.48885192718753
                  ],
                  [
                    -0.1407784067226123,
                    51.48886459665332
                  ],
                  [
                    -0.14079875433525027,
                    51.488864738052584
                  ],
                  [
                    -0.14079898142748482,
                    51.48885206858679
                  ],
                  [
                    -0.1408193290401228,
                    51.48885220998604
                  ],
                  [
                    -0.14081978322459188,
                    51.48882687105446
                  ],
                  [
                    -0.14084013083722985,
                    51.48882701245371
                  ],
                  [
                    -0.1408403579294644,
                    51.48881434298792
                  ],
                  [
                    -0.14086070554210237,
                    51.48881448438718
                  ],
                  [
                    -0.14086047844986782,
                    51.488827153852974
                  ],
                  [
                    -0.14092152128778174,
                    51.48882757805074
                  ],
                  [
                    -0.14092106710331262,
                    51.488852916982324
                  ],
                  [
                    -0.1409414147159506,
                    51.488853058381586
                  ],
                  [
                    -0.14094096053148147,
                    51.48887839731317
                  ]
                ],
                [
                  [
                    -0.14083922246829164,
                    51.48887769031689
                  ],
                  [
                    -0.1408394495605262,
                    51.488865020851094
                  ],
                  [
                    -0.14081910194788824,
                    51.48886487945184
                  ],
                  [
                    -0.14081887485565367,
                    51.48887754891763
                  ],
                  [
                    -0.14083922246829164,
                    51.48887769031689
                  ]
                ]
              ],
              [
                [
                  [
                    -0.1408995840295019,
                    51.48891612291204
                  ],
                  [
                    -0.14087923641686392,
                    51.48891598151278
                  ],
                  [
                    -0.14087878223239483,
                    51.48894132044437
                  ],
                  [
                    -0.14085843461975686,
                    51.48894117904511
                  ],
                  [
                    -0.14085911589646052,
                    51.48890317064773
                  ],
                  [
                    -0.14083876828382255,
                    51.488903029248476
                  ],
                  [
                    -0.1408389953760571,
                    51.48889035978268
                  ],
                  [
                    -0.14085934298869507,
                    51.488890501181935
                  ],
                  [
                    -0.1408595700809296,
                    51.488877831716145
                  ],
                  [
                    -0.14087991769356759,
                    51.4888779731154
                  ],
                  [
                    -0.14087946350909847,
                    51.488903312046986
                  ],
                  [
                    -0.14089981112173644,
                    51.48890345344624
                  ],
                  [
                    -0.1408995840295019,
                    51.48891612291204
                  ]
                ]
              ],
              [
                [
                  [
                    -0.140838541191588,
                    51.488915698714266
                  ],
                  [
                    -0.14081819357895003,
                    51.48891555731501
                  ],
                  [
                    -0.14081796648671546,
                    51.48892822678081
                  ],
                  [
                    -0.14079761887407752,
                    51.488928085381545
                  ],
                  [
                    -0.1407980730585466,
                    51.48890274644996
                  ],
                  [
                    -0.14083876828382255,
                    51.488903029248476
                  ],
                  [
                    -0.140838541191588,
                    51.488915698714266
                  ]
                ]
              ],
              [
                [
                  [
                    -0.1408403579294644,
                    51.48881434298792
                  ],
                  [
                    -0.14079966270418848,
                    51.488814060189405
                  ],
                  [
                    -0.14079943561195393,
                    51.4888267296552
                  ],
                  [
                    -0.14077908799931596,
                    51.48882658825595
                  ],
                  [
                    -0.1407788609070814,
                    51.488839257721736
                  ],
                  [
                    -0.14073816568180547,
                    51.488838974923226
                  ],
                  [
                    -0.14073839277404002,
                    51.48882630545743
                  ],
                  [
                    -0.140758740386678,
                    51.48882644685669
                  ],
                  [
                    -0.14075896747891253,
                    51.488813777390895
                  ],
                  [
                    -0.1407793150915505,
                    51.48881391879015
                  ],
                  [
                    -0.1407797692760196,
                    51.488788579858564
                  ],
                  [
                    -0.14073907405074368,
                    51.488788297060054
                  ],
                  [
                    -0.14073884695850913,
                    51.488800966525844
                  ],
                  [
                    -0.14071849934587116,
                    51.48880082512659
                  ],
                  [
                    -0.14071759097693295,
                    51.48885150298976
                  ],
                  [
                    -0.14069724336429498,
                    51.488851361590505
                  ],
                  [
                    -0.14069792464099865,
                    51.48881335319312
                  ],
                  [
                    -0.14067757702836067,
                    51.48881321179387
                  ],
                  [
                    -0.14067780412059522,
                    51.48880054232808
                  ],
                  [
                    -0.1406981517332332,
                    51.488800683727334
                  ],
                  [
                    -0.14069837882546773,
                    51.48878801426154
                  ],
                  [
                    -0.1407187264381057,
                    51.48878815566079
                  ],
                  [
                    -0.14071895353034025,
                    51.488775486195
                  ],
                  [
                    -0.14082069159353008,
                    51.488776193191285
                  ],
                  [
                    -0.140820237409061,
                    51.48880153212287
                  ],
                  [
                    -0.14084058502169897,
                    51.488801673522126
                  ],
                  [
                    -0.1408403579294644,
                    51.48881434298792
                  ]
                ]
              ],
              [
                [
                  [
                    -0.14075987584785074,
                    51.48876309952772
                  ],
                  [
                    -0.14069883300993685,
                    51.48876267532995
                  ],
                  [
                    -0.14069860591770228,
                    51.48877534479575
                  ],
                  [
                    -0.14065791069242636,
                    51.48877506199723
                  ],
                  [
                    -0.1406576836001918,
                    51.48878773146303
                  ],
                  [
                    -0.14063733598755385,
                    51.48878759006377
                  ],
                  [
                    -0.14063710889531927,
                    51.48880025952956
                  ],
                  [
                    -0.14057606605740539,
                    51.4887998353318
                  ],
                  [
                    -0.14057629314963993,
                    51.488787165866
                  ],
                  [
                    -0.14061698837491587,
                    51.48878744866451
                  ],
                  [
                    -0.14061744255938496,
                    51.488762109732924
                  ],
                  [
                    -0.14063779017202294,
                    51.48876225113218
                  ],
                  [
                    -0.14063801726425748,
                    51.48874958166639
                  ],
                  [
                    -0.14059732203898156,
                    51.48874929886788
                  ],
                  [
                    -0.140597094946747,
                    51.48876196833367
                  ],
                  [
                    -0.14055639972147108,
                    51.48876168553516
                  ],
                  [
                    -0.14055662681370562,
                    51.48874901606936
                  ],
                  [
                    -0.14051593158842968,
                    51.48874873327085
                  ],
                  [
                    -0.14051615868066425,
                    51.48873606380506
                  ],
                  [
                    -0.14057720151857814,
                    51.48873648800283
                  ],
                  [
                    -0.14057742861081268,
                    51.48872381853703
                  ],
                  [
                    -0.14059777622345065,
                    51.48872395993629
                  ],
                  [
                    -0.1405980033156852,
                    51.4887112904705
                  ],
                  [
                    -0.14061835092832317,
                    51.48871143186975
                  ],
                  [
                    -0.14061812383608863,
                    51.48872410133555
                  ],
                  [
                    -0.1406384714487266,
                    51.488724242734804
                  ],
                  [
                    -0.14063824435649205,
                    51.488736912200594
                  ],
                  [
                    -0.14071963480704391,
                    51.48873747779762
                  ],
                  [
                    -0.14071940771480937,
                    51.48875014726342
                  ],
                  [
                    -0.14076010294008529,
                    51.48875043006193
                  ],
                  [
                    -0.14075987584785074,
                    51.48876309952772
                  ]
                ],
                [
                  [
                    -0.14069883300993685,
                    51.48876267532995
                  ],
                  [
                    -0.1406990601021714,
                    51.48875000586416
                  ],
                  [
                    -0.14067871248953343,
                    51.4887498644649
                  ],
                  [
                    -0.14067848539729888,
                    51.4887625339307
                  ],
                  [
                    -0.14069883300993685,
                    51.48876267532995
                  ]
                ]
              ],
              [
                [
                  [
                    -0.1406486905992814,
                    51.488154116774105
                  ],
                  [
                    -0.14060799537400548,
                    51.48815383397559
                  ],
                  [
                    -0.1406086766507091,
                    51.488115825578205
                  ],
                  [
                    -0.14062902426334709,
                    51.48811596697747
                  ],
                  [
                    -0.140628570078878,
                    51.48814130590905
                  ],
                  [
                    -0.14064891769151597,
                    51.48814144730831
                  ],
                  [
                    -0.1406486905992814,
                    51.488154116774105
                  ]
                ]
              ],
              [
                [
                  [
                    -0.14058787485360205,
                    51.488141023110536
                  ],
                  [
                    -0.14056752724096408,
                    51.48814088171128
                  ],
                  [
                    -0.14056775433319865,
                    51.48812821224549
                  ],
                  [
                    -0.14054740672056068,
                    51.48812807084623
                  ],
                  [
                    -0.14054786090502977,
                    51.488102731914644
                  ],
                  [
                    -0.14056820851766774,
                    51.4881028733139
                  ],
                  [
                    -0.1405679814254332,
                    51.488115542779695
                  ],
                  [
                    -0.14058832903807117,
                    51.48811568417895
                  ],
                  [
                    -0.14058787485360205,
                    51.488141023110536
                  ]
                ]
              ],
              [
                [
                  [
                    -0.14055617262923653,
                    51.48877435500095
                  ],
                  [
                    -0.14053582501659856,
                    51.488774213601694
                  ],
                  [
                    -0.140535597924364,
                    51.48878688306749
                  ],
                  [
                    -0.14049490269908807,
                    51.48878660026897
                  ],
                  [
                    -0.14049512979132261,
                    51.488773930803184
                  ],
                  [
                    -0.1405154774039606,
                    51.48877407220244
                  ],
                  [
                    -0.14051570449619513,
                    51.48876140273664
                  ],
                  [
                    -0.14055639972147108,
                    51.48876168553516
                  ],
                  [
                    -0.14055617262923653,
                    51.48877435500095
                  ]
                ]
              ],
              [
                [
                  [
                    -0.14054786090502977,
                    51.488102731914644
                  ],
                  [
                    -0.1405275132923918,
                    51.48810259051539
                  ],
                  [
                    -0.14052774038462637,
                    51.48808992104959
                  ],
                  [
                    -0.14054808799726431,
                    51.488090062448855
                  ],
                  [
                    -0.14054786090502977,
                    51.488102731914644
                  ]
                ]
              ],
              [
                [
                  [
                    -0.1404759176398574,
                    51.48871044207496
                  ],
                  [
                    -0.14045557002721945,
                    51.4887103006757
                  ],
                  [
                    -0.140455797119454,
                    51.48869763120991
                  ],
                  [
                    -0.14039475428154008,
                    51.48869720701214
                  ],
                  [
                    -0.14039407300483644,
                    51.48873521540952
                  ],
                  [
                    -0.14033303016692253,
                    51.48873479121175
                  ],
                  [
                    -0.14033325725915707,
                    51.48872212174596
                  ],
                  [
                    -0.14037395248443302,
                    51.48872240454447
                  ],
                  [
                    -0.14037463376113668,
                    51.488684396147086
                  ],
                  [
                    -0.1403542861484987,
                    51.48868425474783
                  ],
                  [
                    -0.14035451324073325,
                    51.48867158528204
                  ],
                  [
                    -0.14033416562809528,
                    51.48867144388278
                  ],
                  [
                    -0.1403350739970335,
                    51.48862076601961
                  ],
                  [
                    -0.14035542160967146,
                    51.48862090741886
                  ],
                  [
                    -0.14035496742520237,
                    51.488646246350456
                  ],
                  [
                    -0.1403956626504783,
                    51.488646529148966
                  ],
                  [
                    -0.14039543555824374,
                    51.488659198614755
                  ],
                  [
                    -0.14041578317088171,
                    51.48865934001402
                  ],
                  [
                    -0.14041555607864717,
                    51.48867200947981
                  ],
                  [
                    -0.14045625130392309,
                    51.48867229227832
                  ],
                  [
                    -0.14045602421168854,
                    51.48868496174411
                  ],
                  [
                    -0.1404763718243265,
                    51.48868510314337
                  ],
                  [
                    -0.1404759176398574,
                    51.48871044207496
                  ]
                ],
                [
                  [
                    -0.14035451324073325,
                    51.48867158528204
                  ],
                  [
                    -0.14037486085337122,
                    51.4886717266813
                  ],
                  [
                    -0.14037508794560577,
                    51.4886590572155
                  ],
                  [
                    -0.1403547403329678,
                    51.488658915816245
                  ],
                  [
                    -0.14035451324073325,
                    51.48867158528204
                  ]
                ]
              ],
              [
                [
                  [
                    -0.1404424893660871,
                    51.488304736371056
                  ],
                  [
                    -0.14042214175344914,
                    51.4883045949718
                  ],
                  [
                    -0.1404219146612146,
                    51.4883172644376
                  ],
                  [
                    -0.14038121943593868,
                    51.48831698163908
                  ],
                  [
                    -0.14038144652817322,
                    51.48830431217329
                  ],
                  [
                    -0.14036109891553525,
                    51.48830417077403
                  ],
                  [
                    -0.14036155310000434,
                    51.48827883184244
                  ],
                  [
                    -0.1403412054873664,
                    51.48827869044319
                  ],
                  [
                    -0.14034097839513182,
                    51.488291359908985
                  ],
                  [
                    -0.14032063078249388,
                    51.48829121850972
                  ],
                  [
                    -0.14032085787472842,
                    51.48827854904393
                  ],
                  [
                    -0.14030051026209045,
                    51.48827840764468
                  ],
                  [
                    -0.140300737354325,
                    51.48826573817888
                  ],
                  [
                    -0.14034143257960094,
                    51.48826602097739
                  ],
                  [
                    -0.14034165967183548,
                    51.4882533515116
                  ],
                  [
                    -0.14036200728447346,
                    51.48825349291086
                  ],
                  [
                    -0.1403617801922389,
                    51.488266162376654
                  ],
                  [
                    -0.14040247541751483,
                    51.488266445175164
                  ],
                  [
                    -0.14040224832528028,
                    51.48827911464096
                  ],
                  [
                    -0.14042259593791825,
                    51.488279256040215
                  ],
                  [
                    -0.1404223688456837,
                    51.488291925506005
                  ],
                  [
                    -0.14044271645832168,
                    51.48829206690527
                  ],
                  [
                    -0.1404424893660871,
                    51.488304736371056
                  ]
                ]
              ],
              [
                [
                  [
                    -0.14040111286410753,
                    51.48834246196992
                  ],
                  [
                    -0.14038076525146956,
                    51.488342320570666
                  ],
                  [
                    -0.14038031106700047,
                    51.48836765950225
                  ],
                  [
                    -0.14033961584172452,
                    51.48836737670374
                  ],
                  [
                    -0.14033984293395907,
                    51.488354707237946
                  ],
                  [
                    -0.14027880009604518,
                    51.48835428304018
                  ],
                  [
                    -0.14027948137274882,
                    51.4883162746428
                  ],
                  [
                    -0.14032017659802476,
                    51.48831655744131
                  ],
                  [
                    -0.1403204036902593,
                    51.48830388797552
                  ],
                  [
                    -0.14034075130289728,
                    51.488304029374774
                  ],
                  [
                    -0.14034052421066273,
                    51.48831669884057
                  ],
                  [
                    -0.1403608718233007,
                    51.488316840239825
                  ],
                  [
                    -0.14036064473106613,
                    51.488329509705615
                  ],
                  [
                    -0.14040133995634207,
                    51.48832979250413
                  ],
                  [
                    -0.14040111286410753,
                    51.48834246196992
                  ]
                ],
                [
                  [
                    -0.14036064473106613,
                    51.488329509705615
                  ],
                  [
                    -0.1403402971184282,
                    51.48832936830636
                  ],
                  [
                    -0.14034007002619361,
                    51.488342037772156
                  ],
                  [
                    -0.14036041763883159,
                    51.48834217917141
                  ],
                  [
                    -0.14036064473106613,
                    51.488329509705615
                  ]
                ],
                [
                  [
                    -0.14031972241355567,
                    51.4883418963729
                  ],
                  [
                    -0.14031994950579021,
                    51.488329226907105
                  ],
                  [
                    -0.14029960189315224,
                    51.48832908550785
                  ],
                  [
                    -0.1402993748009177,
                    51.48834175497364
                  ],
                  [
                    -0.14031972241355567,
                    51.4883418963729
                  ]
                ]
              ],
              [
                [
                  [
                    -0.1403538319640296,
                    51.48870959367942
                  ],
                  [
                    -0.14031313673875367,
                    51.48870931088091
                  ],
                  [
                    -0.14031336383098822,
                    51.48869664141511
                  ],
                  [
                    -0.1403337114436262,
                    51.48869678281437
                  ],
                  [
                    -0.14033393853586074,
                    51.488684113348576
                  ],
                  [
                    -0.1403542861484987,
                    51.48868425474783
                  ],
                  [
                    -0.1403538319640296,
                    51.48870959367942
                  ]
                ]
              ],
              [
                [
                  [
                    -0.14031336383098822,
                    51.48869664141511
                  ],
                  [
                    -0.14029301621835025,
                    51.488696500015855
                  ],
                  [
                    -0.1402927891261157,
                    51.48870916948165
                  ],
                  [
                    -0.14027244151347773,
                    51.48870902808239
                  ],
                  [
                    -0.14027289569794685,
                    51.488683689150804
                  ],
                  [
                    -0.1402932433105848,
                    51.488683830550066
                  ],
                  [
                    -0.14029347040281936,
                    51.48867116108427
                  ],
                  [
                    -0.1403138180154573,
                    51.488671302483525
                  ],
                  [
                    -0.14031336383098822,
                    51.48869664141511
                  ]
                ]
              ],
              [
                [
                  [
                    -0.1402797084649834,
                    51.48830360517701
                  ],
                  [
                    -0.14021866562706947,
                    51.48830318097924
                  ],
                  [
                    -0.1402191198115386,
                    51.48827784204765
                  ],
                  [
                    -0.14023946742417653,
                    51.488277983446906
                  ],
                  [
                    -0.140239240331942,
                    51.4882906529127
                  ],
                  [
                    -0.14027993555721793,
                    51.48829093571121
                  ],
                  [
                    -0.1402797084649834,
                    51.48830360517701
                  ]
                ]
              ]
            ]
          }
        },
        {
          "type": "Feature",
          "id": "region-2",
          "properties": {
            "category": "beyond-repair"
          },
          "geometry": {
            "type": "MultiPolygon",
            "coordinates": [
              [
                [
                  [
                    -0.141758498512753,
                    51.488681341830734
                  ],
                  [
                    -0.14171780328747707,
                    51.488681059032224
                  ],
                  [
                    -0.1417175761952425,
                    51.48869372849801
                  ],
                  [
                    -0.14169722858260456,
                    51.48869358709876
                  ],
                  [
                    -0.14169700149036998,
                    51.488706256564555
                  ],
                  [
                    -0.14167665387773204,
                    51.48870611516529
                  ],
                  [
                    -0.14167642678549747,
                    51.48871878463109
                  ],
                  [
                    -0.14169677439813544,
                    51.488718926030344
                  ],
                  [
                    -0.14169632021366635,
                    51.48874426496193
                  ],
                  [
                    -0.14167597260102838,
                    51.488744123562675
                  ],
                  [
                    -0.14167574550879383,
                    51.48875679302847
                  ],
                  [
                    -0.14165539789615586,
                    51.48875665162921
                  ],
                  [
                    -0.14165517080392132,
                    51.488769321095006
                  ],
                  [
                    -0.14163482319128334,
                    51.48876917969575
                  ],
                  [
                    -0.14163459609904877,
                    51.48878184916154
                  ],
                  [
                    -0.14161424848641083,
                    51.488781707762286
                  ],
                  [
                    -0.1416137943019417,
                    51.48880704669387
                  ],
                  [
                    -0.14159344668930374,
                    51.48880690529462
                  ],
                  [
                    -0.1415927654126001,
                    51.488844913692
                  ],
                  [
                    -0.14155207018732416,
                    51.48884463089348
                  ],
                  [
                    -0.1415522972795587,
                    51.48883196142769
                  ],
                  [
                    -0.14153194966692073,
                    51.48883182002843
                  ],
                  [
                    -0.1415321767591553,
                    51.48881915056264
                  ],
                  [
                    -0.14151182914651733,
                    51.488819009163386
                  ],
                  [
                    -0.14151205623875188,
                    51.48880633969759
                  ],
                  [
                    -0.1414917086261139,
                    51.488806198298334
                  ],
                  [
                    -0.14149216281058302,
                    51.48878085936675
                  ],
                  [
                    -0.14147181519794505,
                    51.488780717967494
                  ],
                  [
                    -0.1414720422901796,
                    51.4887680485017
                  ],
                  [
                    -0.14145169467754162,
                    51.48876790710244
                  ],
                  [
                    -0.1414519217697762,
                    51.488755237636646
                  ],
                  [
                    -0.1414926169950521,
                    51.48875552043516
                  ],
                  [
                    -0.14149238990281757,
                    51.48876818990095
                  ],
                  [
                    -0.1415330851280935,
                    51.48876847269947
                  ],
                  [
                    -0.1415335393125626,
                    51.48874313376788
                  ],
                  [
                    -0.14155388692520057,
                    51.48874327516714
                  ],
                  [
                    -0.14155411401743512,
                    51.48873060570134
                  ],
                  [
                    -0.1415744616300731,
                    51.4887307471006
                  ],
                  [
                    -0.14157423453783854,
                    51.48874341656639
                  ],
                  [
                    -0.14161492976311446,
                    51.4887436993649
                  ],
                  [
                    -0.14161515685534903,
                    51.488731029899114
                  ],
                  [
                    -0.14159480924271106,
                    51.48873088849986
                  ],
                  [
                    -0.1415950363349456,
                    51.48871821903406
                  ],
                  [
                    -0.14153399349703172,
                    51.48871779483629
                  ],
                  [
                    -0.1415344476815008,
                    51.488692455904705
                  ],
                  [
                    -0.14155479529413878,
                    51.48869259730396
                  ],
                  [
                    -0.14155456820190424,
                    51.488705266769756
                  ],
                  [
                    -0.14161561103981812,
                    51.48870569096753
                  ],
                  [
                    -0.14161606522428724,
                    51.48868035203594
                  ],
                  [
                    -0.14163641283692519,
                    51.4886804934352
                  ],
                  [
                    -0.14163663992915976,
                    51.4886678239694
                  ],
                  [
                    -0.1416569875417977,
                    51.488667965368656
                  ],
                  [
                    -0.14165744172626682,
                    51.48864262643707
                  ],
                  [
                    -0.14163709411362885,
                    51.488642485037815
                  ],
                  [
                    -0.1416373212058634,
                    51.488629815572025
                  ],
                  [
                    -0.1415762783679495,
                    51.48862939137425
                  ],
                  [
                    -0.14157695964465317,
                    51.48859138297687
                  ],
                  [
                    -0.14161765486992908,
                    51.48859166577539
                  ],
                  [
                    -0.14161720068546,
                    51.488617004706974
                  ],
                  [
                    -0.1416578959107359,
                    51.488617287505484
                  ],
                  [
                    -0.14165766881850136,
                    51.48862995697128
                  ],
                  [
                    -0.1416983640437773,
                    51.48863023976979
                  ],
                  [
                    -0.14169813695154276,
                    51.48864290923559
                  ],
                  [
                    -0.1416777893389048,
                    51.488642767836325
                  ],
                  [
                    -0.14167733515443567,
                    51.48866810676792
                  ],
                  [
                    -0.14171803037971162,
                    51.48866838956643
                  ],
                  [
                    -0.14171825747194616,
                    51.48865572010063
                  ],
                  [
                    -0.14173860508458413,
                    51.48865586149989
                  ],
                  [
                    -0.1417383779923496,
                    51.48866853096568
                  ],
                  [
                    -0.14175872560498756,
                    51.48866867236494
                  ],
                  [
                    -0.141758498512753,
                    51.488681341830734
                  ]
                ],
                [
                  [
                    -0.14163641283692519,
                    51.4886804934352
                  ],
                  [
                    -0.14163618574469064,
                    51.48869316290099
                  ],
                  [
                    -0.1416565333573286,
                    51.48869330430025
                  ],
                  [
                    -0.14165676044956316,
                    51.48868063483445
                  ],
                  [
                    -0.14163641283692519,
                    51.4886804934352
                  ]
                ],
                [
                  [
                    -0.14157332616890034,
                    51.488794094429565
                  ],
                  [
                    -0.14157355326113488,
                    51.488781424963776
                  ],
                  [
                    -0.1415532056484969,
                    51.488781283564514
                  ],
                  [
                    -0.14155297855626237,
                    51.48879395303031
                  ],
                  [
                    -0.14157332616890034,
                    51.488794094429565
                  ]
                ],
                [
                  [
                    -0.1415326309436244,
                    51.488793811631055
                  ],
                  [
                    -0.14153285803585894,
                    51.48878114216526
                  ],
                  [
                    -0.141512510423221,
                    51.488781000766004
                  ],
                  [
                    -0.14151228333098642,
                    51.4887936702318
                  ],
                  [
                    -0.1415326309436244,
                    51.488793811631055
                  ]
                ]
              ],
              [
                [
                  [
                    -0.1415513889106205,
                    51.488882639290864
                  ],
                  [
                    -0.14146999846006864,
                    51.48888207369384
                  ],
                  [
                    -0.14147022555230318,
                    51.48886940422805
                  ],
                  [
                    -0.14149057316494115,
                    51.4888695456273
                  ],
                  [
                    -0.1414908002571757,
                    51.488856876161506
                  ],
                  [
                    -0.14145010503189978,
                    51.488856593362996
                  ],
                  [
                    -0.14145033212413433,
                    51.4888439238972
                  ],
                  [
                    -0.14142998451149635,
                    51.488843782497945
                  ],
                  [
                    -0.1414302116037309,
                    51.48883111303215
                  ],
                  [
                    -0.14145055921636887,
                    51.48883125443141
                  ],
                  [
                    -0.141451013400838,
                    51.488805915499825
                  ],
                  [
                    -0.1414917086261139,
                    51.488806198298334
                  ],
                  [
                    -0.14149102734941027,
                    51.48884420669572
                  ],
                  [
                    -0.14155207018732416,
                    51.48884463089348
                  ],
                  [
                    -0.1415518430950896,
                    51.48885730035928
                  ],
                  [
                    -0.14153149548245164,
                    51.48885715896002
                  ],
                  [
                    -0.1415312683902171,
                    51.48886982842581
                  ],
                  [
                    -0.14155161600285507,
                    51.48886996982507
                  ],
                  [
                    -0.1415513889106205,
                    51.488882639290864
                  ]
                ]
              ],
              [
                [
                  [
                    -0.14155683912424974,
                    51.48857857211182
                  ],
                  [
                    -0.14153649151161177,
                    51.488578430712565
                  ],
                  [
                    -0.14153626441937722,
                    51.48859110017836
                  ],
                  [
                    -0.14151591680673925,
                    51.488590958779106
                  ],
                  [
                    -0.14151500843780104,
                    51.48864163664228
                  ],
                  [
                    -0.14149466082516307,
                    51.48864149524302
                  ],
                  [
                    -0.1414951150096322,
                    51.48861615631143
                  ],
                  [
                    -0.14145441978435624,
                    51.48861587351292
                  ],
                  [
                    -0.1414546468765908,
                    51.48860320404713
                  ],
                  [
                    -0.14143429926395285,
                    51.48860306264787
                  ],
                  [
                    -0.14143475344842193,
                    51.48857772371628
                  ],
                  [
                    -0.14141440583578396,
                    51.48857758231703
                  ],
                  [
                    -0.1414146329280185,
                    51.48856491285123
                  ],
                  [
                    -0.14143498054065648,
                    51.48856505425049
                  ],
                  [
                    -0.14143520763289102,
                    51.4885523847847
                  ],
                  [
                    -0.141455555245529,
                    51.48855252618395
                  ],
                  [
                    -0.14145578233776357,
                    51.48853985671816
                  ],
                  [
                    -0.1414761299504015,
                    51.48853999811742
                  ],
                  [
                    -0.1414763570426361,
                    51.48852732865162
                  ],
                  [
                    -0.14149670465527403,
                    51.48852747005088
                  ],
                  [
                    -0.14149647756303949,
                    51.48854013951667
                  ],
                  [
                    -0.14153717278831543,
                    51.48854042231519
                  ],
                  [
                    -0.1415367186038463,
                    51.488565761246775
                  ],
                  [
                    -0.14155706621648428,
                    51.48856590264603
                  ],
                  [
                    -0.14155683912424974,
                    51.48857857211182
                  ]
                ],
                [
                  [
                    -0.14151637099120837,
                    51.48856561984751
                  ],
                  [
                    -0.1415165980834429,
                    51.488552950381724
                  ],
                  [
                    -0.14147590285816697,
                    51.48855266758321
                  ],
                  [
                    -0.14147567576593242,
                    51.488565337049
                  ],
                  [
                    -0.14145532815329445,
                    51.48856519564975
                  ],
                  [
                    -0.14145487396882536,
                    51.488590534581334
                  ],
                  [
                    -0.1414752215814633,
                    51.48859067598059
                  ],
                  [
                    -0.14147544867369788,
                    51.4885780065148
                  ],
                  [
                    -0.14149579628633582,
                    51.488578147914055
                  ],
                  [
                    -0.1414960233785704,
                    51.48856547844826
                  ],
                  [
                    -0.14151637099120837,
                    51.48856561984751
                  ]
                ]
              ],
              [
                [
                  [
                    -0.1414763570426361,
                    51.48852732865162
                  ],
                  [
                    -0.14143566181736014,
                    51.48852704585311
                  ],
                  [
                    -0.1414354347251256,
                    51.4885397153189
                  ],
                  [
                    -0.14141508711248763,
                    51.488539573919645
                  ],
                  [
                    -0.14141486002025308,
                    51.48855224338544
                  ],
                  [
                    -0.1413945124076151,
                    51.48855210198619
                  ],
                  [
                    -0.14139428531538056,
                    51.488564771451976
                  ],
                  [
                    -0.14135359009010462,
                    51.488564488653466
                  ],
                  [
                    -0.14135336299787007,
                    51.488577158119256
                  ],
                  [
                    -0.1413330153852321,
                    51.48857701672
                  ],
                  [
                    -0.14133369666193576,
                    51.48853900832262
                  ],
                  [
                    -0.1413133490492978,
                    51.48853886692336
                  ],
                  [
                    -0.14131357614153234,
                    51.488526197457574
                  ],
                  [
                    -0.1413339237541703,
                    51.48852633885683
                  ],
                  [
                    -0.14133415084640485,
                    51.48851366939103
                  ],
                  [
                    -0.1413748460716808,
                    51.48851395218955
                  ],
                  [
                    -0.14137507316391534,
                    51.48850128272375
                  ],
                  [
                    -0.14139542077655332,
                    51.48850142412301
                  ],
                  [
                    -0.14139519368431874,
                    51.488514093588805
                  ],
                  [
                    -0.14141554129695671,
                    51.48851423498806
                  ],
                  [
                    -0.1414157683891913,
                    51.48850156552227
                  ],
                  [
                    -0.14143611600182923,
                    51.488501706921525
                  ],
                  [
                    -0.1414358889095947,
                    51.488514376387315
                  ],
                  [
                    -0.14147658413487063,
                    51.48851465918583
                  ],
                  [
                    -0.1414763570426361,
                    51.48852732865162
                  ]
                ],
                [
                  [
                    -0.1413945124076151,
                    51.48855210198619
                  ],
                  [
                    -0.14139473949984965,
                    51.48853943252039
                  ],
                  [
                    -0.14137439188721168,
                    51.488539291121135
                  ],
                  [
                    -0.14137416479497714,
                    51.488551960586925
                  ],
                  [
                    -0.1413945124076151,
                    51.48855210198619
                  ]
                ]
              ],
              [
                [
                  [
                    -0.14148158016403076,
                    51.48823593093837
                  ],
                  [
                    -0.14146123255139278,
                    51.48823578953912
                  ],
                  [
                    -0.14146100545915824,
                    51.488248459004915
                  ],
                  [
                    -0.14144065784652027,
                    51.48824831760566
                  ],
                  [
                    -0.14144020366205118,
                    51.488273656537245
                  ],
                  [
                    -0.1414198560494132,
                    51.48827351513798
                  ],
                  [
                    -0.14142008314164775,
                    51.488260845672194
                  ],
                  [
                    -0.14139973552900978,
                    51.48826070427294
                  ],
                  [
                    -0.1413992813445407,
                    51.488286043204525
                  ],
                  [
                    -0.14137893373190272,
                    51.48828590180527
                  ],
                  [
                    -0.14137916082413726,
                    51.48827323233947
                  ],
                  [
                    -0.14133846559886132,
                    51.48827294954096
                  ],
                  [
                    -0.14133891978333044,
                    51.48824761060938
                  ],
                  [
                    -0.1412982245580545,
                    51.48824732781086
                  ],
                  [
                    -0.14129845165028906,
                    51.48823465834507
                  ],
                  [
                    -0.1412781040376511,
                    51.48823451694581
                  ],
                  [
                    -0.14127855822212018,
                    51.48820917801422
                  ],
                  [
                    -0.14129890583475815,
                    51.48820931941348
                  ],
                  [
                    -0.1412991329269927,
                    51.48819664994769
                  ],
                  [
                    -0.14131948053963067,
                    51.488196791346944
                  ],
                  [
                    -0.14131970763186522,
                    51.488184121881154
                  ],
                  [
                    -0.14129936001922724,
                    51.48818398048189
                  ],
                  [
                    -0.14129958711146182,
                    51.4881713110161
                  ],
                  [
                    -0.1413199347240998,
                    51.48817145241536
                  ],
                  [
                    -0.14132016181633433,
                    51.48815878294956
                  ],
                  [
                    -0.1414015522668862,
                    51.48815934854659
                  ],
                  [
                    -0.14140132517465165,
                    51.488172018012385
                  ],
                  [
                    -0.1413606299493757,
                    51.48817173521387
                  ],
                  [
                    -0.14136040285714116,
                    51.488184404679664
                  ],
                  [
                    -0.1414010980824171,
                    51.488184687478174
                  ],
                  [
                    -0.14140087099018253,
                    51.48819735694397
                  ],
                  [
                    -0.1414212186028205,
                    51.488197498343226
                  ],
                  [
                    -0.14142099151058596,
                    51.48821016780902
                  ],
                  [
                    -0.14144133912322393,
                    51.48821030920828
                  ],
                  [
                    -0.14144111203098939,
                    51.48822297867407
                  ],
                  [
                    -0.1414818072562653,
                    51.488223261472584
                  ],
                  [
                    -0.14148158016403076,
                    51.48823593093837
                  ]
                ],
                [
                  [
                    -0.14131948053963067,
                    51.488196791346944
                  ],
                  [
                    -0.14131902635516158,
                    51.48822213027853
                  ],
                  [
                    -0.14133937396779953,
                    51.488222271677785
                  ],
                  [
                    -0.14133982815226864,
                    51.4881969327462
                  ],
                  [
                    -0.14131948053963067,
                    51.488196791346944
                  ]
                ],
                [
                  [
                    -0.14142099151058596,
                    51.48821016780902
                  ],
                  [
                    -0.14138029628531001,
                    51.488209885010505
                  ],
                  [
                    -0.14138006919307547,
                    51.4882225544763
                  ],
                  [
                    -0.1414207644183514,
                    51.48822283727481
                  ],
                  [
                    -0.14142099151058596,
                    51.48821016780902
                  ]
                ]
              ],
              [
                [
                  [
                    -0.14137007713475522,
                    51.48878001097121
                  ],
                  [
                    -0.14134972952211725,
                    51.48877986957195
                  ],
                  [
                    -0.14134927533764813,
                    51.488805208503535
                  ],
                  [
                    -0.14132892772501018,
                    51.48880506710428
                  ],
                  [
                    -0.1413287006327756,
                    51.48881773657008
                  ],
                  [
                    -0.14134904824541358,
                    51.48881787796933
                  ],
                  [
                    -0.14134882115317904,
                    51.48883054743513
                  ],
                  [
                    -0.14126743070262718,
                    51.4888299818381
                  ],
                  [
                    -0.14126788488709627,
                    51.488804642906516
                  ],
                  [
                    -0.14120684204918238,
                    51.488804218708744
                  ],
                  [
                    -0.14120729623365147,
                    51.48877887977716
                  ],
                  [
                    -0.14116660100837553,
                    51.48877859697864
                  ],
                  [
                    -0.1411668281006101,
                    51.48876592751285
                  ],
                  [
                    -0.14114648048797213,
                    51.488765786113596
                  ],
                  [
                    -0.14114693467244122,
                    51.48874044718201
                  ],
                  [
                    -0.1411672822850792,
                    51.488740588581265
                  ],
                  [
                    -0.14116796356178285,
                    51.48870258018388
                  ],
                  [
                    -0.14120865878705877,
                    51.4887028629824
                  ],
                  [
                    -0.14120888587929334,
                    51.488690193516604
                  ],
                  [
                    -0.14124958110456926,
                    51.488690476315114
                  ],
                  [
                    -0.14124912692010017,
                    51.4887158152467
                  ],
                  [
                    -0.14133051737065203,
                    51.48871638084373
                  ],
                  [
                    -0.1413298360939484,
                    51.48875438924111
                  ],
                  [
                    -0.1413705313192243,
                    51.48875467203962
                  ],
                  [
                    -0.14137007713475522,
                    51.48878001097121
                  ]
                ],
                [
                  [
                    -0.1413090342968413,
                    51.48877958677344
                  ],
                  [
                    -0.14130926138907585,
                    51.48876691730764
                  ],
                  [
                    -0.14126856616379993,
                    51.48876663450913
                  ],
                  [
                    -0.14126833907156539,
                    51.48877930397493
                  ],
                  [
                    -0.1413090342968413,
                    51.48877958677344
                  ]
                ],
                [
                  [
                    -0.14130971557354496,
                    51.48874157837606
                  ],
                  [
                    -0.1413099426657795,
                    51.48872890891027
                  ],
                  [
                    -0.14128959505314154,
                    51.488728767511006
                  ],
                  [
                    -0.141289367960907,
                    51.4887414369768
                  ],
                  [
                    -0.14130971557354496,
                    51.48874157837606
                  ]
                ]
              ],
              [
                [
                  [
                    -0.1409921019995468,
                    51.488295884685186
                  ],
                  [
                    -0.14097175438690882,
                    51.48829574328593
                  ],
                  [
                    -0.14097152729467427,
                    51.48830841275173
                  ],
                  [
                    -0.1409511796820363,
                    51.488308271352466
                  ],
                  [
                    -0.14095140677427084,
                    51.488295601886676
                  ],
                  [
                    -0.14091071154899493,
                    51.48829531908816
                  ],
                  [
                    -0.1409102573645258,
                    51.48832065801975
                  ],
                  [
                    -0.14093060497716378,
                    51.48832079941901
                  ],
                  [
                    -0.14093015079269466,
                    51.48834613835059
                  ],
                  [
                    -0.14090980318005672,
                    51.48834599695134
                  ],
                  [
                    -0.14091003027229126,
                    51.48833332748554
                  ],
                  [
                    -0.1408896826596533,
                    51.48833318608629
                  ],
                  [
                    -0.14088990975188784,
                    51.48832051662049
                  ],
                  [
                    -0.14086956213924987,
                    51.488320375221235
                  ],
                  [
                    -0.14086933504701532,
                    51.48833304468703
                  ],
                  [
                    -0.14084898743437735,
                    51.48833290328777
                  ],
                  [
                    -0.1408487603421428,
                    51.488345572753566
                  ],
                  [
                    -0.14082841272950483,
                    51.48834543135431
                  ],
                  [
                    -0.1408281856372703,
                    51.4883581008201
                  ],
                  [
                    -0.14084853324990826,
                    51.48835824221936
                  ],
                  [
                    -0.1408483061576737,
                    51.48837091168515
                  ],
                  [
                    -0.14082795854503574,
                    51.4883707702859
                  ],
                  [
                    -0.1408277314528012,
                    51.48838343975169
                  ],
                  [
                    -0.14080738384016322,
                    51.48838329835243
                  ],
                  [
                    -0.14080761093239777,
                    51.48837062888664
                  ],
                  [
                    -0.14076691570712183,
                    51.488370346088125
                  ],
                  [
                    -0.14076668861488728,
                    51.48838301555392
                  ],
                  [
                    -0.14078703622752525,
                    51.48838315695318
                  ],
                  [
                    -0.1407868091352907,
                    51.48839582641897
                  ],
                  [
                    -0.14076646152265274,
                    51.48839568501971
                  ],
                  [
                    -0.1407662344304182,
                    51.48840835448551
                  ],
                  [
                    -0.14078658204305614,
                    51.48840849588476
                  ],
                  [
                    -0.1407863549508216,
                    51.48842116535056
                  ],
                  [
                    -0.14076600733818362,
                    51.488421023951304
                  ],
                  [
                    -0.14076578024594907,
                    51.48843369341709
                  ],
                  [
                    -0.14072508502067316,
                    51.48843341061858
                  ],
                  [
                    -0.14072463083620404,
                    51.48845874955017
                  ],
                  [
                    -0.140744978448842,
                    51.488458890949424
                  ],
                  [
                    -0.1407445242643729,
                    51.48848422988101
                  ],
                  [
                    -0.14072417665173495,
                    51.488484088481755
                  ],
                  [
                    -0.1407244037439695,
                    51.48847141901596
                  ],
                  [
                    -0.14068370851869355,
                    51.48847113621745
                  ],
                  [
                    -0.14068325433422446,
                    51.488496475149034
                  ],
                  [
                    -0.1406629067215865,
                    51.48849633374978
                  ],
                  [
                    -0.14066267962935194,
                    51.48850900321557
                  ],
                  [
                    -0.140621984404076,
                    51.48850872041706
                  ],
                  [
                    -0.14062221149631055,
                    51.48849605095126
                  ],
                  [
                    -0.14060186388367257,
                    51.48849590955201
                  ],
                  [
                    -0.14060209097590715,
                    51.48848324008622
                  ],
                  [
                    -0.14058174336326917,
                    51.488483098686956
                  ],
                  [
                    -0.14058219754773826,
                    51.48845775975537
                  ],
                  [
                    -0.1405618499351003,
                    51.488457618356115
                  ],
                  [
                    -0.14056207702733486,
                    51.488444948890326
                  ],
                  [
                    -0.14060277225261078,
                    51.488445231688836
                  ],
                  [
                    -0.14060345352931444,
                    51.48840722329145
                  ],
                  [
                    -0.1406441487545904,
                    51.48840750608997
                  ],
                  [
                    -0.14064437584682493,
                    51.488394836624174
                  ],
                  [
                    -0.1406647234594629,
                    51.48839497802343
                  ],
                  [
                    -0.14066495055169745,
                    51.48838230855764
                  ],
                  [
                    -0.14068529816433542,
                    51.488382449956895
                  ],
                  [
                    -0.14068552525656997,
                    51.4883697804911
                  ],
                  [
                    -0.14070587286920794,
                    51.48836992189036
                  ],
                  [
                    -0.14070632705367703,
                    51.488344582958774
                  ],
                  [
                    -0.140726674666315,
                    51.48834472435803
                  ],
                  [
                    -0.14072712885078412,
                    51.48831938542644
                  ],
                  [
                    -0.14074747646342206,
                    51.4883195268257
                  ],
                  [
                    -0.14074770355565663,
                    51.4883068573599
                  ],
                  [
                    -0.1407680511682946,
                    51.488306998759164
                  ],
                  [
                    -0.1407685053527637,
                    51.48828165982757
                  ],
                  [
                    -0.14080920057803964,
                    51.48828194262609
                  ],
                  [
                    -0.14080965476250873,
                    51.4882566036945
                  ],
                  [
                    -0.14085034998778467,
                    51.48825688649301
                  ],
                  [
                    -0.14085057708001922,
                    51.48824421702722
                  ],
                  [
                    -0.14091161991793313,
                    51.48824464122499
                  ],
                  [
                    -0.14091139282569856,
                    51.488257310690784
                  ],
                  [
                    -0.14093174043833653,
                    51.48825745209004
                  ],
                  [
                    -0.140931513346102,
                    51.48827012155583
                  ],
                  [
                    -0.14095186095873996,
                    51.48827026295509
                  ],
                  [
                    -0.1409516338665054,
                    51.48828293242088
                  ],
                  [
                    -0.14099232909178133,
                    51.4882832152194
                  ],
                  [
                    -0.1409921019995468,
                    51.488295884685186
                  ]
                ],
                [
                  [
                    -0.14087001632371898,
                    51.48829503628965
                  ],
                  [
                    -0.14087024341595353,
                    51.48828236682385
                  ],
                  [
                    -0.14084989580331556,
                    51.4882822254246
                  ],
                  [
                    -0.140849668711081,
                    51.488294894890394
                  ],
                  [
                    -0.14087001632371898,
                    51.48829503628965
                  ]
                ],
                [
                  [
                    -0.14080851930133598,
                    51.48831995102346
                  ],
                  [
                    -0.14080874639357052,
                    51.488307281557674
                  ],
                  [
                    -0.14078839878093255,
                    51.48830714015842
                  ],
                  [
                    -0.140788171688698,
                    51.48831980962421
                  ],
                  [
                    -0.14080851930133598,
                    51.48831995102346
                  ]
                ],
                [
                  [
                    -0.14074656809448388,
                    51.48837020468887
                  ],
                  [
                    -0.14074679518671843,
                    51.48835753522308
                  ],
                  [
                    -0.14072644757408045,
                    51.48835739382382
                  ],
                  [
                    -0.1407262204818459,
                    51.488370063289615
                  ],
                  [
                    -0.14074656809448388,
                    51.48837020468887
                  ]
                ],
                [
                  [
                    -0.1407253121129077,
                    51.48842074115279
                  ],
                  [
                    -0.14072553920514225,
                    51.488408071687
                  ],
                  [
                    -0.14070519159250428,
                    51.488407930287735
                  ],
                  [
                    -0.14070496450026973,
                    51.48842059975353
                  ],
                  [
                    -0.1407253121129077,
                    51.48842074115279
                  ]
                ],
                [
                  [
                    -0.14066313381382103,
                    51.48848366428398
                  ],
                  [
                    -0.14066336090605558,
                    51.488470994818194
                  ],
                  [
                    -0.14062266568077966,
                    51.48847071201968
                  ],
                  [
                    -0.1406224385885451,
                    51.48848338148547
                  ],
                  [
                    -0.14066313381382103,
                    51.48848366428398
                  ]
                ]
              ],
              [
                [
                  [
                    -0.1407234953750313,
                    51.48852209687914
                  ],
                  [
                    -0.14070314776239332,
                    51.488521955479875
                  ],
                  [
                    -0.14070292067015877,
                    51.48853462494567
                  ],
                  [
                    -0.1406825730575208,
                    51.48853448354642
                  ],
                  [
                    -0.14068280014975534,
                    51.48852181408062
                  ],
                  [
                    -0.14066245253711737,
                    51.488521672681365
                  ],
                  [
                    -0.14066267962935194,
                    51.48850900321557
                  ],
                  [
                    -0.1406830272419899,
                    51.48850914461483
                  ],
                  [
                    -0.14068325433422446,
                    51.488496475149034
                  ],
                  [
                    -0.14070360194686243,
                    51.48849661654829
                  ],
                  [
                    -0.14070337485462786,
                    51.488509286014086
                  ],
                  [
                    -0.14072372246726583,
                    51.48850942741334
                  ],
                  [
                    -0.1407234953750313,
                    51.48852209687914
                  ]
                ]
              ],
              [
                [
                  [
                    -0.14058696648466384,
                    51.488191700973715
                  ],
                  [
                    -0.14056661887202587,
                    51.48819155957445
                  ],
                  [
                    -0.14056616468755678,
                    51.48821689850604
                  ],
                  [
                    -0.1405458170749188,
                    51.488216757106784
                  ],
                  [
                    -0.14054558998268427,
                    51.48822942657258
                  ],
                  [
                    -0.1405252423700463,
                    51.488229285173325
                  ],
                  [
                    -0.14052501527781175,
                    51.488241954639115
                  ],
                  [
                    -0.14050466766517378,
                    51.48824181323986
                  ],
                  [
                    -0.14050444057293923,
                    51.488254482705656
                  ],
                  [
                    -0.14048409296030126,
                    51.488254341306394
                  ],
                  [
                    -0.1404834116835976,
                    51.48829234970378
                  ],
                  [
                    -0.14046306407095963,
                    51.48829220830452
                  ],
                  [
                    -0.1404632911631942,
                    51.488279538838725
                  ],
                  [
                    -0.14042259593791825,
                    51.488279256040215
                  ],
                  [
                    -0.1404228230301528,
                    51.48826658657442
                  ],
                  [
                    -0.14040247541751483,
                    51.488266445175164
                  ],
                  [
                    -0.1404027025097494,
                    51.488253775709374
                  ],
                  [
                    -0.14042305012238734,
                    51.48825391710863
                  ],
                  [
                    -0.14042327721462192,
                    51.48824124764283
                  ],
                  [
                    -0.14044362482725986,
                    51.48824138904209
                  ],
                  [
                    -0.14044407901172898,
                    51.4882160501105
                  ],
                  [
                    -0.14046442662436695,
                    51.48821619150976
                  ],
                  [
                    -0.14046488080883604,
                    51.48819085257817
                  ],
                  [
                    -0.14044453319619807,
                    51.488190711178916
                  ],
                  [
                    -0.14044476028843264,
                    51.48817804171313
                  ],
                  [
                    -0.14046510790107058,
                    51.48817818311238
                  ],
                  [
                    -0.14046533499330516,
                    51.488165513646585
                  ],
                  [
                    -0.14050603021858107,
                    51.4881657964451
                  ],
                  [
                    -0.14050671149528474,
                    51.48812778804772
                  ],
                  [
                    -0.1405270591079227,
                    51.488127929446975
                  ],
                  [
                    -0.1405266049234536,
                    51.48815326837856
                  ],
                  [
                    -0.14054695253609156,
                    51.488153409777816
                  ],
                  [
                    -0.1405471796283261,
                    51.488140740312026
                  ],
                  [
                    -0.14056752724096408,
                    51.48814088171128
                  ],
                  [
                    -0.14056730014872953,
                    51.48815355117708
                  ],
                  [
                    -0.1405876477613675,
                    51.48815369257633
                  ],
                  [
                    -0.14058696648466384,
                    51.488191700973715
                  ]
                ],
                [
                  [
                    -0.1405458170749188,
                    51.488216757106784
                  ],
                  [
                    -0.14054604416715336,
                    51.488204087640995
                  ],
                  [
                    -0.14052569655451538,
                    51.48820394624174
                  ],
                  [
                    -0.14052546946228084,
                    51.48821661570753
                  ],
                  [
                    -0.1405458170749188,
                    51.488216757106784
                  ]
                ],
                [
                  [
                    -0.14046442662436695,
                    51.48821619150976
                  ],
                  [
                    -0.1404641995321324,
                    51.48822886097555
                  ],
                  [
                    -0.14048454714477035,
                    51.48822900237481
                  ],
                  [
                    -0.14048477423700492,
                    51.48821633290902
                  ],
                  [
                    -0.14046442662436695,
                    51.48821619150976
                  ]
                ],
                [
                  [
                    -0.14050534894187744,
                    51.48820380484248
                  ],
                  [
                    -0.14050557603411198,
                    51.48819113537669
                  ],
                  [
                    -0.140485228421474,
                    51.48819099397743
                  ],
                  [
                    -0.14048500132923947,
                    51.48820366344322
                  ],
                  [
                    -0.14050534894187744,
                    51.48820380484248
                  ]
                ]
              ]
            ]
          }
        },
        {
          "type": "Feature",
          "id": "region-1",
          "properties": {
            "category": "destroyed"
          },
          "geometry": {
            "type": "MultiPolygon",
            "coordinates": [
              [
                [
                  [
                    -0.1413753002561499,
                    51.488488613257964
                  ],
                  [
                    -0.14135495264351192,
                    51.4884884718587
                  ],
                  [
                    -0.14135472555127737,
                    51.4885011413245
                  ],
                  [
                    -0.1413343779386394,
                    51.48850099992524
                  ],
                  [
                    -0.14133415084640485,
                    51.48851366939103
                  ],
                  [
                    -0.14131380323376688,
                    51.48851352799178
                  ],
                  [
                    -0.1413133490492978,
                    51.48853886692336
                  ],
                  [
                    -0.14129300143665982,
                    51.48853872552411
                  ],
                  [
                    -0.14129277434442528,
                    51.488551394989905
                  ],
                  [
                    -0.14125207911914933,
                    51.48855111219139
                  ],
                  [
                    -0.14125230621138388,
                    51.4885384427256
                  ],
                  [
                    -0.14127265382402185,
                    51.48853858412485
                  ],
                  [
                    -0.14127310800849097,
                    51.48851324519327
                  ],
                  [
                    -0.14123241278321502,
                    51.48851296239475
                  ],
                  [
                    -0.14123218569098048,
                    51.48852563186055
                  ],
                  [
                    -0.14119149046570453,
                    51.48852534906203
                  ],
                  [
                    -0.14119171755793908,
                    51.48851267959624
                  ],
                  [
                    -0.14121206517057705,
                    51.488512820995496
                  ],
                  [
                    -0.14121251935504614,
                    51.48848748206391
                  ],
                  [
                    -0.14117182412977022,
                    51.4884871992654
                  ],
                  [
                    -0.14117159703753568,
                    51.48849986873119
                  ],
                  [
                    -0.14113090181225973,
                    51.48849958593268
                  ],
                  [
                    -0.14113112890449428,
                    51.48848691646688
                  ],
                  [
                    -0.14115147651713225,
                    51.48848705786614
                  ],
                  [
                    -0.14115215779383591,
                    51.48844904946876
                  ],
                  [
                    -0.14113181018119794,
                    51.4884489080695
                  ],
                  [
                    -0.1411315830889634,
                    51.4884615775353
                  ],
                  [
                    -0.14111123547632543,
                    51.48846143613604
                  ],
                  [
                    -0.14111100838409088,
                    51.48847410560183
                  ],
                  [
                    -0.14107031315881494,
                    51.48847382280332
                  ],
                  [
                    -0.14107054025104948,
                    51.488461153337525
                  ],
                  [
                    -0.14109088786368745,
                    51.48846129473679
                  ],
                  [
                    -0.141091114955922,
                    51.48844862527099
                  ],
                  [
                    -0.14111146256855997,
                    51.488448766670246
                  ],
                  [
                    -0.14111168966079451,
                    51.488436097204456
                  ],
                  [
                    -0.14109134204815654,
                    51.488435955805194
                  ],
                  [
                    -0.14109156914039112,
                    51.488423286339405
                  ],
                  [
                    -0.14107122152775314,
                    51.48842314494015
                  ],
                  [
                    -0.1410709944355186,
                    51.48843581440594
                  ],
                  [
                    -0.14105064682288063,
                    51.488435673006684
                  ],
                  [
                    -0.14105041973064608,
                    51.48844834247248
                  ],
                  [
                    -0.14100972450537014,
                    51.48844805967396
                  ],
                  [
                    -0.14100995159760468,
                    51.488435390208174
                  ],
                  [
                    -0.14103029921024265,
                    51.48843553160743
                  ],
                  [
                    -0.14103098048694632,
                    51.48839752321005
                  ],
                  [
                    -0.14101063287430834,
                    51.48839738181079
                  ],
                  [
                    -0.1410108599665429,
                    51.488384712344995
                  ],
                  [
                    -0.14097016474126695,
                    51.488384429546485
                  ],
                  [
                    -0.14097039183350152,
                    51.48837176008069
                  ],
                  [
                    -0.14095004422086355,
                    51.488371618681434
                  ],
                  [
                    -0.1409502713130981,
                    51.488358949215645
                  ],
                  [
                    -0.14099096653837404,
                    51.488359232014155
                  ],
                  [
                    -0.14099119363060858,
                    51.48834656254836
                  ],
                  [
                    -0.1409708460179706,
                    51.4883464211491
                  ],
                  [
                    -0.14097152729467427,
                    51.48830841275173
                  ],
                  [
                    -0.14099187490731224,
                    51.48830855415098
                  ],
                  [
                    -0.1409921019995468,
                    51.488295884685186
                  ],
                  [
                    -0.14101244961218476,
                    51.48829602608444
                  ],
                  [
                    -0.1410126767044193,
                    51.48828335661865
                  ],
                  [
                    -0.14103302431705728,
                    51.48828349801791
                  ],
                  [
                    -0.14103257013258816,
                    51.48830883694949
                  ],
                  [
                    -0.14105291774522613,
                    51.48830897834875
                  ],
                  [
                    -0.14105269065299159,
                    51.488321647814544
                  ],
                  [
                    -0.14107303826562956,
                    51.4883217892138
                  ],
                  [
                    -0.141072811173395,
                    51.488334458679596
                  ],
                  [
                    -0.14109315878603296,
                    51.48833460007885
                  ],
                  [
                    -0.1410929316937984,
                    51.48834726954465
                  ],
                  [
                    -0.14115397453171233,
                    51.48834769374241
                  ],
                  [
                    -0.1411535203472432,
                    51.488373032674
                  ],
                  [
                    -0.14121456318515713,
                    51.48837345687177
                  ],
                  [
                    -0.141214109000688,
                    51.488398795803356
                  ],
                  [
                    -0.14123445661332598,
                    51.48839893720261
                  ],
                  [
                    -0.14123422952109144,
                    51.48841160666841
                  ],
                  [
                    -0.1412545771337294,
                    51.48841174806766
                  ],
                  [
                    -0.14125480422596395,
                    51.488399078601866
                  ],
                  [
                    -0.14127515183860193,
                    51.48839922000113
                  ],
                  [
                    -0.14127447056189826,
                    51.4884372283985
                  ],
                  [
                    -0.1413151657871742,
                    51.48843751119702
                  ],
                  [
                    -0.14131493869493963,
                    51.48845018066281
                  ],
                  [
                    -0.1413352863075776,
                    51.48845032206207
                  ],
                  [
                    -0.14133505921534306,
                    51.48846299152786
                  ],
                  [
                    -0.141375754440619,
                    51.48846327432638
                  ],
                  [
                    -0.1413753002561499,
                    51.488488613257964
                  ]
                ],
                [
                  [
                    -0.14113226436566703,
                    51.488423569137915
                  ],
                  [
                    -0.1411324914579016,
                    51.488410899672125
                  ],
                  [
                    -0.14111214384526363,
                    51.48841075827287
                  ],
                  [
                    -0.1411119167530291,
                    51.48842342773866
                  ],
                  [
                    -0.14113226436566703,
                    51.488423569137915
                  ]
                ]
              ],
              [
                [
                  [
                    -0.14120888587929334,
                    51.488690193516604
                  ],
                  [
                    -0.1411681906540174,
                    51.488689910718094
                  ],
                  [
                    -0.1411677364695483,
                    51.48871524964968
                  ],
                  [
                    -0.14114738885691033,
                    51.48871510825042
                  ],
                  [
                    -0.1411471617646758,
                    51.488727777716214
                  ],
                  [
                    -0.14112681415203782,
                    51.48872763631696
                  ],
                  [
                    -0.1411263599675687,
                    51.488752975248545
                  ],
                  [
                    -0.14110601235493073,
                    51.48875283384929
                  ],
                  [
                    -0.14110646653939984,
                    51.488727494917704
                  ],
                  [
                    -0.14108611892676187,
                    51.48872735351844
                  ],
                  [
                    -0.141086573111231,
                    51.488702014586856
                  ],
                  [
                    -0.14104587788595505,
                    51.488701731788346
                  ],
                  [
                    -0.1410461049781896,
                    51.48868906232255
                  ],
                  [
                    -0.1409850621402757,
                    51.488688638124785
                  ],
                  [
                    -0.1409855163247448,
                    51.4886632991932
                  ],
                  [
                    -0.14096516871210682,
                    51.48866315779394
                  ],
                  [
                    -0.14096539580434136,
                    51.48865048832815
                  ],
                  [
                    -0.14094504819170342,
                    51.48865034692889
                  ],
                  [
                    -0.14094482109946885,
                    51.48866301639468
                  ],
                  [
                    -0.1409244734868309,
                    51.48866287499543
                  ],
                  [
                    -0.1409249276713,
                    51.48863753606384
                  ],
                  [
                    -0.14090458005866202,
                    51.488637394664586
                  ],
                  [
                    -0.14090480715089657,
                    51.48862472519879
                  ],
                  [
                    -0.14088445953825862,
                    51.488624583799535
                  ],
                  [
                    -0.14088423244602405,
                    51.488637253265324
                  ],
                  [
                    -0.1408638848333861,
                    51.48863711186607
                  ],
                  [
                    -0.1408643390178552,
                    51.48861177293448
                  ],
                  [
                    -0.14084399140521722,
                    51.48861163153523
                  ],
                  [
                    -0.14084421849745177,
                    51.48859896206943
                  ],
                  [
                    -0.14080352327217585,
                    51.48859867927092
                  ],
                  [
                    -0.1408037503644104,
                    51.488586009805125
                  ],
                  [
                    -0.14078340275177242,
                    51.48858586840587
                  ],
                  [
                    -0.14078362984400697,
                    51.48857319894008
                  ],
                  [
                    -0.14074293461873105,
                    51.488572916141564
                  ],
                  [
                    -0.14074338880320014,
                    51.48854757720998
                  ],
                  [
                    -0.14072304119056217,
                    51.48854743581072
                  ],
                  [
                    -0.14072326828279674,
                    51.48853476634493
                  ],
                  [
                    -0.1407436158954347,
                    51.48853490774418
                  ],
                  [
                    -0.14074384298766926,
                    51.48852223827839
                  ],
                  [
                    -0.14076419060030723,
                    51.48852237967765
                  ],
                  [
                    -0.14076441769254178,
                    51.48850971021185
                  ],
                  [
                    -0.14078476530517975,
                    51.48850985161111
                  ],
                  [
                    -0.1407849923974143,
                    51.488497182145316
                  ],
                  [
                    -0.14080534001005227,
                    51.48849732354457
                  ],
                  [
                    -0.1408051129178177,
                    51.48850999301037
                  ],
                  [
                    -0.14082546053045567,
                    51.48851013440962
                  ],
                  [
                    -0.1408256876226902,
                    51.48849746494383
                  ],
                  [
                    -0.14084603523532818,
                    51.48849760634309
                  ],
                  [
                    -0.14084626232756275,
                    51.48848493687729
                  ],
                  [
                    -0.1408666099402007,
                    51.48848507827655
                  ],
                  [
                    -0.14086592866349706,
                    51.48852308667393
                  ],
                  [
                    -0.14090662388877298,
                    51.488523369472446
                  ],
                  [
                    -0.1409070780732421,
                    51.48849803054085
                  ],
                  [
                    -0.14092742568588007,
                    51.488498171940115
                  ],
                  [
                    -0.1409271985936455,
                    51.488510841405905
                  ],
                  [
                    -0.14094754620628347,
                    51.48851098280516
                  ],
                  [
                    -0.14094731911404892,
                    51.488523652270956
                  ],
                  [
                    -0.14092697150141095,
                    51.4885235108717
                  ],
                  [
                    -0.1409262902247073,
                    51.488561519269076
                  ],
                  [
                    -0.14094663783734526,
                    51.48856166066834
                  ],
                  [
                    -0.14094709202181438,
                    51.488536321736746
                  ],
                  [
                    -0.1409877872470903,
                    51.48853660453526
                  ],
                  [
                    -0.14098756015485575,
                    51.48854927400105
                  ],
                  [
                    -0.14096721254221778,
                    51.4885491326018
                  ],
                  [
                    -0.1409667583577487,
                    51.48857447153338
                  ],
                  [
                    -0.14102780119566258,
                    51.488574895731155
                  ],
                  [
                    -0.14102802828789715,
                    51.48856222626536
                  ],
                  [
                    -0.1410483759005351,
                    51.48856236766462
                  ],
                  [
                    -0.141047921716066,
                    51.488587706596206
                  ],
                  [
                    -0.14102757410342803,
                    51.48858756519695
                  ],
                  [
                    -0.14102711991895894,
                    51.48861290412854
                  ],
                  [
                    -0.14104746753159692,
                    51.48861304552779
                  ],
                  [
                    -0.14104769462383146,
                    51.488600376061996
                  ],
                  [
                    -0.14108838984910738,
                    51.48860065886051
                  ],
                  [
                    -0.14108861694134195,
                    51.488587989394716
                  ],
                  [
                    -0.1411089645539799,
                    51.48858813079397
                  ],
                  [
                    -0.1411085103695108,
                    51.488613469725564
                  ],
                  [
                    -0.14108816275687283,
                    51.4886133283263
                  ],
                  [
                    -0.14108770857240374,
                    51.48863866725789
                  ],
                  [
                    -0.14112840379767966,
                    51.488638950056405
                  ],
                  [
                    -0.14112863088991423,
                    51.48862628059061
                  ],
                  [
                    -0.14114897850255217,
                    51.48862642198987
                  ],
                  [
                    -0.14114920559478675,
                    51.488613752524074
                  ],
                  [
                    -0.1411695532074247,
                    51.48861389392333
                  ],
                  [
                    -0.1411690990229556,
                    51.488639232854915
                  ],
                  [
                    -0.14114875141031763,
                    51.48863909145566
                  ],
                  [
                    -0.14114829722584854,
                    51.488664430387246
                  ],
                  [
                    -0.14120934006376243,
                    51.48866485458502
                  ],
                  [
                    -0.14120888587929334,
                    51.488690193516604
                  ]
                ],
                [
                  [
                    -0.1410461049781896,
                    51.48868906232255
                  ],
                  [
                    -0.14106645259082756,
                    51.488689203721805
                  ],
                  [
                    -0.1410666796830621,
                    51.488676534256015
                  ],
                  [
                    -0.14104633207042414,
                    51.48867639285676
                  ],
                  [
                    -0.1410461049781896,
                    51.48868906232255
                  ]
                ]
              ],
              [
                [
                  [
                    -0.1405783369797509,
                    51.48867314067386
                  ],
                  [
                    -0.14055798936711292,
                    51.488672999274606
                  ],
                  [
                    -0.14055776227487837,
                    51.488685668740395
                  ],
                  [
                    -0.14051706704960246,
                    51.488685385941885
                  ],
                  [
                    -0.140517294141837,
                    51.48867271647609
                  ],
                  [
                    -0.14049694652919903,
                    51.48867257507683
                  ],
                  [
                    -0.14049717362143357,
                    51.488659905611044
                  ],
                  [
                    -0.14043613078351969,
                    51.48865948141327
                  ],
                  [
                    -0.14043635787575423,
                    51.488646811947476
                  ],
                  [
                    -0.1403956626504783,
                    51.488646529148966
                  ],
                  [
                    -0.14039588974271283,
                    51.48863385968317
                  ],
                  [
                    -0.1403755421300749,
                    51.488633718283914
                  ],
                  [
                    -0.14037622340677852,
                    51.48859570988653
                  ],
                  [
                    -0.14035587579414058,
                    51.48859556848728
                  ],
                  [
                    -0.14035610288637512,
                    51.48858289902149
                  ],
                  [
                    -0.14039679811165104,
                    51.48858318182
                  ],
                  [
                    -0.1403965710194165,
                    51.488595851285794
                  ],
                  [
                    -0.1404576138573304,
                    51.48859627548356
                  ],
                  [
                    -0.14045738676509584,
                    51.488608944949355
                  ],
                  [
                    -0.1404777343777338,
                    51.48860908634861
                  ],
                  [
                    -0.14047728019326472,
                    51.488634425280196
                  ],
                  [
                    -0.1405383230311786,
                    51.48863484947797
                  ],
                  [
                    -0.14053809593894406,
                    51.48864751894376
                  ],
                  [
                    -0.14055844355158204,
                    51.48864766034302
                  ],
                  [
                    -0.1405582164593475,
                    51.48866032980881
                  ],
                  [
                    -0.14057856407198543,
                    51.488660471208064
                  ],
                  [
                    -0.1405783369797509,
                    51.48867314067386
                  ]
                ],
                [
                  [
                    -0.140517294141837,
                    51.48867271647609
                  ],
                  [
                    -0.14053764175447497,
                    51.48867285787535
                  ],
                  [
                    -0.14053786884670952,
                    51.488660188409554
                  ],
                  [
                    -0.14051752123407155,
                    51.4886600470103
                  ],
                  [
                    -0.140517294141837,
                    51.48867271647609
                  ]
                ]
              ]
            ]
          }
        },
        {
          "type": "Feature",
          "id": "region-3",
          "properties": {
            "category": "doubtful"
          },
          "geometry": {
            "type": "MultiPolygon",
            "coordinates": [
              [
                [
                  [
                    -0.14042305012238734,
                    51.48825391710863
                  ],
                  [
                    -0.1404027025097494,
                    51.488253775709374
                  ],
                  [
                    -0.14040247541751483,
                    51.488266445175164
                  ],
                  [
                    -0.14038212780487686,
                    51.48826630377591
                  ],
                  [
                    -0.14038258198934597,
                    51.48824096484432
                  ],
                  [
                    -0.14042327721462192,
                    51.48824124764283
                  ],
                  [
                    -0.14042305012238734,
                    51.48825391710863
                  ]
                ]
              ]
            ]
          }
        },
        {
          "type": "Feature",
          "id": "region-255",
          "properties": {
            "category": "excluded"
          },
          "geometry": {
            "type": "MultiPolygon",
            "coordinates": [
              [
                [
                  [
                    -0.1423590255220434,
                    51.488102646982675
                  ],
                  [
                    -0.13985626916757343,
                    51.488085254874136
                  ],
                  [
                    -0.13986126519673356,
                    51.48780652662668
                  ],
                  [
                    -0.14236402155120353,
                    51.487823918735224
                  ],
                  [
                    -0.1423590255220434,
                    51.488102646982675
                  ]
                ]
              ]
            ]
          }
        }
      ]
    }
  },
  "features": [
    {
      "type": "Feature",
      "id": "overture:04d6cd16-9129-42ba-a1fa-f4877f4f33ea:ebb0df3656ee1976",
      "geometry": {
        "type": "MultiPolygon",
        "coordinates": [
          [
            [
              [
                -0.1420028,
                51.4883946
              ],
              [
                -0.1415197,
                51.4881882
              ],
              [
                -0.1414733,
                51.4882283
              ],
              [
                -0.1412262,
                51.4881152
              ],
              [
                -0.1411301,
                51.4881908
              ],
              [
                -0.1418383,
                51.488524
              ],
              [
                -0.1420028,
                51.4883946
              ]
            ]
          ]
        ]
      },
      "properties": {
        "componentId": "overture:04d6cd16-9129-42ba-a1fa-f4877f4f33ea:ebb0df3656ee1976",
        "buildingId": "04d6cd16-9129-42ba-a1fa-f4877f4f33ea",
        "name": "Modern building",
        "status": "mixed",
        "category": null,
        "categories": [
          {
            "category": "repairable",
            "coverage": 0.27399480063678766
          },
          {
            "category": "blast",
            "coverage": 0.12195939342365143
          },
          {
            "category": "beyond-repair",
            "coverage": 0.09528920085771184
          }
        ],
        "mixedCategories": [
          "repairable",
          "blast"
        ],
        "coverage": 0.49124339491815094,
        "excludedCoverage": 0,
        "unclassifiedCoverage": 0.508756605081911,
        "outsideSelectionCoverage": 0,
        "relationship": "site-overlap-unverified",
        "historicallyVerified": false,
        "review": {
          "status": "unreviewed",
          "note": ""
        }
      }
    },
    {
      "type": "Feature",
      "id": "overture:066db6ff-611e-4139-a232-208cce35fc56:d9fd1a3305c4a8bc",
      "geometry": {
        "type": "MultiPolygon",
        "coordinates": [
          [
            [
              [
                -0.1408469,
                51.4891056
              ],
              [
                -0.1408097,
                51.489088
              ],
              [
                -0.1407762,
                51.4891155
              ],
              [
                -0.1407468,
                51.4891016
              ],
              [
                -0.1406432,
                51.4891866
              ],
              [
                -0.1406832,
                51.4892054
              ],
              [
                -0.1406629,
                51.489222
              ],
              [
                -0.1406896,
                51.4892346
              ],
              [
                -0.1407098,
                51.489218
              ],
              [
                -0.1408114,
                51.4891347
              ],
              [
                -0.1408469,
                51.4891056
              ]
            ]
          ]
        ]
      },
      "properties": {
        "componentId": "overture:066db6ff-611e-4139-a232-208cce35fc56:d9fd1a3305c4a8bc",
        "buildingId": "066db6ff-611e-4139-a232-208cce35fc56",
        "name": "Modern building",
        "status": "unresolved",
        "category": null,
        "categories": [
          {
            "category": "blast",
            "coverage": 0.19825516497467874
          }
        ],
        "mixedCategories": [],
        "coverage": 0.19825516497467874,
        "excludedCoverage": 0,
        "unclassifiedCoverage": 0.8017448350253212,
        "outsideSelectionCoverage": 0,
        "relationship": "site-overlap-unverified",
        "historicallyVerified": false,
        "review": {
          "status": "unreviewed",
          "note": ""
        }
      }
    },
    {
      "type": "Feature",
      "id": "overture:0fea5dcc-8f5b-49c9-9e39-16a8d4fb6451:eed038abb162921b",
      "geometry": {
        "type": "MultiPolygon",
        "coordinates": [
          [
            [
              [
                -0.1431162,
                51.4892703
              ],
              [
                -0.142259,
                51.4888659
              ],
              [
                -0.1421415,
                51.4889625
              ],
              [
                -0.1429075,
                51.4893241
              ],
              [
                -0.1429388,
                51.4892984
              ],
              [
                -0.14303,
                51.4893412
              ],
              [
                -0.1431162,
                51.4892703
              ]
            ]
          ]
        ]
      },
      "properties": {
        "componentId": "overture:0fea5dcc-8f5b-49c9-9e39-16a8d4fb6451:eed038abb162921b",
        "buildingId": "0fea5dcc-8f5b-49c9-9e39-16a8d4fb6451",
        "name": "Modern building",
        "status": "unresolved",
        "category": null,
        "categories": [
          {
            "category": "blast",
            "coverage": 0.1543966176809065
          }
        ],
        "mixedCategories": [],
        "coverage": 0.1543966176809065,
        "excludedCoverage": 0,
        "unclassifiedCoverage": 0.06564938559185177,
        "outsideSelectionCoverage": 0.7799539967272417,
        "relationship": "site-overlap-unverified",
        "historicallyVerified": false,
        "review": {
          "status": "unreviewed",
          "note": ""
        }
      }
    },
    {
      "type": "Feature",
      "id": "overture:18e5c0dc-efff-4821-af26-0c5503dfcd1f:f97d79a069fff031",
      "geometry": {
        "type": "MultiPolygon",
        "coordinates": [
          [
            [
              [
                -0.141047,
                51.4891961
              ],
              [
                -0.1409956,
                51.4891718
              ],
              [
                -0.1409584,
                51.4892023
              ],
              [
                -0.1409406,
                51.4891939
              ],
              [
                -0.1408375,
                51.4892784
              ],
              [
                -0.1408777,
                51.4892974
              ],
              [
                -0.1408575,
                51.489314
              ],
              [
                -0.1408865,
                51.4893277
              ],
              [
                -0.1409067,
                51.4893111
              ],
              [
                -0.1410072,
                51.4892287
              ],
              [
                -0.141047,
                51.4891961
              ]
            ]
          ]
        ]
      },
      "properties": {
        "componentId": "overture:18e5c0dc-efff-4821-af26-0c5503dfcd1f:f97d79a069fff031",
        "buildingId": "18e5c0dc-efff-4821-af26-0c5503dfcd1f",
        "name": "Modern building",
        "status": "unresolved",
        "category": null,
        "categories": [
          {
            "category": "blast",
            "coverage": 0.17896436310633937
          }
        ],
        "mixedCategories": [],
        "coverage": 0.17896436310633937,
        "excludedCoverage": 0,
        "unclassifiedCoverage": 0.8210356368936607,
        "outsideSelectionCoverage": 0,
        "relationship": "site-overlap-unverified",
        "historicallyVerified": false,
        "review": {
          "status": "unreviewed",
          "note": ""
        }
      }
    },
    {
      "type": "Feature",
      "id": "overture:20926056-a0ce-4e2b-8c8d-98480f1f5221:96678156c882ca97",
      "geometry": {
        "type": "MultiPolygon",
        "coordinates": [
          [
            [
              [
                -0.1407599,
                51.4890116
              ],
              [
                -0.1406939,
                51.4889804
              ],
              [
                -0.1406599,
                51.4890083
              ],
              [
                -0.1406274,
                51.489035
              ],
              [
                -0.1405159,
                51.4891264
              ],
              [
                -0.1404959,
                51.4891428
              ],
              [
                -0.1405218,
                51.489155
              ],
              [
                -0.1405418,
                51.4891386
              ],
              [
                -0.1405793,
                51.4891563
              ],
              [
                -0.1406913,
                51.4890644
              ],
              [
                -0.1406695,
                51.4890541
              ],
              [
                -0.1406884,
                51.4890386
              ],
              [
                -0.1407129,
                51.4890502
              ],
              [
                -0.1407599,
                51.4890116
              ]
            ]
          ]
        ]
      },
      "properties": {
        "componentId": "overture:20926056-a0ce-4e2b-8c8d-98480f1f5221:96678156c882ca97",
        "buildingId": "20926056-a0ce-4e2b-8c8d-98480f1f5221",
        "name": "Modern building",
        "status": "unresolved",
        "category": null,
        "categories": [
          {
            "category": "blast",
            "coverage": 0.12357345990347245
          }
        ],
        "mixedCategories": [],
        "coverage": 0.12357345990347245,
        "excludedCoverage": 0,
        "unclassifiedCoverage": 0.8764265400965275,
        "outsideSelectionCoverage": 0,
        "relationship": "site-overlap-unverified",
        "historicallyVerified": false,
        "review": {
          "status": "unreviewed",
          "note": ""
        }
      }
    },
    {
      "type": "Feature",
      "id": "overture:241c309c-52ec-49c6-8014-70507b70be68:cadaef95522bb054",
      "geometry": {
        "type": "MultiPolygon",
        "coordinates": [
          [
            [
              [
                -0.1406275,
                51.488949
              ],
              [
                -0.1405582,
                51.4889162
              ],
              [
                -0.1403802,
                51.4890622
              ],
              [
                -0.1403603,
                51.4890785
              ],
              [
                -0.1403925,
                51.4890937
              ],
              [
                -0.1404124,
                51.4890774
              ],
              [
                -0.1404495,
                51.489095
              ],
              [
                -0.1405614,
                51.4890032
              ],
              [
                -0.1405377,
                51.4889919
              ],
              [
                -0.140554,
                51.4889786
              ],
              [
                -0.1405777,
                51.4889898
              ],
              [
                -0.1406275,
                51.488949
              ]
            ]
          ]
        ]
      },
      "properties": {
        "componentId": "overture:241c309c-52ec-49c6-8014-70507b70be68:cadaef95522bb054",
        "buildingId": "241c309c-52ec-49c6-8014-70507b70be68",
        "name": "Modern building",
        "status": "unresolved",
        "category": null,
        "categories": [
          {
            "category": "blast",
            "coverage": 0.12684308979198383
          }
        ],
        "mixedCategories": [],
        "coverage": 0.12684308979198383,
        "excludedCoverage": 0,
        "unclassifiedCoverage": 0.8731569102080161,
        "outsideSelectionCoverage": 0,
        "relationship": "site-overlap-unverified",
        "historicallyVerified": false,
        "review": {
          "status": "unreviewed",
          "note": ""
        }
      }
    },
    {
      "type": "Feature",
      "id": "overture:26e56fb5-9b90-4ff4-9a93-8d4cbe9e2800:30b8176f29481932",
      "geometry": {
        "type": "MultiPolygon",
        "coordinates": [
          [
            [
              [
                -0.1419359,
                51.4893719
              ],
              [
                -0.1415804,
                51.4892091
              ],
              [
                -0.1414568,
                51.4893137
              ],
              [
                -0.1414958,
                51.4893315
              ],
              [
                -0.1415357,
                51.4892978
              ],
              [
                -0.1415641,
                51.4893108
              ],
              [
                -0.1415322,
                51.4893379
              ],
              [
                -0.1415639,
                51.4893525
              ],
              [
                -0.1415959,
                51.4893254
              ],
              [
                -0.1416252,
                51.4893388
              ],
              [
                -0.1415899,
                51.4893686
              ],
              [
                -0.1416249,
                51.4893846
              ],
              [
                -0.1416601,
                51.4893548
              ],
              [
                -0.1416898,
                51.4893684
              ],
              [
                -0.1416572,
                51.489396
              ],
              [
                -0.1416949,
                51.4894132
              ],
              [
                -0.1417275,
                51.4893857
              ],
              [
                -0.1418521,
                51.4894427
              ],
              [
                -0.1419359,
                51.4893719
              ]
            ]
          ]
        ]
      },
      "properties": {
        "componentId": "overture:26e56fb5-9b90-4ff4-9a93-8d4cbe9e2800:30b8176f29481932",
        "buildingId": "26e56fb5-9b90-4ff4-9a93-8d4cbe9e2800",
        "name": "Modern building",
        "status": "unresolved",
        "category": null,
        "categories": [
          {
            "category": "blast",
            "coverage": 0.2152956229921939
          }
        ],
        "mixedCategories": [],
        "coverage": 0.2152956229921939,
        "excludedCoverage": 0,
        "unclassifiedCoverage": 0.3542349590622353,
        "outsideSelectionCoverage": 0.4304694179455708,
        "relationship": "site-overlap-unverified",
        "historicallyVerified": false,
        "review": {
          "status": "unreviewed",
          "note": ""
        }
      }
    },
    {
      "type": "Feature",
      "id": "overture:2c9aaec3-c564-47e4-87ff-0317a5838ee9:922a333cd5f2c498",
      "geometry": {
        "type": "MultiPolygon",
        "coordinates": [
          [
            [
              [
                -0.1413725,
                51.4879228
              ],
              [
                -0.1412873,
                51.487876
              ],
              [
                -0.1409917,
                51.4881242
              ],
              [
                -0.1411058,
                51.4881775
              ],
              [
                -0.1411285,
                51.4881586
              ],
              [
                -0.1411005,
                51.4881456
              ],
              [
                -0.1413725,
                51.4879228
              ]
            ]
          ]
        ]
      },
      "properties": {
        "componentId": "overture:2c9aaec3-c564-47e4-87ff-0317a5838ee9:922a333cd5f2c498",
        "buildingId": "2c9aaec3-c564-47e4-87ff-0317a5838ee9",
        "name": "Modern building",
        "status": "unresolved",
        "category": null,
        "categories": [
          {
            "category": "repairable",
            "coverage": 0.0675552162488178
          },
          {
            "category": "blast",
            "coverage": 0.02156455037416213
          }
        ],
        "mixedCategories": [],
        "coverage": 0.08911976662297993,
        "excludedCoverage": 0.7792439693000789,
        "unclassifiedCoverage": 0.13163626407694118,
        "outsideSelectionCoverage": 0,
        "relationship": "site-overlap-unverified",
        "historicallyVerified": false,
        "review": {
          "status": "unreviewed",
          "note": ""
        }
      }
    },
    {
      "type": "Feature",
      "id": "overture:35659234-4315-45fc-8aad-e0328dc02cc5:90178dee7035bfa9",
      "geometry": {
        "type": "MultiPolygon",
        "coordinates": [
          [
            [
              [
                -0.1406939,
                51.4889804
              ],
              [
                -0.1406275,
                51.488949
              ],
              [
                -0.1405777,
                51.4889898
              ],
              [
                -0.1405614,
                51.4890032
              ],
              [
                -0.1404495,
                51.489095
              ],
              [
                -0.1404297,
                51.4891112
              ],
              [
                -0.1404602,
                51.4891256
              ],
              [
                -0.14048,
                51.4891094
              ],
              [
                -0.1405159,
                51.4891264
              ],
              [
                -0.1406274,
                51.489035
              ],
              [
                -0.1406026,
                51.4890233
              ],
              [
                -0.1406351,
                51.4889966
              ],
              [
                -0.1406599,
                51.4890083
              ],
              [
                -0.1406939,
                51.4889804
              ]
            ]
          ]
        ]
      },
      "properties": {
        "componentId": "overture:35659234-4315-45fc-8aad-e0328dc02cc5:90178dee7035bfa9",
        "buildingId": "35659234-4315-45fc-8aad-e0328dc02cc5",
        "name": "Modern building",
        "status": "unresolved",
        "category": null,
        "categories": [
          {
            "category": "blast",
            "coverage": 0.10914034405439142
          }
        ],
        "mixedCategories": [],
        "coverage": 0.10914034405439142,
        "excludedCoverage": 0,
        "unclassifiedCoverage": 0.8908596559456086,
        "outsideSelectionCoverage": 0,
        "relationship": "site-overlap-unverified",
        "historicallyVerified": false,
        "review": {
          "status": "unreviewed",
          "note": ""
        }
      }
    },
    {
      "type": "Feature",
      "id": "overture:3565cef5-6d72-4bfc-8c1c-7b163bc729fe:dc9af2f8dcc4f3ab",
      "geometry": {
        "type": "MultiPolygon",
        "coordinates": [
          [
            [
              [
                -0.140978,
                51.4891632
              ],
              [
                -0.1409322,
                51.4891415
              ],
              [
                -0.1408924,
                51.4891742
              ],
              [
                -0.140875,
                51.489166
              ],
              [
                -0.1407743,
                51.4892485
              ],
              [
                -0.1408112,
                51.489266
              ],
              [
                -0.140791,
                51.4892826
              ],
              [
                -0.1408173,
                51.489295
              ],
              [
                -0.1408375,
                51.4892784
              ],
              [
                -0.1409406,
                51.4891939
              ],
              [
                -0.140978,
                51.4891632
              ]
            ]
          ]
        ]
      },
      "properties": {
        "componentId": "overture:3565cef5-6d72-4bfc-8c1c-7b163bc729fe:dc9af2f8dcc4f3ab",
        "buildingId": "3565cef5-6d72-4bfc-8c1c-7b163bc729fe",
        "name": "Modern building",
        "status": "unresolved",
        "category": null,
        "categories": [
          {
            "category": "blast",
            "coverage": 0.11014752343576815
          }
        ],
        "mixedCategories": [],
        "coverage": 0.11014752343576815,
        "excludedCoverage": 0,
        "unclassifiedCoverage": 0.8898524765642318,
        "outsideSelectionCoverage": 0,
        "relationship": "site-overlap-unverified",
        "historicallyVerified": false,
        "review": {
          "status": "unreviewed",
          "note": ""
        }
      }
    },
    {
      "type": "Feature",
      "id": "overture:35a255e4-5313-4066-8448-70112671fac7:b8a2a6cf3b671e4d",
      "geometry": {
        "type": "MultiPolygon",
        "coordinates": [
          [
            [
              [
                -0.1401665,
                51.4892159
              ],
              [
                -0.1398614,
                51.4890713
              ],
              [
                -0.139701,
                51.4892004
              ],
              [
                -0.1397757,
                51.4892362
              ],
              [
                -0.1398237,
                51.4891973
              ],
              [
                -0.1398981,
                51.4892329
              ],
              [
                -0.1398639,
                51.4892607
              ],
              [
                -0.1399079,
                51.4892817
              ],
              [
                -0.1399422,
                51.489254
              ],
              [
                -0.139975,
                51.4892697
              ],
              [
                -0.1399318,
                51.4893047
              ],
              [
                -0.1399827,
                51.4893291
              ],
              [
                -0.1400259,
                51.4892941
              ],
              [
                -0.1400549,
                51.489308
              ],
              [
                -0.1401665,
                51.4892159
              ]
            ]
          ]
        ]
      },
      "properties": {
        "componentId": "overture:35a255e4-5313-4066-8448-70112671fac7:b8a2a6cf3b671e4d",
        "buildingId": "35a255e4-5313-4066-8448-70112671fac7",
        "name": "Modern building",
        "status": "unresolved",
        "category": null,
        "categories": [
          {
            "category": "blast",
            "coverage": 0.3976646821341491
          }
        ],
        "mixedCategories": [],
        "coverage": 0.3976646821341491,
        "excludedCoverage": 0,
        "unclassifiedCoverage": 0.42306907147450745,
        "outsideSelectionCoverage": 0.17926624639134348,
        "relationship": "site-overlap-unverified",
        "historicallyVerified": false,
        "review": {
          "status": "unreviewed",
          "note": ""
        }
      }
    },
    {
      "type": "Feature",
      "id": "overture:36785459-16eb-4fde-9554-12267fc51dcc:28c6e3ea41a4c60a",
      "geometry": {
        "type": "MultiPolygon",
        "coordinates": [
          [
            [
              [
                -0.1403014,
                51.4888378
              ],
              [
                -0.1402621,
                51.4888192
              ],
              [
                -0.1401173,
                51.4889379
              ],
              [
                -0.1400971,
                51.4889545
              ],
              [
                -0.1401262,
                51.4889682
              ],
              [
                -0.1401464,
                51.4889516
              ],
              [
                -0.1401801,
                51.4889675
              ],
              [
                -0.1402796,
                51.4888859
              ],
              [
                -0.1402562,
                51.4888749
              ],
              [
                -0.1403014,
                51.4888378
              ]
            ]
          ]
        ]
      },
      "properties": {
        "componentId": "overture:36785459-16eb-4fde-9554-12267fc51dcc:28c6e3ea41a4c60a",
        "buildingId": "36785459-16eb-4fde-9554-12267fc51dcc",
        "name": "Modern building",
        "status": "unresolved",
        "category": null,
        "categories": [
          {
            "category": "blast",
            "coverage": 0.1494339137087397
          }
        ],
        "mixedCategories": [],
        "coverage": 0.1494339137087397,
        "excludedCoverage": 0,
        "unclassifiedCoverage": 0.8505660862912603,
        "outsideSelectionCoverage": 0,
        "relationship": "site-overlap-unverified",
        "historicallyVerified": false,
        "review": {
          "status": "unreviewed",
          "note": ""
        }
      }
    },
    {
      "type": "Feature",
      "id": "overture:37cc431d-ce9a-4519-88af-df72d8e7a9b7:99f852ab72232e5a",
      "geometry": {
        "type": "MultiPolygon",
        "coordinates": [
          [
            [
              [
                -0.1403698,
                51.4888705
              ],
              [
                -0.1403297,
                51.4888515
              ],
              [
                -0.1403203,
                51.4888592
              ],
              [
                -0.1403152,
                51.4888568
              ],
              [
                -0.1402796,
                51.4888859
              ],
              [
                -0.1401801,
                51.4889675
              ],
              [
                -0.1401599,
                51.488984
              ],
              [
                -0.140192,
                51.4889992
              ],
              [
                -0.1402121,
                51.4889827
              ],
              [
                -0.1402476,
                51.4889995
              ],
              [
                -0.1403449,
                51.4889197
              ],
              [
                -0.1403283,
                51.4889119
              ],
              [
                -0.1403657,
                51.4888811
              ],
              [
                -0.1403601,
                51.4888785
              ],
              [
                -0.1403698,
                51.4888705
              ]
            ]
          ]
        ]
      },
      "properties": {
        "componentId": "overture:37cc431d-ce9a-4519-88af-df72d8e7a9b7:99f852ab72232e5a",
        "buildingId": "37cc431d-ce9a-4519-88af-df72d8e7a9b7",
        "name": "Modern building",
        "status": "unresolved",
        "category": null,
        "categories": [
          {
            "category": "blast",
            "coverage": 0.15357535938111386
          }
        ],
        "mixedCategories": [],
        "coverage": 0.15357535938111386,
        "excludedCoverage": 0,
        "unclassifiedCoverage": 0.8464246406188861,
        "outsideSelectionCoverage": 0,
        "relationship": "site-overlap-unverified",
        "historicallyVerified": false,
        "review": {
          "status": "unreviewed",
          "note": ""
        }
      }
    },
    {
      "type": "Feature",
      "id": "overture:396a9571-eef9-492f-83f0-b6513082b988:9f8f91ef1ea1eace",
      "geometry": {
        "type": "MultiPolygon",
        "coordinates": [
          [
            [
              [
                -0.1401126,
                51.4886408
              ],
              [
                -0.1400908,
                51.4886304
              ],
              [
                -0.1399571,
                51.4885666
              ],
              [
                -0.1399413,
                51.488559
              ],
              [
                -0.139915,
                51.4885804
              ],
              [
                -0.1399383,
                51.4885915
              ],
              [
                -0.1399162,
                51.4886095
              ],
              [
                -0.1399926,
                51.4886459
              ],
              [
                -0.140042,
                51.4886695
              ],
              [
                -0.1400724,
                51.4886448
              ],
              [
                -0.1400947,
                51.4886554
              ],
              [
                -0.1401126,
                51.4886408
              ]
            ]
          ]
        ]
      },
      "properties": {
        "componentId": "overture:396a9571-eef9-492f-83f0-b6513082b988:9f8f91ef1ea1eace",
        "buildingId": "396a9571-eef9-492f-83f0-b6513082b988",
        "name": "Modern building",
        "status": "unresolved",
        "category": null,
        "categories": [
          {
            "category": "blast",
            "coverage": 0.053816015046480085
          }
        ],
        "mixedCategories": [],
        "coverage": 0.053816015046480085,
        "excludedCoverage": 0,
        "unclassifiedCoverage": 0.9461839849518804,
        "outsideSelectionCoverage": 1.6395773627664312e-12,
        "relationship": "site-overlap-unverified",
        "historicallyVerified": false,
        "review": {
          "status": "unreviewed",
          "note": ""
        }
      }
    },
    {
      "type": "Feature",
      "id": "overture:3e3da4f3-5952-4b8f-8cc2-f3e4bab4fe3b:edab7362e1b0747d",
      "geometry": {
        "type": "MultiPolygon",
        "coordinates": [
          [
            [
              [
                -0.1432108,
                51.4890118
              ],
              [
                -0.1424287,
                51.4886589
              ],
              [
                -0.1423217,
                51.4887427
              ],
              [
                -0.1430654,
                51.4891199
              ],
              [
                -0.1432108,
                51.4890118
              ]
            ]
          ]
        ]
      },
      "properties": {
        "componentId": "overture:3e3da4f3-5952-4b8f-8cc2-f3e4bab4fe3b:edab7362e1b0747d",
        "buildingId": "3e3da4f3-5952-4b8f-8cc2-f3e4bab4fe3b",
        "name": "Modern building",
        "status": "unresolved",
        "category": null,
        "categories": [
          {
            "category": "blast",
            "coverage": 0.01806635791696755
          }
        ],
        "mixedCategories": [],
        "coverage": 0.01806635791696755,
        "excludedCoverage": 0,
        "unclassifiedCoverage": 0.006016234675858892,
        "outsideSelectionCoverage": 0.9759174074071736,
        "relationship": "site-overlap-unverified",
        "historicallyVerified": false,
        "review": {
          "status": "unreviewed",
          "note": ""
        }
      }
    },
    {
      "type": "Feature",
      "id": "overture:48293978-72cb-4de8-8627-6c23cf5df78f:1a0c628206f709e4",
      "geometry": {
        "type": "MultiPolygon",
        "coordinates": [
          [
            [
              [
                -0.1427376,
                51.4879711
              ],
              [
                -0.1422343,
                51.4877307
              ],
              [
                -0.1416447,
                51.4878017
              ],
              [
                -0.1416284,
                51.48782
              ],
              [
                -0.1416365,
                51.4878433
              ],
              [
                -0.142433,
                51.4882155
              ],
              [
                -0.1427376,
                51.4879711
              ]
            ],
            [
              [
                -0.1425177,
                51.4879873
              ],
              [
                -0.1423532,
                51.4881192
              ],
              [
                -0.1422816,
                51.4880867
              ],
              [
                -0.142319,
                51.4880532
              ],
              [
                -0.1420209,
                51.4879082
              ],
              [
                -0.1419867,
                51.4879315
              ],
              [
                -0.1418434,
                51.4878676
              ],
              [
                -0.1421789,
                51.487825
              ],
              [
                -0.1425177,
                51.4879873
              ]
            ]
          ]
        ]
      },
      "properties": {
        "componentId": "overture:48293978-72cb-4de8-8627-6c23cf5df78f:1a0c628206f709e4",
        "buildingId": "48293978-72cb-4de8-8627-6c23cf5df78f",
        "name": "Modern building",
        "status": "unresolved",
        "category": null,
        "categories": [
          {
            "category": "blast",
            "coverage": 0.03413567300712843
          }
        ],
        "mixedCategories": [],
        "coverage": 0.03413567300712843,
        "excludedCoverage": 0.3853366104496096,
        "unclassifiedCoverage": 0.03834243935952342,
        "outsideSelectionCoverage": 0.5421852771837385,
        "relationship": "site-overlap-unverified",
        "historicallyVerified": false,
        "review": {
          "status": "unreviewed",
          "note": ""
        }
      }
    },
    {
      "type": "Feature",
      "id": "overture:4906b666-e0d9-4f0e-92a0-1a630c744980:0c81539337c87e17",
      "geometry": {
        "type": "MultiPolygon",
        "coordinates": [
          [
            [
              [
                -0.1405582,
                51.4889162
              ],
              [
                -0.1404922,
                51.488885
              ],
              [
                -0.1404405,
                51.4889274
              ],
              [
                -0.1404089,
                51.4889533
              ],
              [
                -0.1403142,
                51.489031
              ],
              [
                -0.1402942,
                51.4890473
              ],
              [
                -0.1403251,
                51.4890619
              ],
              [
                -0.1403451,
                51.4890456
              ],
              [
                -0.1403802,
                51.4890622
              ],
              [
                -0.1405582,
                51.4889162
              ]
            ]
          ]
        ]
      },
      "properties": {
        "componentId": "overture:4906b666-e0d9-4f0e-92a0-1a630c744980:0c81539337c87e17",
        "buildingId": "4906b666-e0d9-4f0e-92a0-1a630c744980",
        "name": "Modern building",
        "status": "unresolved",
        "category": null,
        "categories": [
          {
            "category": "blast",
            "coverage": 0.10770808626749197
          }
        ],
        "mixedCategories": [],
        "coverage": 0.10770808626749197,
        "excludedCoverage": 0,
        "unclassifiedCoverage": 0.892291913732508,
        "outsideSelectionCoverage": 0,
        "relationship": "site-overlap-unverified",
        "historicallyVerified": false,
        "review": {
          "status": "unreviewed",
          "note": ""
        }
      }
    },
    {
      "type": "Feature",
      "id": "overture:49632c14-38dd-432c-a345-7df936667c5c:092727f20a5c0103",
      "geometry": {
        "type": "MultiPolygon",
        "coordinates": [
          [
            [
              [
                -0.1413658,
                51.4891103
              ],
              [
                -0.1413216,
                51.4890894
              ],
              [
                -0.1413328,
                51.4890802
              ],
              [
                -0.1413008,
                51.4890651
              ],
              [
                -0.141289,
                51.4890747
              ],
              [
                -0.1411745,
                51.4890206
              ],
              [
                -0.141143,
                51.4890464
              ],
              [
                -0.1412206,
                51.4890831
              ],
              [
                -0.1412062,
                51.4890949
              ],
              [
                -0.1413193,
                51.4891484
              ],
              [
                -0.1413658,
                51.4891103
              ]
            ]
          ]
        ]
      },
      "properties": {
        "componentId": "overture:49632c14-38dd-432c-a345-7df936667c5c:092727f20a5c0103",
        "buildingId": "49632c14-38dd-432c-a345-7df936667c5c",
        "name": "Modern building",
        "status": "unresolved",
        "category": null,
        "categories": [
          {
            "category": "blast",
            "coverage": 0.24932606973042762
          },
          {
            "category": "repairable",
            "coverage": 0.002758699026857147
          }
        ],
        "mixedCategories": [],
        "coverage": 0.25208476875728475,
        "excludedCoverage": 0,
        "unclassifiedCoverage": 0.7479152312427153,
        "outsideSelectionCoverage": 0,
        "relationship": "site-overlap-unverified",
        "historicallyVerified": false,
        "review": {
          "status": "unreviewed",
          "note": ""
        }
      }
    },
    {
      "type": "Feature",
      "id": "overture:52ead718-cb29-4b6d-96fe-31e21c9b6bdc:68c824f40ff24a9c",
      "geometry": {
        "type": "MultiPolygon",
        "coordinates": [
          [
            [
              [
                -0.1411945,
                51.4889636
              ],
              [
                -0.1403876,
                51.4885868
              ],
              [
                -0.1401586,
                51.4887844
              ],
              [
                -0.1402754,
                51.4888406
              ],
              [
                -0.1404252,
                51.4887162
              ],
              [
                -0.1411083,
                51.4890352
              ],
              [
                -0.1411945,
                51.4889636
              ]
            ]
          ]
        ]
      },
      "properties": {
        "componentId": "overture:52ead718-cb29-4b6d-96fe-31e21c9b6bdc:68c824f40ff24a9c",
        "buildingId": "52ead718-cb29-4b6d-96fe-31e21c9b6bdc",
        "name": "Modern building",
        "status": "single",
        "category": "repairable",
        "categories": [
          {
            "category": "repairable",
            "coverage": 0.35410698224468523
          },
          {
            "category": "destroyed",
            "coverage": 0.056796285566669734
          },
          {
            "category": "blast",
            "coverage": 0.009311878995170848
          }
        ],
        "mixedCategories": [],
        "coverage": 0.4202151468065258,
        "excludedCoverage": 0,
        "unclassifiedCoverage": 0.5797848531934742,
        "outsideSelectionCoverage": 0,
        "relationship": "site-overlap-unverified",
        "historicallyVerified": false,
        "review": {
          "status": "unreviewed",
          "note": ""
        }
      }
    },
    {
      "type": "Feature",
      "id": "overture:5aeeff5d-7605-4d7b-a467-427acb4d124b:fdef15370017459f",
      "geometry": {
        "type": "MultiPolygon",
        "coordinates": [
          [
            [
              [
                -0.140042,
                51.4886695
              ],
              [
                -0.1399926,
                51.4886459
              ],
              [
                -0.1399389,
                51.4886895
              ],
              [
                -0.1399246,
                51.4887011
              ],
              [
                -0.1399077,
                51.488693
              ],
              [
                -0.1397948,
                51.4887847
              ],
              [
                -0.1398612,
                51.4888164
              ],
              [
                -0.1398395,
                51.488834
              ],
              [
                -0.1398597,
                51.4888436
              ],
              [
                -0.1398814,
                51.488826
              ],
              [
                -0.1399545,
                51.4887666
              ],
              [
                -0.1399343,
                51.4887569
              ],
              [
                -0.1399884,
                51.4887131
              ],
              [
                -0.140042,
                51.4886695
              ]
            ]
          ]
        ]
      },
      "properties": {
        "componentId": "overture:5aeeff5d-7605-4d7b-a467-427acb4d124b:fdef15370017459f",
        "buildingId": "5aeeff5d-7605-4d7b-a467-427acb4d124b",
        "name": "Modern building",
        "status": "unresolved",
        "category": null,
        "categories": [
          {
            "category": "blast",
            "coverage": 0.17231446535431064
          }
        ],
        "mixedCategories": [],
        "coverage": 0.17231446535431064,
        "excludedCoverage": 0,
        "unclassifiedCoverage": 0.7328859336856023,
        "outsideSelectionCoverage": 0.0947996009600871,
        "relationship": "site-overlap-unverified",
        "historicallyVerified": false,
        "review": {
          "status": "unreviewed",
          "note": ""
        }
      }
    },
    {
      "type": "Feature",
      "id": "overture:63739a94-530f-47cb-8d37-dbf647586a24:a6e26eec7bdbab4c",
      "geometry": {
        "type": "MultiPolygon",
        "coordinates": [
          [
            [
              [
                -0.1401589,
                51.4886026
              ],
              [
                -0.1401368,
                51.4885921
              ],
              [
                -0.140003,
                51.4885282
              ],
              [
                -0.1399788,
                51.4885167
              ],
              [
                -0.1399575,
                51.488534
              ],
              [
                -0.1399825,
                51.4885459
              ],
              [
                -0.1399571,
                51.4885666
              ],
              [
                -0.1400908,
                51.4886304
              ],
              [
                -0.1401188,
                51.4886077
              ],
              [
                -0.1401402,
                51.4886179
              ],
              [
                -0.1401589,
                51.4886026
              ]
            ]
          ]
        ]
      },
      "properties": {
        "componentId": "overture:63739a94-530f-47cb-8d37-dbf647586a24:a6e26eec7bdbab4c",
        "buildingId": "63739a94-530f-47cb-8d37-dbf647586a24",
        "name": "Modern building",
        "status": "unresolved",
        "category": null,
        "categories": [
          {
            "category": "blast",
            "coverage": 0.027973862080632877
          }
        ],
        "mixedCategories": [],
        "coverage": 0.027973862080632877,
        "excludedCoverage": 0,
        "unclassifiedCoverage": 0.9720261379193671,
        "outsideSelectionCoverage": 0,
        "relationship": "site-overlap-unverified",
        "historicallyVerified": false,
        "review": {
          "status": "unreviewed",
          "note": ""
        }
      }
    },
    {
      "type": "Feature",
      "id": "overture:671b31e6-276f-42cf-be26-3ef889b910dc:df7f431701034229",
      "geometry": {
        "type": "MultiPolygon",
        "coordinates": [
          [
            [
              [
                -0.1412228,
                51.4892277
              ],
              [
                -0.1411186,
                51.4891784
              ],
              [
                -0.1410389,
                51.4892437
              ],
              [
                -0.1410072,
                51.4892287
              ],
              [
                -0.1409067,
                51.4893111
              ],
              [
                -0.1409472,
                51.4893303
              ],
              [
                -0.140927,
                51.4893469
              ],
              [
                -0.1409563,
                51.4893607
              ],
              [
                -0.1409765,
                51.4893441
              ],
              [
                -0.1410427,
                51.4893754
              ],
              [
                -0.1411432,
                51.489293
              ],
              [
                -0.1411808,
                51.4892621
              ],
              [
                -0.1412228,
                51.4892277
              ]
            ]
          ]
        ]
      },
      "properties": {
        "componentId": "overture:671b31e6-276f-42cf-be26-3ef889b910dc:df7f431701034229",
        "buildingId": "671b31e6-276f-42cf-be26-3ef889b910dc",
        "name": "Modern building",
        "status": "unresolved",
        "category": null,
        "categories": [
          {
            "category": "blast",
            "coverage": 0.2831330772249564
          }
        ],
        "mixedCategories": [],
        "coverage": 0.2831330772249564,
        "excludedCoverage": 0,
        "unclassifiedCoverage": 0.5989995569030461,
        "outsideSelectionCoverage": 0.11786736587199753,
        "relationship": "site-overlap-unverified",
        "historicallyVerified": false,
        "review": {
          "status": "unreviewed",
          "note": ""
        }
      }
    },
    {
      "type": "Feature",
      "id": "overture:6a36fda4-13c8-4544-8564-72d9afe69ae4:ae5d25838f8b2873",
      "geometry": {
        "type": "MultiPolygon",
        "coordinates": [
          [
            [
              [
                -0.1418668,
                51.4886764
              ],
              [
                -0.1416555,
                51.4885783
              ],
              [
                -0.1416213,
                51.4886068
              ],
              [
                -0.1417214,
                51.4886533
              ],
              [
                -0.141472,
                51.4888615
              ],
              [
                -0.1413752,
                51.4888166
              ],
              [
                -0.1413409,
                51.4888452
              ],
              [
                -0.141549,
                51.4889418
              ],
              [
                -0.1418668,
                51.4886764
              ]
            ]
          ]
        ]
      },
      "properties": {
        "componentId": "overture:6a36fda4-13c8-4544-8564-72d9afe69ae4:ae5d25838f8b2873",
        "buildingId": "6a36fda4-13c8-4544-8564-72d9afe69ae4",
        "name": "Modern building",
        "status": "mixed",
        "category": null,
        "categories": [
          {
            "category": "blast",
            "coverage": 0.25089939216539037
          },
          {
            "category": "beyond-repair",
            "coverage": 0.2293221073410964
          }
        ],
        "mixedCategories": [
          "blast",
          "beyond-repair"
        ],
        "coverage": 0.48022149950648674,
        "excludedCoverage": 0,
        "unclassifiedCoverage": 0.5197785004935133,
        "outsideSelectionCoverage": 0,
        "relationship": "site-overlap-unverified",
        "historicallyVerified": false,
        "review": {
          "status": "unreviewed",
          "note": ""
        }
      }
    },
    {
      "type": "Feature",
      "id": "overture:6d6f4d82-8d25-417f-b495-ec0ca6f9ff8b:0aa77fdc040829c5",
      "geometry": {
        "type": "MultiPolygon",
        "coordinates": [
          [
            [
              [
                -0.1398923,
                51.4886189
              ],
              [
                -0.1398596,
                51.4886034
              ],
              [
                -0.1398125,
                51.4886416
              ],
              [
                -0.139781,
                51.4886266
              ],
              [
                -0.1396635,
                51.488722
              ],
              [
                -0.139705,
                51.4887419
              ],
              [
                -0.1396835,
                51.4887593
              ],
              [
                -0.1397062,
                51.4887702
              ],
              [
                -0.1397277,
                51.4887527
              ],
              [
                -0.1398386,
                51.4886626
              ],
              [
                -0.1398923,
                51.4886189
              ]
            ]
          ]
        ]
      },
      "properties": {
        "componentId": "overture:6d6f4d82-8d25-417f-b495-ec0ca6f9ff8b:0aa77fdc040829c5",
        "buildingId": "6d6f4d82-8d25-417f-b495-ec0ca6f9ff8b",
        "name": "Modern building",
        "status": "unresolved",
        "category": null,
        "categories": [],
        "mixedCategories": [],
        "coverage": 0,
        "excludedCoverage": 0,
        "unclassifiedCoverage": 0.1007610269140704,
        "outsideSelectionCoverage": 0.8992389730859296,
        "relationship": "site-overlap-unverified",
        "historicallyVerified": false,
        "review": {
          "status": "unreviewed",
          "note": ""
        }
      }
    },
    {
      "type": "Feature",
      "id": "overture:70b0fcf2-d442-4308-bad9-30f1e667bcbc:6787ff51d7c7809a",
      "geometry": {
        "type": "MultiPolygon",
        "coordinates": [
          [
            [
              [
                -0.1412371,
                51.4876832
              ],
              [
                -0.1412126,
                51.487603
              ],
              [
                -0.140096,
                51.4877432
              ],
              [
                -0.1401261,
                51.4878226
              ],
              [
                -0.1412371,
                51.4876832
              ]
            ]
          ]
        ]
      },
      "properties": {
        "componentId": "overture:70b0fcf2-d442-4308-bad9-30f1e667bcbc:6787ff51d7c7809a",
        "buildingId": "70b0fcf2-d442-4308-bad9-30f1e667bcbc",
        "name": "Modern building",
        "status": "unresolved",
        "category": null,
        "categories": [],
        "mixedCategories": [],
        "coverage": 0,
        "excludedCoverage": 0.00866683742795837,
        "unclassifiedCoverage": 0,
        "outsideSelectionCoverage": 0.9913331625720416,
        "relationship": "site-overlap-unverified",
        "historicallyVerified": false,
        "review": {
          "status": "unreviewed",
          "note": ""
        }
      }
    },
    {
      "type": "Feature",
      "id": "overture:79346125-62be-4f1d-80fe-47e8a97244a3:7bec0165d4415326",
      "geometry": {
        "type": "MultiPolygon",
        "coordinates": [
          [
            [
              [
                -0.1402587,
                51.4892606
              ],
              [
                -0.1401665,
                51.4892159
              ],
              [
                -0.1400549,
                51.489308
              ],
              [
                -0.1400784,
                51.489317
              ],
              [
                -0.140025,
                51.4893616
              ],
              [
                -0.1401007,
                51.4893956
              ],
              [
                -0.1401515,
                51.4893527
              ],
              [
                -0.1401803,
                51.4893283
              ],
              [
                -0.1402063,
                51.4893384
              ],
              [
                -0.14023,
                51.489318
              ],
              [
                -0.1402064,
                51.4893053
              ],
              [
                -0.1402587,
                51.4892606
              ]
            ]
          ]
        ]
      },
      "properties": {
        "componentId": "overture:79346125-62be-4f1d-80fe-47e8a97244a3:7bec0165d4415326",
        "buildingId": "79346125-62be-4f1d-80fe-47e8a97244a3",
        "name": "Modern building",
        "status": "unresolved",
        "category": null,
        "categories": [
          {
            "category": "blast",
            "coverage": 0.26705198300056077
          }
        ],
        "mixedCategories": [],
        "coverage": 0.26705198300056077,
        "excludedCoverage": 0,
        "unclassifiedCoverage": 0.42807466264973015,
        "outsideSelectionCoverage": 0.3048733543497091,
        "relationship": "site-overlap-unverified",
        "historicallyVerified": false,
        "review": {
          "status": "unreviewed",
          "note": ""
        }
      }
    },
    {
      "type": "Feature",
      "id": "overture:7a90b2c8-2fba-4482-97fc-adcbf4f19190:4c1d04953973a003",
      "geometry": {
        "type": "MultiPolygon",
        "coordinates": [
          [
            [
              [
                -0.1413443,
                51.4891603
              ],
              [
                -0.1413193,
                51.4891484
              ],
              [
                -0.1412062,
                51.4890949
              ],
              [
                -0.1411618,
                51.489074
              ],
              [
                -0.1411332,
                51.4890975
              ],
              [
                -0.1411778,
                51.4891186
              ],
              [
                -0.1411567,
                51.4891358
              ],
              [
                -0.1412674,
                51.4891881
              ],
              [
                -0.1412985,
                51.4891626
              ],
              [
                -0.1413257,
                51.4891755
              ],
              [
                -0.1413443,
                51.4891603
              ]
            ]
          ]
        ]
      },
      "properties": {
        "componentId": "overture:7a90b2c8-2fba-4482-97fc-adcbf4f19190:4c1d04953973a003",
        "buildingId": "7a90b2c8-2fba-4482-97fc-adcbf4f19190",
        "name": "Modern building",
        "status": "unresolved",
        "category": null,
        "categories": [
          {
            "category": "blast",
            "coverage": 0.27419205480411885
          }
        ],
        "mixedCategories": [],
        "coverage": 0.27419205480411885,
        "excludedCoverage": 0,
        "unclassifiedCoverage": 0.7258079451958812,
        "outsideSelectionCoverage": 0,
        "relationship": "site-overlap-unverified",
        "historicallyVerified": false,
        "review": {
          "status": "unreviewed",
          "note": ""
        }
      }
    },
    {
      "type": "Feature",
      "id": "overture:7fb6b45e-3227-479c-9c87-43848bb3b477:207bb73f2a16c517",
      "geometry": {
        "type": "MultiPolygon",
        "coordinates": [
          [
            [
              [
                -0.1404922,
                51.488885
              ],
              [
                -0.1404256,
                51.4888535
              ],
              [
                -0.1403449,
                51.4889197
              ],
              [
                -0.1402476,
                51.4889995
              ],
              [
                -0.1402276,
                51.4890159
              ],
              [
                -0.1402565,
                51.4890296
              ],
              [
                -0.1402766,
                51.4890132
              ],
              [
                -0.1403142,
                51.489031
              ],
              [
                -0.1404089,
                51.4889533
              ],
              [
                -0.1403882,
                51.4889436
              ],
              [
                -0.1404198,
                51.4889177
              ],
              [
                -0.1404405,
                51.4889274
              ],
              [
                -0.1404922,
                51.488885
              ]
            ]
          ]
        ]
      },
      "properties": {
        "componentId": "overture:7fb6b45e-3227-479c-9c87-43848bb3b477:207bb73f2a16c517",
        "buildingId": "7fb6b45e-3227-479c-9c87-43848bb3b477",
        "name": "Modern building",
        "status": "unresolved",
        "category": null,
        "categories": [
          {
            "category": "blast",
            "coverage": 0.08981098698653685
          }
        ],
        "mixedCategories": [],
        "coverage": 0.08981098698653685,
        "excludedCoverage": 0,
        "unclassifiedCoverage": 0.9101890130134631,
        "outsideSelectionCoverage": 0,
        "relationship": "site-overlap-unverified",
        "historicallyVerified": false,
        "review": {
          "status": "unreviewed",
          "note": ""
        }
      }
    },
    {
      "type": "Feature",
      "id": "overture:8d3ef9a4-f9fd-475d-b63f-e30333af0082:855478fab4949aa2",
      "geometry": {
        "type": "MultiPolygon",
        "coordinates": [
          [
            [
              [
                -0.1412949,
                51.4892011
              ],
              [
                -0.1412674,
                51.4891881
              ],
              [
                -0.1411567,
                51.4891358
              ],
              [
                -0.1411106,
                51.489114
              ],
              [
                -0.1410783,
                51.4891405
              ],
              [
                -0.1411232,
                51.4891618
              ],
              [
                -0.1411087,
                51.4891737
              ],
              [
                -0.1411186,
                51.4891784
              ],
              [
                -0.1412228,
                51.4892277
              ],
              [
                -0.1412541,
                51.489202
              ],
              [
                -0.1412793,
                51.4892139
              ],
              [
                -0.1412949,
                51.4892011
              ]
            ]
          ]
        ]
      },
      "properties": {
        "componentId": "overture:8d3ef9a4-f9fd-475d-b63f-e30333af0082:855478fab4949aa2",
        "buildingId": "8d3ef9a4-f9fd-475d-b63f-e30333af0082",
        "name": "Modern building",
        "status": "single",
        "category": "blast",
        "categories": [
          {
            "category": "blast",
            "coverage": 0.4564768129208927
          }
        ],
        "mixedCategories": [],
        "coverage": 0.4564768129208927,
        "excludedCoverage": 0,
        "unclassifiedCoverage": 0.5435231870791073,
        "outsideSelectionCoverage": 0,
        "relationship": "site-overlap-unverified",
        "historicallyVerified": false,
        "review": {
          "status": "unreviewed",
          "note": ""
        }
      }
    },
    {
      "type": "Feature",
      "id": "overture:8f081099-83e1-4d8a-aa17-d84c721720be:1a354422d00e3a0d",
      "geometry": {
        "type": "MultiPolygon",
        "coordinates": [
          [
            [
              [
                -0.1409224,
                51.4891272
              ],
              [
                -0.1408726,
                51.4891037
              ],
              [
                -0.1408262,
                51.4891417
              ],
              [
                -0.1408114,
                51.4891347
              ],
              [
                -0.1407098,
                51.489218
              ],
              [
                -0.1407504,
                51.4892372
              ],
              [
                -0.1407302,
                51.4892538
              ],
              [
                -0.1407541,
                51.4892651
              ],
              [
                -0.1407743,
                51.4892485
              ],
              [
                -0.140875,
                51.489166
              ],
              [
                -0.1409224,
                51.4891272
              ]
            ]
          ]
        ]
      },
      "properties": {
        "componentId": "overture:8f081099-83e1-4d8a-aa17-d84c721720be:1a354422d00e3a0d",
        "buildingId": "8f081099-83e1-4d8a-aa17-d84c721720be",
        "name": "Modern building",
        "status": "unresolved",
        "category": null,
        "categories": [
          {
            "category": "blast",
            "coverage": 0.025990520534023398
          }
        ],
        "mixedCategories": [],
        "coverage": 0.025990520534023398,
        "excludedCoverage": 0,
        "unclassifiedCoverage": 0.9740094794659766,
        "outsideSelectionCoverage": 0,
        "relationship": "site-overlap-unverified",
        "historicallyVerified": false,
        "review": {
          "status": "unreviewed",
          "note": ""
        }
      }
    },
    {
      "type": "Feature",
      "id": "overture:945c5dbe-d27f-45ea-ab56-8545c19ba051:b78d86d19a11bb8f",
      "geometry": {
        "type": "MultiPolygon",
        "coordinates": [
          [
            [
              [
                -0.1407882,
                51.4890676
              ],
              [
                -0.140747,
                51.4890481
              ],
              [
                -0.1407141,
                51.4890752
              ],
              [
                -0.1406913,
                51.4890644
              ],
              [
                -0.1405793,
                51.4891563
              ],
              [
                -0.1406168,
                51.4891741
              ],
              [
                -0.1405966,
                51.4891907
              ],
              [
                -0.140623,
                51.4892032
              ],
              [
                -0.1406432,
                51.4891866
              ],
              [
                -0.1407468,
                51.4891016
              ],
              [
                -0.1407882,
                51.4890676
              ]
            ]
          ]
        ]
      },
      "properties": {
        "componentId": "overture:945c5dbe-d27f-45ea-ab56-8545c19ba051:b78d86d19a11bb8f",
        "buildingId": "945c5dbe-d27f-45ea-ab56-8545c19ba051",
        "name": "Modern building",
        "status": "unresolved",
        "category": null,
        "categories": [
          {
            "category": "blast",
            "coverage": 0.18052052368159707
          }
        ],
        "mixedCategories": [],
        "coverage": 0.18052052368159707,
        "excludedCoverage": 0,
        "unclassifiedCoverage": 0.8194794763184029,
        "outsideSelectionCoverage": 0,
        "relationship": "site-overlap-unverified",
        "historicallyVerified": false,
        "review": {
          "status": "unreviewed",
          "note": ""
        }
      }
    },
    {
      "type": "Feature",
      "id": "overture:9e1165c0-7bc9-446c-8581-f8702e69a51f:37a1c6542d0856eb",
      "geometry": {
        "type": "MultiPolygon",
        "coordinates": [
          [
            [
              [
                -0.1399367,
                51.4886695
              ],
              [
                -0.1398942,
                51.4886492
              ],
              [
                -0.1398633,
                51.4886743
              ],
              [
                -0.1398386,
                51.4886626
              ],
              [
                -0.1397277,
                51.4887527
              ],
              [
                -0.1397706,
                51.4887732
              ],
              [
                -0.1397492,
                51.4887906
              ],
              [
                -0.1397733,
                51.4888022
              ],
              [
                -0.1397948,
                51.4887847
              ],
              [
                -0.1399077,
                51.488693
              ],
              [
                -0.1399367,
                51.4886695
              ]
            ]
          ]
        ]
      },
      "properties": {
        "componentId": "overture:9e1165c0-7bc9-446c-8581-f8702e69a51f:37a1c6542d0856eb",
        "buildingId": "9e1165c0-7bc9-446c-8581-f8702e69a51f",
        "name": "Modern building",
        "status": "unresolved",
        "category": null,
        "categories": [],
        "mixedCategories": [],
        "coverage": 0,
        "excludedCoverage": 0,
        "unclassifiedCoverage": 0.3394146862153951,
        "outsideSelectionCoverage": 0.6605853137846049,
        "relationship": "site-overlap-unverified",
        "historicallyVerified": false,
        "review": {
          "status": "unreviewed",
          "note": ""
        }
      }
    },
    {
      "type": "Feature",
      "id": "overture:a37353db-6983-493e-804e-33e6491ef7cf:7892bf8ba6e3d885",
      "geometry": {
        "type": "MultiPolygon",
        "coordinates": [
          [
            [
              [
                -0.141579,
                51.488603
              ],
              [
                -0.1414788,
                51.4885566
              ],
              [
                -0.1413949,
                51.4886268
              ],
              [
                -0.1408938,
                51.4883897
              ],
              [
                -0.1409807,
                51.488317
              ],
              [
                -0.1409062,
                51.4882825
              ],
              [
                -0.1406508,
                51.4884961
              ],
              [
                -0.1407253,
                51.4885306
              ],
              [
                -0.1408135,
                51.4884569
              ],
              [
                -0.1413146,
                51.4886939
              ],
              [
                -0.1412508,
                51.4887472
              ],
              [
                -0.141351,
                51.4887937
              ],
              [
                -0.1414142,
                51.4887408
              ],
              [
                -0.1413899,
                51.4887296
              ],
              [
                -0.1414884,
                51.4886472
              ],
              [
                -0.1415127,
                51.4886584
              ],
              [
                -0.141579,
                51.488603
              ]
            ]
          ]
        ]
      },
      "properties": {
        "componentId": "overture:a37353db-6983-493e-804e-33e6491ef7cf:7892bf8ba6e3d885",
        "buildingId": "a37353db-6983-493e-804e-33e6491ef7cf",
        "name": "Russell House",
        "status": "mixed",
        "category": null,
        "categories": [
          {
            "category": "blast",
            "coverage": 0.290215634377012
          },
          {
            "category": "beyond-repair",
            "coverage": 0.13704689851489044
          },
          {
            "category": "destroyed",
            "coverage": 0.0055255864355596975
          }
        ],
        "mixedCategories": [
          "blast",
          "beyond-repair"
        ],
        "coverage": 0.4327881193274621,
        "excludedCoverage": 0,
        "unclassifiedCoverage": 0.5672118806727544,
        "outsideSelectionCoverage": 0,
        "relationship": "rebuilt-site",
        "historicallyVerified": false,
        "review": {
          "status": "unreviewed",
          "note": ""
        }
      }
    },
    {
      "type": "Feature",
      "id": "overture:b4f7a20c-c93c-4859-9048-5c77e0a60adb:909cd20b339b4100",
      "geometry": {
        "type": "MultiPolygon",
        "coordinates": [
          [
            [
              [
                -0.1422869,
                51.4883509
              ],
              [
                -0.1421377,
                51.48828
              ],
              [
                -0.1420563,
                51.4883469
              ],
              [
                -0.1420028,
                51.4883946
              ],
              [
                -0.1418383,
                51.488524
              ],
              [
                -0.1419871,
                51.4885949
              ],
              [
                -0.1422869,
                51.4883509
              ]
            ]
          ]
        ]
      },
      "properties": {
        "componentId": "overture:b4f7a20c-c93c-4859-9048-5c77e0a60adb:909cd20b339b4100",
        "buildingId": "b4f7a20c-c93c-4859-9048-5c77e0a60adb",
        "name": "Modern building",
        "status": "unresolved",
        "category": null,
        "categories": [
          {
            "category": "repairable",
            "coverage": 0.19550288755906844
          },
          {
            "category": "blast",
            "coverage": 0.19050058862888075
          }
        ],
        "mixedCategories": [],
        "coverage": 0.38600347618794917,
        "excludedCoverage": 0,
        "unclassifiedCoverage": 0.6139965238120508,
        "outsideSelectionCoverage": 0,
        "relationship": "site-overlap-unverified",
        "historicallyVerified": false,
        "review": {
          "status": "unreviewed",
          "note": ""
        }
      }
    },
    {
      "type": "Feature",
      "id": "overture:b69e8088-1422-4ba5-aa4a-40f7b61706c2:927fe8f8503252c1",
      "geometry": {
        "type": "MultiPolygon",
        "coordinates": [
          [
            [
              [
                -0.1421377,
                51.48828
              ],
              [
                -0.1414659,
                51.4879644
              ],
              [
                -0.1413963,
                51.4880371
              ],
              [
                -0.1420563,
                51.4883469
              ],
              [
                -0.1421377,
                51.48828
              ]
            ]
          ]
        ]
      },
      "properties": {
        "componentId": "overture:b69e8088-1422-4ba5-aa4a-40f7b61706c2:927fe8f8503252c1",
        "buildingId": "b69e8088-1422-4ba5-aa4a-40f7b61706c2",
        "name": "Modern building",
        "status": "unresolved",
        "category": null,
        "categories": [
          {
            "category": "blast",
            "coverage": 0.0015292164365395676
          }
        ],
        "mixedCategories": [],
        "coverage": 0.0015292164365395676,
        "excludedCoverage": 0.3100716868232225,
        "unclassifiedCoverage": 0.6883990967399167,
        "outsideSelectionCoverage": 3.211875210240578e-13,
        "relationship": "site-overlap-unverified",
        "historicallyVerified": false,
        "review": {
          "status": "unreviewed",
          "note": ""
        }
      }
    },
    {
      "type": "Feature",
      "id": "overture:bf235a23-f7f9-4528-b976-bc19ab4eb6c3:ff387000b8fc9dc0",
      "geometry": {
        "type": "MultiPolygon",
        "coordinates": [
          [
            [
              [
                -0.1429487,
                51.4893989
              ],
              [
                -0.1428981,
                51.489375
              ],
              [
                -0.1428229,
                51.4894368
              ],
              [
                -0.1419048,
                51.4890034
              ],
              [
                -0.1419772,
                51.4889439
              ],
              [
                -0.1420108,
                51.4889598
              ],
              [
                -0.1421704,
                51.4888286
              ],
              [
                -0.1420603,
                51.4887766
              ],
              [
                -0.1417874,
                51.4890008
              ],
              [
                -0.1417512,
                51.4890306
              ],
              [
                -0.1425635,
                51.489414
              ],
              [
                -0.1427964,
                51.4895239
              ],
              [
                -0.1428294,
                51.4894968
              ],
              [
                -0.1429487,
                51.4893989
              ]
            ]
          ]
        ]
      },
      "properties": {
        "componentId": "overture:bf235a23-f7f9-4528-b976-bc19ab4eb6c3:ff387000b8fc9dc0",
        "buildingId": "bf235a23-f7f9-4528-b976-bc19ab4eb6c3",
        "name": "Modern building",
        "status": "unresolved",
        "category": null,
        "categories": [
          {
            "category": "blast",
            "coverage": 0.2821945575474078
          }
        ],
        "mixedCategories": [],
        "coverage": 0.2821945575474078,
        "excludedCoverage": 0,
        "unclassifiedCoverage": 0.35539014747103076,
        "outsideSelectionCoverage": 0.36241529498156144,
        "relationship": "site-overlap-unverified",
        "historicallyVerified": false,
        "review": {
          "status": "unreviewed",
          "note": ""
        }
      }
    },
    {
      "type": "Feature",
      "id": "overture:c61e05d1-f483-42e7-ad60-a8ba6893d3d0:dc7040aa70f2767c",
      "geometry": {
        "type": "MultiPolygon",
        "coordinates": [
          [
            [
              [
                -0.1401894,
                51.4885493
              ],
              [
                -0.1401348,
                51.4885232
              ],
              [
                -0.1401454,
                51.4885146
              ],
              [
                -0.1401204,
                51.4885027
              ],
              [
                -0.1401092,
                51.4885118
              ],
              [
                -0.1400388,
                51.4884782
              ],
              [
                -0.1400504,
                51.4884687
              ],
              [
                -0.1399939,
                51.4884418
              ],
              [
                -0.1399816,
                51.4884517
              ],
              [
                -0.1399319,
                51.4884922
              ],
              [
                -0.1399713,
                51.488511
              ],
              [
                -0.1399941,
                51.4884924
              ],
              [
                -0.1400275,
                51.4885084
              ],
              [
                -0.140003,
                51.4885282
              ],
              [
                -0.1401368,
                51.4885921
              ],
              [
                -0.1401894,
                51.4885493
              ]
            ]
          ]
        ]
      },
      "properties": {
        "componentId": "overture:c61e05d1-f483-42e7-ad60-a8ba6893d3d0:dc7040aa70f2767c",
        "buildingId": "c61e05d1-f483-42e7-ad60-a8ba6893d3d0",
        "name": "Modern building",
        "status": "unresolved",
        "category": null,
        "categories": [
          {
            "category": "blast",
            "coverage": 0.00874192225725101
          }
        ],
        "mixedCategories": [],
        "coverage": 0.00874192225725101,
        "excludedCoverage": 0,
        "unclassifiedCoverage": 0.991258077742749,
        "outsideSelectionCoverage": 0,
        "relationship": "site-overlap-unverified",
        "historicallyVerified": false,
        "review": {
          "status": "unreviewed",
          "note": ""
        }
      }
    },
    {
      "type": "Feature",
      "id": "overture:cddbfc23-3a95-48d5-89f0-38bf0e6a4150:4682d213a042ebed",
      "geometry": {
        "type": "MultiPolygon",
        "coordinates": [
          [
            [
              [
                -0.1409488,
                51.487913
              ],
              [
                -0.140943,
                51.4878985
              ],
              [
                -0.1409096,
                51.4878902
              ],
              [
                -0.1406444,
                51.487927
              ],
              [
                -0.1406328,
                51.48794
              ],
              [
                -0.1406369,
                51.4879587
              ],
              [
                -0.1408062,
                51.4880382
              ],
              [
                -0.1409413,
                51.4879338
              ],
              [
                -0.1409488,
                51.487913
              ]
            ]
          ]
        ]
      },
      "properties": {
        "componentId": "overture:cddbfc23-3a95-48d5-89f0-38bf0e6a4150:4682d213a042ebed",
        "buildingId": "cddbfc23-3a95-48d5-89f0-38bf0e6a4150",
        "name": "Modern building",
        "status": "unresolved",
        "category": null,
        "categories": [],
        "mixedCategories": [],
        "coverage": 0,
        "excludedCoverage": 1,
        "unclassifiedCoverage": 0,
        "outsideSelectionCoverage": 0,
        "relationship": "site-overlap-unverified",
        "historicallyVerified": false,
        "review": {
          "status": "unreviewed",
          "note": ""
        }
      }
    },
    {
      "type": "Feature",
      "id": "overture:ce48904a-9e2a-44aa-87a9-2c7dedd98f94:edad8f1873a4e4b7",
      "geometry": {
        "type": "MultiPolygon",
        "coordinates": [
          [
            [
              [
                -0.1402744,
                51.4888091
              ],
              [
                -0.1402121,
                51.4887797
              ],
              [
                -0.1402324,
                51.4887631
              ],
              [
                -0.1402085,
                51.4887518
              ],
              [
                -0.1401243,
                51.4888209
              ],
              [
                -0.1401432,
                51.4888298
              ],
              [
                -0.1401266,
                51.4888434
              ],
              [
                -0.1401083,
                51.4888348
              ],
              [
                -0.1400868,
                51.4888524
              ],
              [
                -0.1400998,
                51.4888585
              ],
              [
                -0.1400448,
                51.4889036
              ],
              [
                -0.1401173,
                51.4889379
              ],
              [
                -0.1402621,
                51.4888192
              ],
              [
                -0.1402744,
                51.4888091
              ]
            ]
          ]
        ]
      },
      "properties": {
        "componentId": "overture:ce48904a-9e2a-44aa-87a9-2c7dedd98f94:edad8f1873a4e4b7",
        "buildingId": "ce48904a-9e2a-44aa-87a9-2c7dedd98f94",
        "name": "Crossway House",
        "status": "unresolved",
        "category": null,
        "categories": [
          {
            "category": "blast",
            "coverage": 0.14932949099280887
          }
        ],
        "mixedCategories": [],
        "coverage": 0.14932949099280887,
        "excludedCoverage": 0,
        "unclassifiedCoverage": 0.8506705090071911,
        "outsideSelectionCoverage": 0,
        "relationship": "site-overlap-unverified",
        "historicallyVerified": false,
        "review": {
          "status": "unreviewed",
          "note": ""
        }
      }
    },
    {
      "type": "Feature",
      "id": "overture:db00c336-99f9-44ec-808b-7a632af944e1:2d5013690b2cc3bf",
      "geometry": {
        "type": "MultiPolygon",
        "coordinates": [
          [
            [
              [
                -0.1426299,
                51.4885014
              ],
              [
                -0.1424926,
                51.4884324
              ],
              [
                -0.1421875,
                51.4886747
              ],
              [
                -0.1423217,
                51.4887427
              ],
              [
                -0.1424287,
                51.4886589
              ],
              [
                -0.1425194,
                51.4885878
              ],
              [
                -0.1426299,
                51.4885014
              ]
            ]
          ]
        ]
      },
      "properties": {
        "componentId": "overture:db00c336-99f9-44ec-808b-7a632af944e1:2d5013690b2cc3bf",
        "buildingId": "db00c336-99f9-44ec-808b-7a632af944e1",
        "name": "Modern building",
        "status": "unresolved",
        "category": null,
        "categories": [
          {
            "category": "blast",
            "coverage": 0.018031509400424525
          }
        ],
        "mixedCategories": [],
        "coverage": 0.018031509400424525,
        "excludedCoverage": 0,
        "unclassifiedCoverage": 0.4242678240735454,
        "outsideSelectionCoverage": 0.55770066652603,
        "relationship": "site-overlap-unverified",
        "historicallyVerified": false,
        "review": {
          "status": "unreviewed",
          "note": ""
        }
      }
    },
    {
      "type": "Feature",
      "id": "overture:f0f0b4dc-5a73-4bfa-b738-718fa3df0bcc:d129b09a41a3e874",
      "geometry": {
        "type": "MultiPolygon",
        "coordinates": [
          [
            [
              [
                -0.1399816,
                51.4884517
              ],
              [
                -0.1393315,
                51.4881343
              ],
              [
                -0.139279,
                51.4881041
              ],
              [
                -0.1386347,
                51.4881924
              ],
              [
                -0.1386222,
                51.488219
              ],
              [
                -0.1394036,
                51.4885994
              ],
              [
                -0.1395265,
                51.4884996
              ],
              [
                -0.1390737,
                51.4882811
              ],
              [
                -0.1390185,
                51.4883201
              ],
              [
                -0.1388266,
                51.4882299
              ],
              [
                -0.1388079,
                51.488248
              ],
              [
                -0.138762,
                51.488224
              ],
              [
                -0.1390497,
                51.4881903
              ],
              [
                -0.1390602,
                51.4882247
              ],
              [
                -0.1392495,
                51.4882006
              ],
              [
                -0.1399056,
                51.4885154
              ],
              [
                -0.1399319,
                51.4884922
              ],
              [
                -0.1399816,
                51.4884517
              ]
            ]
          ]
        ]
      },
      "properties": {
        "componentId": "overture:f0f0b4dc-5a73-4bfa-b738-718fa3df0bcc:d129b09a41a3e874",
        "buildingId": "f0f0b4dc-5a73-4bfa-b738-718fa3df0bcc",
        "name": "Modern building",
        "status": "unresolved",
        "category": null,
        "categories": [
          {
            "category": "blast",
            "coverage": 0.019142664986544534
          }
        ],
        "mixedCategories": [],
        "coverage": 0.019142664986544534,
        "excludedCoverage": 0,
        "unclassifiedCoverage": 0.02683625125143105,
        "outsideSelectionCoverage": 0.9540210837620244,
        "relationship": "site-overlap-unverified",
        "historicallyVerified": false,
        "review": {
          "status": "unreviewed",
          "note": ""
        }
      }
    },
    {
      "type": "Feature",
      "id": "overture:f1e262cb-5454-49a4-8146-22a339b1ba28:68b2ae8ae14173a0",
      "geometry": {
        "type": "MultiPolygon",
        "coordinates": [
          [
            [
              [
                -0.1406829,
                51.4881192
              ],
              [
                -0.1403099,
                51.4879417
              ],
              [
                -0.1396614,
                51.4880179
              ],
              [
                -0.1396631,
                51.4880554
              ],
              [
                -0.1403653,
                51.4883819
              ],
              [
                -0.1406829,
                51.4881192
              ]
            ]
          ]
        ]
      },
      "properties": {
        "componentId": "overture:f1e262cb-5454-49a4-8146-22a339b1ba28:68b2ae8ae14173a0",
        "buildingId": "f1e262cb-5454-49a4-8146-22a339b1ba28",
        "name": "Modern building",
        "status": "unresolved",
        "category": null,
        "categories": [
          {
            "category": "blast",
            "coverage": 0.14970800595760347
          },
          {
            "category": "beyond-repair",
            "coverage": 0.052506089529133444
          },
          {
            "category": "repairable",
            "coverage": 0.048543109510456844
          },
          {
            "category": "doubtful",
            "coverage": 0.0032925821258484454
          }
        ],
        "mixedCategories": [],
        "coverage": 0.2540497871230422,
        "excludedCoverage": 0.3261708926792389,
        "unclassifiedCoverage": 0.3422069824912774,
        "outsideSelectionCoverage": 0.07757233770644156,
        "relationship": "site-overlap-unverified",
        "historicallyVerified": false,
        "review": {
          "status": "unreviewed",
          "note": ""
        }
      }
    }
  ]
}